{"type":"FeatureCollection","name":"flaechen","features":[{"type":"Feature","id":"flaechen-1","geometry":{"type":"Polygon","coordinates":[[[11.281875,51.324437],[11.281622,51.324055],[11.281012,51.323897],[11.280403,51.324055],[11.28015,51.324437],[11.280403,51.324818],[11.281012,51.324976],[11.281622,51.324818],[11.281875,51.324437]]]},"properties":{"nutzung":"Marktplatz","flaeche_m2":10182,"fill":"#d6d3d1","fill-opacity":0.85,"stroke":"#d6d3d1","stroke-width":0.8,"name":"Marktplatz"},"links":[{"href":"http://localhost:8080/collections/flaechen/items/flaechen-1","rel":"self","type":"application/geo+json"}]},{"type":"Feature","id":"flaechen-2","geometry":{"type":"Polygon","coordinates":[[[11.285533,51.324672],[11.285624,51.324702],[11.285629,51.324704],[11.285634,51.324706],[11.285639,51.324708],[11.285643,51.324711],[11.285647,51.324715],[11.28565,51.324718],[11.285653,51.324722],[11.285655,51.324725],[11.285657,51.324729],[11.285658,51.324733],[11.285658,51.324737],[11.285661,51.324909],[11.285892,51.324937],[11.286417,51.324994],[11.286448,51.324962],[11.286866,51.324464],[11.285929,51.324182],[11.285533,51.324672]]]},"properties":{"nutzung":"Schulhof","flaeche_m2":5157,"fill":"#e7e5e4","fill-opacity":0.6,"stroke":"#e7e5e4","stroke-width":0.8,"name":"Schule"},"links":[{"href":"http://localhost:8080/collections/flaechen/items/flaechen-2","rel":"self","type":"application/geo+json"}]},{"type":"Feature","id":"flaechen-3","geometry":{"type":"Polygon","coordinates":[[[11.275761,51.321238],[11.275846,51.32117],[11.275848,51.321169],[11.276425,51.320753],[11.275973,51.320506],[11.275472,51.32025],[11.275127,51.320511],[11.27482,51.320765],[11.275069,51.320884],[11.275071,51.320885],[11.275761,51.321238]]]},"properties":{"nutzung":"Friedhof","flaeche_m2":6176,"fill":"#a7f3d0","fill-opacity":0.6,"stroke":"#a7f3d0","stroke-width":0.8,"name":"Friedhof"},"links":[{"href":"http://localhost:8080/collections/flaechen/items/flaechen-3","rel":"self","type":"application/geo+json"}]},{"type":"Feature","id":"flaechen-4","geometry":{"type":"Polygon","coordinates":[[[11.282037,51.319631],[11.282593,51.319193],[11.282535,51.319167],[11.282533,51.319166],[11.281907,51.318856],[11.281613,51.319091],[11.281611,51.319092],[11.281209,51.319377],[11.281878,51.319745],[11.282037,51.319631]]]},"properties":{"nutzung":"Park","flaeche_m2":4719,"fill":"#86efac","fill-opacity":0.6,"stroke":"#86efac","stroke-width":0.8,"name":"Schillerpark"},"links":[{"href":"http://localhost:8080/collections/flaechen/items/flaechen-4","rel":"self","type":"application/geo+json"}]},{"type":"Feature","id":"flaechen-5","geometry":{"type":"Polygon","coordinates":[[[11.289615,51.322651],[11.288601,51.322357],[11.288299,51.322777],[11.289313,51.323057],[11.289615,51.322651]]]},"properties":{"nutzung":"Obstwiese","flaeche_m2":3909,"fill":"#bbf7d0","fill-opacity":0.5,"stroke":"#bbf7d0","stroke-width":0.8},"links":[{"href":"http://localhost:8080/collections/flaechen/items/flaechen-5","rel":"self","type":"application/geo+json"}]},{"type":"Feature","id":"flaechen-6","geometry":{"type":"Polygon","coordinates":[[[11.284682,51.319371],[11.284206,51.319817],[11.284961,51.320131],[11.285069,51.32017],[11.285532,51.319707],[11.284696,51.319377],[11.284693,51.319376],[11.284682,51.319371]]]},"properties":{"nutzung":"Park","flaeche_m2":4281,"fill":"#86efac","fill-opacity":0.6,"stroke":"#86efac","stroke-width":0.8,"name":"Volkspark"},"links":[{"href":"http://localhost:8080/collections/flaechen/items/flaechen-6","rel":"self","type":"application/geo+json"}]},{"type":"Feature","id":"flaechen-7","geometry":{"type":"Polygon","coordinates":[[[11.289263,51.324306],[11.289269,51.324308],[11.28931,51.324321],[11.289744,51.323753],[11.289417,51.323655],[11.289149,51.323607],[11.289003,51.324244],[11.289263,51.324306]]]},"properties":{"nutzung":"Kleingärten","flaeche_m2":2392,"fill":"#a3e635","fill-opacity":0.4,"stroke":"#a3e635","stroke-width":0.8},"links":[{"href":"http://localhost:8080/collections/flaechen/items/flaechen-7","rel":"self","type":"application/geo+json"}]},{"type":"Feature","id":"flaechen-8","geometry":{"type":"Polygon","coordinates":[[[11.280612,51.318961],[11.28054,51.31901],[11.281112,51.319324],[11.281513,51.31904],[11.281805,51.318806],[11.281271,51.318541],[11.28127,51.318541],[11.281217,51.318514],[11.281211,51.318519],[11.281209,51.31852],[11.280614,51.318959],[11.280612,51.318961]]]},"properties":{"nutzung":"Kleingärten","flaeche_m2":3912,"fill":"#a3e635","fill-opacity":0.4,"stroke":"#a3e635","stroke-width":0.8},"links":[{"href":"http://localhost:8080/collections/flaechen/items/flaechen-8","rel":"self","type":"application/geo+json"}]},{"type":"Feature","id":"flaechen-9","geometry":{"type":"Polygon","coordinates":[[[11.289889,51.325003],[11.290154,51.324677],[11.290033,51.324637],[11.289499,51.32447],[11.289458,51.324524],[11.289455,51.324527],[11.289177,51.324853],[11.289668,51.325015],[11.289668,51.325015],[11.28983,51.32507],[11.289889,51.325003]]]},"properties":{"nutzung":"Obstwiese","flaeche_m2":2497,"fill":"#bbf7d0","fill-opacity":0.5,"stroke":"#bbf7d0","stroke-width":0.8},"links":[{"href":"http://localhost:8080/collections/flaechen/items/flaechen-9","rel":"self","type":"application/geo+json"}]},{"type":"Feature","id":"flaechen-10","geometry":{"type":"Polygon","coordinates":[[[11.289458,51.323578],[11.289463,51.323579],[11.289468,51.32358],[11.2898,51.32368],[11.290046,51.323357],[11.289605,51.323226],[11.289376,51.323163],[11.289133,51.32349],[11.289134,51.323491],[11.289142,51.323498],[11.289148,51.323505],[11.289154,51.323513],[11.289158,51.323521],[11.289159,51.323525],[11.289458,51.323578]]]},"properties":{"nutzung":"Wiese","flaeche_m2":2075,"fill":"#bef264","fill-opacity":0.45,"stroke":"#bef264","stroke-width":0.8},"links":[{"href":"http://localhost:8080/collections/flaechen/items/flaechen-10","rel":"self","type":"application/geo+json"}]},{"type":"Feature","id":"flaechen-11","geometry":{"type":"Polygon","coordinates":[[[11.290249,51.32621],[11.289276,51.325845],[11.288844,51.326285],[11.288842,51.326287],[11.288617,51.32649],[11.289553,51.32689],[11.289971,51.326498],[11.290249,51.32621]]]},"properties":{"nutzung":"Klinikgelände","flaeche_m2":6906,"fill":"#fee2e2","fill-opacity":0.6,"stroke":"#fee2e2","stroke-width":0.8,"name":"Krankenhaus"},"links":[{"href":"http://localhost:8080/collections/flaechen/items/flaechen-11","rel":"self","type":"application/geo+json"}]},{"type":"Feature","id":"flaechen-12","geometry":{"type":"Polygon","coordinates":[[[11.27992,51.319262],[11.280312,51.318993],[11.279695,51.318654],[11.27932,51.318915],[11.27992,51.319262]]]},"properties":{"nutzung":"Wiese","flaeche_m2":2266,"fill":"#bef264","fill-opacity":0.45,"stroke":"#bef264","stroke-width":0.8},"links":[{"href":"http://localhost:8080/collections/flaechen/items/flaechen-12","rel":"self","type":"application/geo+json"}]},{"type":"Feature","id":"flaechen-13","geometry":{"type":"Polygon","coordinates":[[[11.290158,51.321921],[11.289163,51.321613],[11.28875,51.32215],[11.288654,51.322283],[11.289669,51.322578],[11.290158,51.321921]]]},"properties":{"nutzung":"Wiese","flaeche_m2":6342,"fill":"#bef264","fill-opacity":0.45,"stroke":"#bef264","stroke-width":0.8},"links":[{"href":"http://localhost:8080/collections/flaechen/items/flaechen-13","rel":"self","type":"application/geo+json"}]},{"type":"Feature","id":"flaechen-14","geometry":{"type":"Polygon","coordinates":[[[11.278485,51.31909],[11.277676,51.318634],[11.277428,51.318812],[11.278328,51.319315],[11.27833,51.319317],[11.278442,51.319386],[11.278697,51.319217],[11.278485,51.31909]]]},"properties":{"nutzung":"Wiese","flaeche_m2":2493,"fill":"#bef264","fill-opacity":0.45,"stroke":"#bef264","stroke-width":0.8},"links":[{"href":"http://localhost:8080/collections/flaechen/items/flaechen-14","rel":"self","type":"application/geo+json"}]},{"type":"Feature","id":"flaechen-15","geometry":{"type":"Polygon","coordinates":[[[11.290566,51.324171],[11.290674,51.324033],[11.28999,51.323827],[11.289555,51.324397],[11.290092,51.324565],[11.290093,51.324565],[11.290213,51.324605],[11.290566,51.324171]]]},"properties":{"nutzung":"Obstwiese","flaeche_m2":3684,"fill":"#bbf7d0","fill-opacity":0.5,"stroke":"#bbf7d0","stroke-width":0.8},"links":[{"href":"http://localhost:8080/collections/flaechen/items/flaechen-15","rel":"self","type":"application/geo+json"}]},{"type":"Feature","id":"flaechen-16","geometry":{"type":"Polygon","coordinates":[[[11.28462,51.330353],[11.285532,51.329777],[11.285471,51.329739],[11.285469,51.329738],[11.284708,51.329249],[11.283781,51.329827],[11.284038,51.329994],[11.28462,51.330353]]]},"properties":{"nutzung":"Kleingärten","flaeche_m2":7480,"fill":"#a3e635","fill-opacity":0.4,"stroke":"#a3e635","stroke-width":0.8},"links":[{"href":"http://localhost:8080/collections/flaechen/items/flaechen-16","rel":"self","type":"application/geo+json"}]},{"type":"Feature","id":"flaechen-17","geometry":{"type":"Polygon","coordinates":[[[11.290623,51.325822],[11.290795,51.325627],[11.289698,51.325523],[11.289695,51.325523],[11.289588,51.325511],[11.289447,51.325671],[11.289445,51.325672],[11.289343,51.325776],[11.290316,51.32614],[11.290623,51.325822]]]},"properties":{"nutzung":"Wiese","flaeche_m2":3960,"fill":"#bef264","fill-opacity":0.45,"stroke":"#bef264","stroke-width":0.8},"links":[{"href":"http://localhost:8080/collections/flaechen/items/flaechen-17","rel":"self","type":"application/geo+json"}]},{"type":"Feature","id":"flaechen-18","geometry":{"type":"Polygon","coordinates":[[[11.282671,51.319129],[11.283162,51.318712],[11.282482,51.318396],[11.281986,51.318792],[11.282613,51.319102],[11.282671,51.319129]]]},"properties":{"nutzung":"Obstwiese","flaeche_m2":3397,"fill":"#bbf7d0","fill-opacity":0.5,"stroke":"#bbf7d0","stroke-width":0.8},"links":[{"href":"http://localhost:8080/collections/flaechen/items/flaechen-18","rel":"self","type":"application/geo+json"}]},{"type":"Feature","id":"flaechen-19","geometry":{"type":"Polygon","coordinates":[[[11.290409,51.322882],[11.289732,51.322685],[11.289431,51.32309],[11.289658,51.323152],[11.28966,51.323153],[11.290102,51.323284],[11.290409,51.322882]]]},"properties":{"nutzung":"Obstwiese","flaeche_m2":2557,"fill":"#bbf7d0","fill-opacity":0.5,"stroke":"#bbf7d0","stroke-width":0.8},"links":[{"href":"http://localhost:8080/collections/flaechen/items/flaechen-19","rel":"self","type":"application/geo+json"}]},{"type":"Feature","id":"flaechen-20","geometry":{"type":"Polygon","coordinates":[[[11.28928,51.321193],[11.289282,51.32119],[11.289399,51.321055],[11.288573,51.320794],[11.288571,51.320793],[11.288429,51.320745],[11.288259,51.32094],[11.28807,51.321186],[11.289052,51.321489],[11.28928,51.321193]]]},"properties":{"nutzung":"Obstwiese","flaeche_m2":4133,"fill":"#bbf7d0","fill-opacity":0.5,"stroke":"#bbf7d0","stroke-width":0.8},"links":[{"href":"http://localhost:8080/collections/flaechen/items/flaechen-20","rel":"self","type":"application/geo+json"}]},{"type":"Feature","id":"flaechen-21","geometry":{"type":"Polygon","coordinates":[[[11.281066,51.318446],[11.281073,51.31844],[11.280436,51.318114],[11.280051,51.318406],[11.280049,51.318407],[11.279781,51.318594],[11.2804,51.318933],[11.280473,51.318883],[11.281066,51.318446]]]},"properties":{"nutzung":"Wiese","flaeche_m2":4058,"fill":"#bef264","fill-opacity":0.45,"stroke":"#bef264","stroke-width":0.8},"links":[{"href":"http://localhost:8080/collections/flaechen/items/flaechen-21","rel":"self","type":"application/geo+json"}]},{"type":"Feature","id":"flaechen-22","geometry":{"type":"Polygon","coordinates":[[[11.278884,51.319092],[11.279032,51.318994],[11.279139,51.31892],[11.278717,51.318676],[11.27809,51.318337],[11.277856,51.318506],[11.278669,51.318964],[11.278672,51.318966],[11.278884,51.319092]]]},"properties":{"nutzung":"Obstwiese","flaeche_m2":2493,"fill":"#bbf7d0","fill-opacity":0.5,"stroke":"#bbf7d0","stroke-width":0.8},"links":[{"href":"http://localhost:8080/collections/flaechen/items/flaechen-22","rel":"self","type":"application/geo+json"}]},{"type":"Feature","id":"flaechen-23","geometry":{"type":"Polygon","coordinates":[[[11.289881,51.325179],[11.289727,51.325353],[11.28974,51.325354],[11.290247,51.325403],[11.290274,51.325311],[11.289881,51.325179]]]},"properties":{"nutzung":"Kleingärten","flaeche_m2":534,"fill":"#a3e635","fill-opacity":0.4,"stroke":"#a3e635","stroke-width":0.8},"links":[{"href":"http://localhost:8080/collections/flaechen/items/flaechen-23","rel":"self","type":"application/geo+json"}]},{"type":"Feature","id":"flaechen-24","geometry":{"type":"Polygon","coordinates":[[[11.282835,51.330302],[11.28229,51.329949],[11.281552,51.330385],[11.282113,51.330753],[11.282835,51.330302]]]},"properties":{"nutzung":"Wiese","flaeche_m2":3933,"fill":"#bef264","fill-opacity":0.45,"stroke":"#bef264","stroke-width":0.8},"links":[{"href":"http://localhost:8080/collections/flaechen/items/flaechen-24","rel":"self","type":"application/geo+json"}]},{"type":"Feature","id":"flaechen-25","geometry":{"type":"Polygon","coordinates":[[[11.290935,51.325468],[11.291299,51.325056],[11.290268,51.324715],[11.290004,51.32504],[11.290003,51.325042],[11.289944,51.325108],[11.290377,51.325254],[11.290383,51.325256],[11.290388,51.325258],[11.290392,51.325261],[11.290396,51.325264],[11.2904,51.325267],[11.290403,51.32527],[11.290406,51.325274],[11.290408,51.325277],[11.29041,51.325281],[11.290411,51.325285],[11.290411,51.325289],[11.290411,51.325293],[11.29041,51.325297],[11.290375,51.325415],[11.290935,51.325468]]]},"properties":{"nutzung":"Wiese","flaeche_m2":4362,"fill":"#bef264","fill-opacity":0.45,"stroke":"#bef264","stroke-width":0.8},"links":[{"href":"http://localhost:8080/collections/flaechen/items/flaechen-25","rel":"self","type":"application/geo+json"}]},{"type":"Feature","id":"flaechen-26","geometry":{"type":"Polygon","coordinates":[[[11.290045,51.323754],[11.29073,51.323961],[11.290985,51.323635],[11.290293,51.32343],[11.290045,51.323754]]]},"properties":{"nutzung":"Wiese","flaeche_m2":2131,"fill":"#bef264","fill-opacity":0.45,"stroke":"#bef264","stroke-width":0.8},"links":[{"href":"http://localhost:8080/collections/flaechen/items/flaechen-26","rel":"self","type":"application/geo+json"}]},{"type":"Feature","id":"flaechen-27","geometry":{"type":"Polygon","coordinates":[[[11.278175,51.318276],[11.278803,51.318616],[11.278804,51.318617],[11.279225,51.31886],[11.279598,51.3186],[11.278536,51.318018],[11.278175,51.318276]]]},"properties":{"nutzung":"Wiese","flaeche_m2":3734,"fill":"#bef264","fill-opacity":0.45,"stroke":"#bef264","stroke-width":0.8},"links":[{"href":"http://localhost:8080/collections/flaechen/items/flaechen-27","rel":"self","type":"application/geo+json"}]},{"type":"Feature","id":"flaechen-28","geometry":{"type":"Polygon","coordinates":[[[11.280466,51.330442],[11.280465,51.330443],[11.28013,51.330616],[11.280426,51.330816],[11.281269,51.330318],[11.281063,51.330183],[11.28106,51.330181],[11.281014,51.330146],[11.280466,51.330442]]]},"properties":{"nutzung":"Obstwiese","flaeche_m2":2254,"fill":"#bbf7d0","fill-opacity":0.5,"stroke":"#bbf7d0","stroke-width":0.8},"links":[{"href":"http://localhost:8080/collections/flaechen/items/flaechen-28","rel":"self","type":"application/geo+json"}]},{"type":"Feature","id":"flaechen-29","geometry":{"type":"Polygon","coordinates":[[[11.281779,51.31807],[11.281298,51.318451],[11.281351,51.318478],[11.281885,51.318742],[11.282378,51.318348],[11.281779,51.31807]]]},"properties":{"nutzung":"Wiese","flaeche_m2":2856,"fill":"#bef264","fill-opacity":0.45,"stroke":"#bef264","stroke-width":0.8},"links":[{"href":"http://localhost:8080/collections/flaechen/items/flaechen-29","rel":"self","type":"application/geo+json"}]},{"type":"Feature","id":"flaechen-30","geometry":{"type":"Polygon","coordinates":[[[11.283689,51.329884],[11.283057,51.330278],[11.283337,51.33046],[11.283905,51.330805],[11.284529,51.33041],[11.283947,51.330052],[11.283946,51.330051],[11.283689,51.329884]]]},"properties":{"nutzung":"Wiese","flaeche_m2":5141,"fill":"#bef264","fill-opacity":0.45,"stroke":"#bef264","stroke-width":0.8},"links":[{"href":"http://localhost:8080/collections/flaechen/items/flaechen-30","rel":"self","type":"application/geo+json"}]},{"type":"Feature","id":"flaechen-31","geometry":{"type":"Polygon","coordinates":[[[11.290945,51.322179],[11.290946,51.322179],[11.290955,51.322167],[11.290274,51.321956],[11.289786,51.322612],[11.290465,51.322809],[11.290945,51.322179]]]},"properties":{"nutzung":"Wiese","flaeche_m2":4183,"fill":"#bef264","fill-opacity":0.45,"stroke":"#bef264","stroke-width":0.8},"links":[{"href":"http://localhost:8080/collections/flaechen/items/flaechen-31","rel":"self","type":"application/geo+json"}]},{"type":"Feature","id":"flaechen-32","geometry":{"type":"Polygon","coordinates":[[[11.289655,51.327751],[11.289051,51.327469],[11.288754,51.327719],[11.288752,51.327721],[11.288316,51.32805],[11.288897,51.328358],[11.289487,51.327899],[11.289655,51.327751]]]},"properties":{"nutzung":"Park","flaeche_m2":4426,"fill":"#86efac","fill-opacity":0.6,"stroke":"#86efac","stroke-width":0.8,"name":"Rosengarten"},"links":[{"href":"http://localhost:8080/collections/flaechen/items/flaechen-32","rel":"self","type":"application/geo+json"}]},{"type":"Feature","id":"flaechen-33","geometry":{"type":"Polygon","coordinates":[[[11.291361,51.324985],[11.29184,51.324401],[11.291172,51.324184],[11.29079,51.324069],[11.290682,51.324207],[11.290682,51.324207],[11.290327,51.324643],[11.291361,51.324985]]]},"properties":{"nutzung":"Obstwiese","flaeche_m2":5919,"fill":"#bbf7d0","fill-opacity":0.5,"stroke":"#bbf7d0","stroke-width":0.8},"links":[{"href":"http://localhost:8080/collections/flaechen/items/flaechen-33","rel":"self","type":"application/geo+json"}]},{"type":"Feature","id":"flaechen-34","geometry":{"type":"Polygon","coordinates":[[[11.287719,51.32037],[11.288405,51.320604],[11.288631,51.320345],[11.288329,51.320243],[11.288326,51.320242],[11.287958,51.320105],[11.287825,51.320244],[11.287719,51.32037]]]},"properties":{"nutzung":"Kleingärten","flaeche_m2":1794,"fill":"#a3e635","fill-opacity":0.4,"stroke":"#a3e635","stroke-width":0.8},"links":[{"href":"http://localhost:8080/collections/flaechen/items/flaechen-34","rel":"self","type":"application/geo+json"}]},{"type":"Feature","id":"flaechen-35","geometry":{"type":"Polygon","coordinates":[[[11.284236,51.318641],[11.283667,51.318405],[11.283375,51.318665],[11.283565,51.318753],[11.283939,51.318913],[11.284236,51.318641]]]},"properties":{"nutzung":"Obstwiese","flaeche_m2":1727,"fill":"#bbf7d0","fill-opacity":0.5,"stroke":"#bbf7d0","stroke-width":0.8},"links":[{"href":"http://localhost:8080/collections/flaechen/items/flaechen-35","rel":"self","type":"application/geo+json"}]},{"type":"Feature","id":"flaechen-36","geometry":{"type":"Polygon","coordinates":[[[11.277246,51.318819],[11.2767,51.318514],[11.276578,51.318452],[11.275999,51.31889],[11.2761,51.318941],[11.276102,51.318942],[11.276658,51.319241],[11.277246,51.318819]]]},"properties":{"nutzung":"Wiese","flaeche_m2":3838,"fill":"#bef264","fill-opacity":0.45,"stroke":"#bef264","stroke-width":0.8},"links":[{"href":"http://localhost:8080/collections/flaechen/items/flaechen-36","rel":"self","type":"application/geo+json"}]},{"type":"Feature","id":"flaechen-37","geometry":{"type":"Polygon","coordinates":[[[11.290232,51.321822],[11.290232,51.321821],[11.290556,51.32142],[11.289566,51.321107],[11.289447,51.321245],[11.289219,51.32154],[11.290213,51.321847],[11.290232,51.321822]]]},"properties":{"nutzung":"Kleingärten","flaeche_m2":4142,"fill":"#a3e635","fill-opacity":0.4,"stroke":"#a3e635","stroke-width":0.8},"links":[{"href":"http://localhost:8080/collections/flaechen/items/flaechen-37","rel":"self","type":"application/geo+json"}]},{"type":"Feature","id":"flaechen-38","geometry":{"type":"Polygon","coordinates":[[[11.291358,51.323158],[11.291295,51.323138],[11.290657,51.322953],[11.290349,51.323357],[11.291042,51.323563],[11.291358,51.323158]]]},"properties":{"nutzung":"Wiese","flaeche_m2":2681,"fill":"#bef264","fill-opacity":0.45,"stroke":"#bef264","stroke-width":0.8},"links":[{"href":"http://localhost:8080/collections/flaechen/items/flaechen-38","rel":"self","type":"application/geo+json"}]},{"type":"Feature","id":"flaechen-39","geometry":{"type":"Polygon","coordinates":[[[11.270925,51.32543],[11.27108,51.325313],[11.271528,51.324946],[11.270946,51.324676],[11.270944,51.324675],[11.270506,51.324463],[11.269929,51.324923],[11.270925,51.32543]]]},"properties":{"nutzung":"Park","flaeche_m2":5943,"fill":"#86efac","fill-opacity":0.6,"stroke":"#86efac","stroke-width":0.8,"name":"Stadtpark"},"links":[{"href":"http://localhost:8080/collections/flaechen/items/flaechen-39","rel":"self","type":"application/geo+json"}]},{"type":"Feature","id":"flaechen-40","geometry":{"type":"Polygon","coordinates":[[[11.278621,51.317957],[11.279684,51.31854],[11.279952,51.318354],[11.280336,51.318063],[11.27924,51.317501],[11.279017,51.317673],[11.279016,51.317674],[11.278621,51.317957]]]},"properties":{"nutzung":"Obstwiese","flaeche_m2":6724,"fill":"#bbf7d0","fill-opacity":0.5,"stroke":"#bbf7d0","stroke-width":0.8},"links":[{"href":"http://localhost:8080/collections/flaechen/items/flaechen-40","rel":"self","type":"application/geo+json"}]},{"type":"Feature","id":"flaechen-41","geometry":{"type":"Polygon","coordinates":[[[11.285755,51.32975],[11.286329,51.330104],[11.286974,51.329693],[11.286398,51.329344],[11.285755,51.32975]]]},"properties":{"nutzung":"Kleingärten","flaeche_m2":3571,"fill":"#a3e635","fill-opacity":0.4,"stroke":"#a3e635","stroke-width":0.8},"links":[{"href":"http://localhost:8080/collections/flaechen/items/flaechen-41","rel":"self","type":"application/geo+json"}]},{"type":"Feature","id":"flaechen-42","geometry":{"type":"Polygon","coordinates":[[[11.291002,51.326491],[11.29036,51.326251],[11.290081,51.326541],[11.29008,51.326542],[11.28966,51.326936],[11.29028,51.327201],[11.290349,51.32714],[11.291002,51.326491]]]},"properties":{"nutzung":"Kleingärten","flaeche_m2":4766,"fill":"#a3e635","fill-opacity":0.4,"stroke":"#a3e635","stroke-width":0.8},"links":[{"href":"http://localhost:8080/collections/flaechen/items/flaechen-42","rel":"self","type":"application/geo+json"}]},{"type":"Feature","id":"flaechen-43","geometry":{"type":"Polygon","coordinates":[[[11.283271,51.318617],[11.28356,51.31836],[11.28356,51.31836],[11.28288,51.318048],[11.282593,51.318302],[11.283271,51.318617]]]},"properties":{"nutzung":"Wiese","flaeche_m2":2041,"fill":"#bef264","fill-opacity":0.45,"stroke":"#bef264","stroke-width":0.8},"links":[{"href":"http://localhost:8080/collections/flaechen/items/flaechen-43","rel":"self","type":"application/geo+json"}]},{"type":"Feature","id":"flaechen-44","geometry":{"type":"Polygon","coordinates":[[[11.271825,51.32667],[11.27129,51.327047],[11.271288,51.327049],[11.271072,51.327186],[11.27126,51.327294],[11.271261,51.327295],[11.271579,51.327494],[11.271901,51.327296],[11.272368,51.326975],[11.271825,51.32667]]]},"properties":{"nutzung":"Obstwiese","flaeche_m2":3928,"fill":"#bbf7d0","fill-opacity":0.5,"stroke":"#bbf7d0","stroke-width":0.8},"links":[{"href":"http://localhost:8080/collections/flaechen/items/flaechen-44","rel":"self","type":"application/geo+json"}]},{"type":"Feature","id":"flaechen-45","geometry":{"type":"Polygon","coordinates":[[[11.280612,51.330941],[11.280947,51.331167],[11.281215,51.331325],[11.281579,51.331085],[11.28158,51.331085],[11.282021,51.33081],[11.281458,51.330441],[11.280612,51.330941]]]},"properties":{"nutzung":"Wiese","flaeche_m2":4706,"fill":"#bef264","fill-opacity":0.45,"stroke":"#bef264","stroke-width":0.8},"links":[{"href":"http://localhost:8080/collections/flaechen/items/flaechen-45","rel":"self","type":"application/geo+json"}]},{"type":"Feature","id":"flaechen-46","geometry":{"type":"Polygon","coordinates":[[[11.288519,51.320642],[11.288659,51.32069],[11.289487,51.320952],[11.289702,51.320702],[11.288746,51.320383],[11.288519,51.320642]]]},"properties":{"nutzung":"Wiese","flaeche_m2":2446,"fill":"#bef264","fill-opacity":0.45,"stroke":"#bef264","stroke-width":0.8},"links":[{"href":"http://localhost:8080/collections/flaechen/items/flaechen-46","rel":"self","type":"application/geo+json"}]},{"type":"Feature","id":"flaechen-47","geometry":{"type":"Polygon","coordinates":[[[11.286574,51.318898],[11.286344,51.319113],[11.286129,51.319328],[11.286641,51.319519],[11.287062,51.319091],[11.286659,51.318934],[11.286657,51.318933],[11.286574,51.318898]]]},"properties":{"nutzung":"Wiese","flaeche_m2":2314,"fill":"#bef264","fill-opacity":0.45,"stroke":"#bef264","stroke-width":0.8},"links":[{"href":"http://localhost:8080/collections/flaechen/items/flaechen-47","rel":"self","type":"application/geo+json"}]},{"type":"Feature","id":"flaechen-48","geometry":{"type":"Polygon","coordinates":[[[11.286186,51.319051],[11.286188,51.319049],[11.286419,51.318833],[11.285616,51.318497],[11.285156,51.318927],[11.28597,51.319267],[11.286186,51.319051]]]},"properties":{"nutzung":"Wiese","flaeche_m2":3880,"fill":"#bef264","fill-opacity":0.45,"stroke":"#bef264","stroke-width":0.8},"links":[{"href":"http://localhost:8080/collections/flaechen/items/flaechen-48","rel":"self","type":"application/geo+json"}]},{"type":"Feature","id":"flaechen-49","geometry":{"type":"Polygon","coordinates":[[[11.283754,51.3309],[11.283755,51.3309],[11.283774,51.330888],[11.283206,51.330543],[11.283204,51.330542],[11.282925,51.330361],[11.282203,51.330811],[11.283085,51.33134],[11.283754,51.3309]]]},"properties":{"nutzung":"Wiese","flaeche_m2":5883,"fill":"#bef264","fill-opacity":0.45,"stroke":"#bef264","stroke-width":0.8},"links":[{"href":"http://localhost:8080/collections/flaechen/items/flaechen-49","rel":"self","type":"application/geo+json"}]},{"type":"Feature","id":"flaechen-50","geometry":{"type":"Polygon","coordinates":[[[11.281153,51.318377],[11.281629,51.318],[11.281424,51.317905],[11.281422,51.317904],[11.280993,51.317692],[11.280519,51.318052],[11.281153,51.318377]]]},"properties":{"nutzung":"Wiese","flaeche_m2":2963,"fill":"#bef264","fill-opacity":0.45,"stroke":"#bef264","stroke-width":0.8},"links":[{"href":"http://localhost:8080/collections/flaechen/items/flaechen-50","rel":"self","type":"application/geo+json"}]},{"type":"Feature","id":"flaechen-51","geometry":{"type":"Polygon","coordinates":[[[11.287836,51.319392],[11.287172,51.319134],[11.286752,51.319561],[11.287432,51.319814],[11.28774,51.319487],[11.287741,51.319486],[11.287836,51.319392]]]},"properties":{"nutzung":"Wiese","flaeche_m2":3017,"fill":"#bef264","fill-opacity":0.45,"stroke":"#bef264","stroke-width":0.8},"links":[{"href":"http://localhost:8080/collections/flaechen/items/flaechen-51","rel":"self","type":"application/geo+json"}]},{"type":"Feature","id":"flaechen-52","geometry":{"type":"Polygon","coordinates":[[[11.271085,51.326157],[11.27134,51.325977],[11.271521,51.325837],[11.270943,51.325543],[11.270526,51.325858],[11.271085,51.326157]]]},"properties":{"nutzung":"Wiese","flaeche_m2":2388,"fill":"#bef264","fill-opacity":0.45,"stroke":"#bef264","stroke-width":0.8},"links":[{"href":"http://localhost:8080/collections/flaechen/items/flaechen-52","rel":"self","type":"application/geo+json"}]},{"type":"Feature","id":"flaechen-53","geometry":{"type":"Polygon","coordinates":[[[11.271303,51.323667],[11.270637,51.323366],[11.270636,51.323366],[11.270626,51.323361],[11.270605,51.323379],[11.270602,51.323382],[11.27033,51.3236],[11.271008,51.323919],[11.271303,51.323667]]]},"properties":{"nutzung":"Obstwiese","flaeche_m2":2002,"fill":"#bbf7d0","fill-opacity":0.5,"stroke":"#bbf7d0","stroke-width":0.8},"links":[{"href":"http://localhost:8080/collections/flaechen/items/flaechen-53","rel":"self","type":"application/geo+json"}]},{"type":"Feature","id":"flaechen-54","geometry":{"type":"Polygon","coordinates":[[[11.284536,51.318669],[11.285048,51.318883],[11.285508,51.318452],[11.285005,51.318241],[11.284536,51.318669]]]},"properties":{"nutzung":"Kleingärten","flaeche_m2":2452,"fill":"#a3e635","fill-opacity":0.4,"stroke":"#a3e635","stroke-width":0.8},"links":[{"href":"http://localhost:8080/collections/flaechen/items/flaechen-54","rel":"self","type":"application/geo+json"}]},{"type":"Feature","id":"flaechen-55","geometry":{"type":"Polygon","coordinates":[[[11.284712,51.33041],[11.28529,51.330765],[11.286198,51.330187],[11.285624,51.329833],[11.284712,51.33041]]]},"properties":{"nutzung":"Kleingärten","flaeche_m2":5072,"fill":"#a3e635","fill-opacity":0.4,"stroke":"#a3e635","stroke-width":0.8},"links":[{"href":"http://localhost:8080/collections/flaechen/items/flaechen-55","rel":"self","type":"application/geo+json"}]},{"type":"Feature","id":"flaechen-56","geometry":{"type":"Polygon","coordinates":[[[11.287994,51.319454],[11.2879,51.319548],[11.287592,51.319874],[11.287913,51.319994],[11.288311,51.319578],[11.287994,51.319454]]]},"properties":{"nutzung":"Wiese","flaeche_m2":1416,"fill":"#bef264","fill-opacity":0.45,"stroke":"#bef264","stroke-width":0.8},"links":[{"href":"http://localhost:8080/collections/flaechen/items/flaechen-56","rel":"self","type":"application/geo+json"}]},{"type":"Feature","id":"flaechen-57","geometry":{"type":"Polygon","coordinates":[[[11.291281,51.326217],[11.292072,51.325749],[11.290931,51.32564],[11.290735,51.325862],[11.290734,51.325863],[11.290427,51.326182],[11.291071,51.326423],[11.291266,51.326229],[11.291271,51.326224],[11.291275,51.326221],[11.291281,51.326217]]]},"properties":{"nutzung":"Obstwiese","flaeche_m2":4944,"fill":"#bbf7d0","fill-opacity":0.5,"stroke":"#bbf7d0","stroke-width":0.8},"links":[{"href":"http://localhost:8080/collections/flaechen/items/flaechen-57","rel":"self","type":"application/geo+json"}]},{"type":"Feature","id":"flaechen-58","geometry":{"type":"Polygon","coordinates":[[[11.290847,51.323996],[11.291229,51.324111],[11.29123,51.324111],[11.291899,51.324329],[11.292165,51.324005],[11.291162,51.323688],[11.291102,51.32367],[11.290847,51.323996]]]},"properties":{"nutzung":"Wiese","flaeche_m2":3315,"fill":"#bef264","fill-opacity":0.45,"stroke":"#bef264","stroke-width":0.8},"links":[{"href":"http://localhost:8080/collections/flaechen/items/flaechen-58","rel":"self","type":"application/geo+json"}]},{"type":"Feature","id":"flaechen-59","geometry":{"type":"Polygon","coordinates":[[[11.276895,51.318213],[11.276661,51.31839],[11.276782,51.318451],[11.276785,51.318453],[11.277331,51.318758],[11.27758,51.31858],[11.277464,51.318514],[11.276895,51.318213]]]},"properties":{"nutzung":"Obstwiese","flaeche_m2":1613,"fill":"#bbf7d0","fill-opacity":0.5,"stroke":"#bbf7d0","stroke-width":0.8},"links":[{"href":"http://localhost:8080/collections/flaechen/items/flaechen-59","rel":"self","type":"application/geo+json"}]},{"type":"Feature","id":"flaechen-60","geometry":{"type":"Polygon","coordinates":[[[11.288915,51.320019],[11.288916,51.320018],[11.289066,51.319858],[11.288711,51.319733],[11.288708,51.319732],[11.288421,51.31962],[11.288024,51.320036],[11.288391,51.320173],[11.288693,51.320274],[11.288915,51.320019]]]},"properties":{"nutzung":"Wiese","flaeche_m2":2813,"fill":"#bef264","fill-opacity":0.45,"stroke":"#bef264","stroke-width":0.8},"links":[{"href":"http://localhost:8080/collections/flaechen/items/flaechen-60","rel":"self","type":"application/geo+json"}]},{"type":"Feature","id":"flaechen-61","geometry":{"type":"Polygon","coordinates":[[[11.27834,51.330735],[11.278549,51.330987],[11.278736,51.331162],[11.278792,51.331201],[11.279371,51.330903],[11.279116,51.330689],[11.279113,51.330686],[11.278935,51.330504],[11.278886,51.330523],[11.27888,51.330525],[11.278369,51.33069],[11.278363,51.330692],[11.278318,51.330703],[11.27834,51.330735]]]},"properties":{"nutzung":"Obstwiese","flaeche_m2":2992,"fill":"#bbf7d0","fill-opacity":0.5,"stroke":"#bbf7d0","stroke-width":0.8},"links":[{"href":"http://localhost:8080/collections/flaechen/items/flaechen-61","rel":"self","type":"application/geo+json"}]},{"type":"Feature","id":"flaechen-62","geometry":{"type":"Polygon","coordinates":[[[11.271729,51.326616],[11.271394,51.326429],[11.271141,51.326293],[11.270415,51.326804],[11.270978,51.32713],[11.271195,51.326993],[11.271729,51.326616]]]},"properties":{"nutzung":"Wiese","flaeche_m2":4180,"fill":"#bef264","fill-opacity":0.45,"stroke":"#bef264","stroke-width":0.8},"links":[{"href":"http://localhost:8080/collections/flaechen/items/flaechen-62","rel":"self","type":"application/geo+json"}]},{"type":"Feature","id":"flaechen-63","geometry":{"type":"Polygon","coordinates":[[[11.284778,51.318146],[11.284365,51.317973],[11.284364,51.317972],[11.284223,51.31791],[11.283742,51.318339],[11.284309,51.318575],[11.284778,51.318146]]]},"properties":{"nutzung":"Obstwiese","flaeche_m2":2725,"fill":"#bbf7d0","fill-opacity":0.5,"stroke":"#bbf7d0","stroke-width":0.8},"links":[{"href":"http://localhost:8080/collections/flaechen/items/flaechen-63","rel":"self","type":"application/geo+json"}]},{"type":"Feature","id":"flaechen-64","geometry":{"type":"Polygon","coordinates":[[[11.282186,51.31773],[11.281893,51.317977],[11.282489,51.318254],[11.282776,51.318],[11.282186,51.31773]]]},"properties":{"nutzung":"Obstwiese","flaeche_m2":1764,"fill":"#bbf7d0","fill-opacity":0.5,"stroke":"#bbf7d0","stroke-width":0.8},"links":[{"href":"http://localhost:8080/collections/flaechen/items/flaechen-64","rel":"self","type":"application/geo+json"}]},{"type":"Feature","id":"flaechen-65","geometry":{"type":"Polygon","coordinates":[[[11.291905,51.32246],[11.2912,51.322242],[11.291191,51.322253],[11.290713,51.32288],[11.29135,51.323065],[11.291352,51.323066],[11.291415,51.323086],[11.291905,51.32246]]]},"properties":{"nutzung":"Wiese","flaeche_m2":4238,"fill":"#bef264","fill-opacity":0.45,"stroke":"#bef264","stroke-width":0.8},"links":[{"href":"http://localhost:8080/collections/flaechen/items/flaechen-65","rel":"self","type":"application/geo+json"}]},{"type":"Feature","id":"flaechen-66","geometry":{"type":"Polygon","coordinates":[[[11.28029,51.330896],[11.279985,51.33069],[11.279548,51.330916],[11.279561,51.330927],[11.279881,51.331138],[11.28029,51.330896]]]},"properties":{"nutzung":"Kleingärten","flaeche_m2":1280,"fill":"#a3e635","fill-opacity":0.4,"stroke":"#a3e635","stroke-width":0.8},"links":[{"href":"http://localhost:8080/collections/flaechen/items/flaechen-66","rel":"self","type":"application/geo+json"}]},{"type":"Feature","id":"flaechen-67","geometry":{"type":"Polygon","coordinates":[[[11.270931,51.323985],[11.27025,51.323664],[11.269892,51.323951],[11.270572,51.32428],[11.270767,51.324125],[11.270931,51.323985]]]},"properties":{"nutzung":"Wiese","flaeche_m2":2441,"fill":"#bef264","fill-opacity":0.45,"stroke":"#bef264","stroke-width":0.8},"links":[{"href":"http://localhost:8080/collections/flaechen/items/flaechen-67","rel":"self","type":"application/geo+json"}]},{"type":"Feature","id":"flaechen-68","geometry":{"type":"Polygon","coordinates":[[[11.27489,51.318775],[11.274656,51.318966],[11.275203,51.319238],[11.275705,51.318845],[11.275152,51.318567],[11.27489,51.318775]]]},"properties":{"nutzung":"Obstwiese","flaeche_m2":2758,"fill":"#bbf7d0","fill-opacity":0.5,"stroke":"#bbf7d0","stroke-width":0.8},"links":[{"href":"http://localhost:8080/collections/flaechen/items/flaechen-68","rel":"self","type":"application/geo+json"}]},{"type":"Feature","id":"flaechen-69","geometry":{"type":"Polygon","coordinates":[[[11.277992,51.318285],[11.277298,51.317909],[11.277069,51.318082],[11.277642,51.318385],[11.277645,51.318387],[11.27776,51.318451],[11.277992,51.318285]]]},"properties":{"nutzung":"Obstwiese","flaeche_m2":1566,"fill":"#bbf7d0","fill-opacity":0.5,"stroke":"#bbf7d0","stroke-width":0.8},"links":[{"href":"http://localhost:8080/collections/flaechen/items/flaechen-69","rel":"self","type":"application/geo+json"}]},{"type":"Feature","id":"flaechen-70","geometry":{"type":"Polygon","coordinates":[[[11.283634,51.318294],[11.284117,51.317863],[11.283431,51.317561],[11.282955,51.317982],[11.283634,51.318294]]]},"properties":{"nutzung":"Obstwiese","flaeche_m2":3392,"fill":"#bbf7d0","fill-opacity":0.5,"stroke":"#bbf7d0","stroke-width":0.8},"links":[{"href":"http://localhost:8080/collections/flaechen/items/flaechen-70","rel":"self","type":"application/geo+json"}]},{"type":"Feature","id":"flaechen-71","geometry":{"type":"Polygon","coordinates":[[[11.291414,51.325094],[11.291072,51.325481],[11.291975,51.325567],[11.292116,51.325327],[11.291414,51.325094]]]},"properties":{"nutzung":"Wiese","flaeche_m2":2246,"fill":"#bef264","fill-opacity":0.45,"stroke":"#bef264","stroke-width":0.8},"links":[{"href":"http://localhost:8080/collections/flaechen/items/flaechen-71","rel":"self","type":"application/geo+json"}]},{"type":"Feature","id":"flaechen-72","geometry":{"type":"Polygon","coordinates":[[[11.290113,51.320224],[11.289178,51.319897],[11.289029,51.320058],[11.288808,51.320312],[11.289763,51.320631],[11.290113,51.320224]]]},"properties":{"nutzung":"Obstwiese","flaeche_m2":3914,"fill":"#bbf7d0","fill-opacity":0.5,"stroke":"#bbf7d0","stroke-width":0.8},"links":[{"href":"http://localhost:8080/collections/flaechen/items/flaechen-72","rel":"self","type":"application/geo+json"}]},{"type":"Feature","id":"flaechen-73","geometry":{"type":"Polygon","coordinates":[[[11.291345,51.321669],[11.290671,51.321456],[11.290348,51.321857],[11.290329,51.321883],[11.291012,51.322094],[11.291345,51.321669]]]},"properties":{"nutzung":"Kleingärten","flaeche_m2":2795,"fill":"#a3e635","fill-opacity":0.4,"stroke":"#a3e635","stroke-width":0.8},"links":[{"href":"http://localhost:8080/collections/flaechen/items/flaechen-73","rel":"self","type":"application/geo+json"}]},{"type":"Feature","id":"flaechen-74","geometry":{"type":"Polygon","coordinates":[[[11.292552,51.323533],[11.291474,51.323195],[11.291159,51.323597],[11.291218,51.323615],[11.29122,51.323615],[11.292224,51.323933],[11.292552,51.323533]]]},"properties":{"nutzung":"Wiese","flaeche_m2":4165,"fill":"#bef264","fill-opacity":0.45,"stroke":"#bef264","stroke-width":0.8},"links":[{"href":"http://localhost:8080/collections/flaechen/items/flaechen-74","rel":"self","type":"application/geo+json"}]},{"type":"Feature","id":"flaechen-75","geometry":{"type":"Polygon","coordinates":[[[11.289654,51.321004],[11.29064,51.321315],[11.290692,51.321251],[11.290812,51.321073],[11.289867,51.320757],[11.289654,51.321004]]]},"properties":{"nutzung":"Wiese","flaeche_m2":2304,"fill":"#bef264","fill-opacity":0.45,"stroke":"#bef264","stroke-width":0.8},"links":[{"href":"http://localhost:8080/collections/flaechen/items/flaechen-75","rel":"self","type":"application/geo+json"}]},{"type":"Feature","id":"flaechen-76","geometry":{"type":"Polygon","coordinates":[[[11.289085,51.328611],[11.289082,51.32861],[11.288922,51.328525],[11.288698,51.328699],[11.288694,51.328702],[11.288552,51.3288],[11.289301,51.3292],[11.289348,51.329166],[11.289679,51.328907],[11.289085,51.328611]]]},"properties":{"nutzung":"Kleingärten","flaeche_m2":2769,"fill":"#a3e635","fill-opacity":0.4,"stroke":"#a3e635","stroke-width":0.8},"links":[{"href":"http://localhost:8080/collections/flaechen/items/flaechen-76","rel":"self","type":"application/geo+json"}]},{"type":"Feature","id":"flaechen-77","geometry":{"type":"Polygon","coordinates":[[[11.289796,51.328816],[11.289993,51.328662],[11.290581,51.328168],[11.289805,51.327821],[11.289638,51.327968],[11.289635,51.327971],[11.289039,51.328434],[11.289202,51.32852],[11.289796,51.328816]]]},"properties":{"nutzung":"Kleingärten","flaeche_m2":5926,"fill":"#a3e635","fill-opacity":0.4,"stroke":"#a3e635","stroke-width":0.8},"links":[{"href":"http://localhost:8080/collections/flaechen/items/flaechen-77","rel":"self","type":"application/geo+json"}]},{"type":"Feature","id":"flaechen-78","geometry":{"type":"Polygon","coordinates":[[[11.288004,51.329178],[11.288747,51.329604],[11.289216,51.329261],[11.288466,51.32886],[11.288004,51.329178]]]},"properties":{"nutzung":"Kleingärten","flaeche_m2":3401,"fill":"#a3e635","fill-opacity":0.4,"stroke":"#a3e635","stroke-width":0.8},"links":[{"href":"http://localhost:8080/collections/flaechen/items/flaechen-78","rel":"self","type":"application/geo+json"}]},{"type":"Feature","id":"flaechen-79","geometry":{"type":"Polygon","coordinates":[[[11.279322,51.317438],[11.280419,51.318],[11.280891,51.317642],[11.279773,51.31709],[11.279322,51.317438]]]},"properties":{"nutzung":"Wiese","flaeche_m2":5025,"fill":"#bef264","fill-opacity":0.45,"stroke":"#bef264","stroke-width":0.8},"links":[{"href":"http://localhost:8080/collections/flaechen/items/flaechen-79","rel":"self","type":"application/geo+json"}]},{"type":"Feature","id":"flaechen-80","geometry":{"type":"Polygon","coordinates":[[[11.270428,51.325805],[11.270843,51.325492],[11.269847,51.324986],[11.269447,51.325279],[11.270428,51.325805]]]},"properties":{"nutzung":"Kleingärten","flaeche_m2":3946,"fill":"#a3e635","fill-opacity":0.4,"stroke":"#a3e635","stroke-width":0.8},"links":[{"href":"http://localhost:8080/collections/flaechen/items/flaechen-80","rel":"self","type":"application/geo+json"}]},{"type":"Feature","id":"flaechen-81","geometry":{"type":"Polygon","coordinates":[[[11.288564,51.329731],[11.287821,51.329305],[11.287537,51.329501],[11.287534,51.329503],[11.287199,51.329716],[11.28793,51.330159],[11.288564,51.329731]]]},"properties":{"nutzung":"Obstwiese","flaeche_m2":4486,"fill":"#bbf7d0","fill-opacity":0.5,"stroke":"#bbf7d0","stroke-width":0.8},"links":[{"href":"http://localhost:8080/collections/flaechen/items/flaechen-81","rel":"self","type":"application/geo+json"}]},{"type":"Feature","id":"flaechen-82","geometry":{"type":"Polygon","coordinates":[[[11.281672,51.331142],[11.281309,51.331381],[11.282213,51.331914],[11.282996,51.331399],[11.282111,51.330868],[11.281672,51.331142]]]},"properties":{"nutzung":"Obstwiese","flaeche_m2":6842,"fill":"#bbf7d0","fill-opacity":0.5,"stroke":"#bbf7d0","stroke-width":0.8},"links":[{"href":"http://localhost:8080/collections/flaechen/items/flaechen-82","rel":"self","type":"application/geo+json"}]},{"type":"Feature","id":"flaechen-83","geometry":{"type":"Polygon","coordinates":[[[11.283998,51.330861],[11.284582,51.331216],[11.285199,51.330823],[11.284621,51.330467],[11.283998,51.330861]]]},"properties":{"nutzung":"Obstwiese","flaeche_m2":3477,"fill":"#bbf7d0","fill-opacity":0.5,"stroke":"#bbf7d0","stroke-width":0.8},"links":[{"href":"http://localhost:8080/collections/flaechen/items/flaechen-83","rel":"self","type":"application/geo+json"}]},{"type":"Feature","id":"flaechen-84","geometry":{"type":"Polygon","coordinates":[[[11.28988,51.327755],[11.290656,51.328102],[11.291108,51.327696],[11.290326,51.327362],[11.28988,51.327755]]]},"properties":{"nutzung":"Kleingärten","flaeche_m2":3594,"fill":"#a3e635","fill-opacity":0.4,"stroke":"#a3e635","stroke-width":0.8},"links":[{"href":"http://localhost:8080/collections/flaechen/items/flaechen-84","rel":"self","type":"application/geo+json"}]},{"type":"Feature","id":"flaechen-85","geometry":{"type":"Polygon","coordinates":[[[11.278439,51.317964],[11.278432,51.317961],[11.27772,51.317591],[11.277381,51.317847],[11.278077,51.318224],[11.278439,51.317964]]]},"properties":{"nutzung":"Obstwiese","flaeche_m2":2429,"fill":"#bbf7d0","fill-opacity":0.5,"stroke":"#bbf7d0","stroke-width":0.8},"links":[{"href":"http://localhost:8080/collections/flaechen/items/flaechen-85","rel":"self","type":"application/geo+json"}]},{"type":"Feature","id":"flaechen-86","geometry":{"type":"Polygon","coordinates":[[[11.270278,51.326724],[11.270999,51.326217],[11.270444,51.32592],[11.269737,51.32641],[11.270278,51.326724]]]},"properties":{"nutzung":"Wiese","flaeche_m2":3804,"fill":"#bef264","fill-opacity":0.45,"stroke":"#bef264","stroke-width":0.8},"links":[{"href":"http://localhost:8080/collections/flaechen/items/flaechen-86","rel":"self","type":"application/geo+json"}]},{"type":"Feature","id":"flaechen-87","geometry":{"type":"Polygon","coordinates":[[[11.281743,51.317908],[11.282036,51.317661],[11.28139,51.317364],[11.281106,51.317599],[11.281537,51.317812],[11.281743,51.317908]]]},"properties":{"nutzung":"Wiese","flaeche_m2":1881,"fill":"#bef264","fill-opacity":0.45,"stroke":"#bef264","stroke-width":0.8},"links":[{"href":"http://localhost:8080/collections/flaechen/items/flaechen-87","rel":"self","type":"application/geo+json"}]},{"type":"Feature","id":"flaechen-88","geometry":{"type":"Polygon","coordinates":[[[11.275786,51.318782],[11.276365,51.318346],[11.275794,51.318059],[11.275232,51.318503],[11.275786,51.318782]]]},"properties":{"nutzung":"Wiese","flaeche_m2":3168,"fill":"#bef264","fill-opacity":0.45,"stroke":"#bef264","stroke-width":0.8},"links":[{"href":"http://localhost:8080/collections/flaechen/items/flaechen-88","rel":"self","type":"application/geo+json"}]},{"type":"Feature","id":"flaechen-89","geometry":{"type":"Polygon","coordinates":[[[11.286462,51.330186],[11.287204,51.330644],[11.287348,51.330551],[11.287842,51.330218],[11.287109,51.329774],[11.286462,51.330186]]]},"properties":{"nutzung":"Wiese","flaeche_m2":4647,"fill":"#bef264","fill-opacity":0.45,"stroke":"#bef264","stroke-width":0.8},"links":[{"href":"http://localhost:8080/collections/flaechen/items/flaechen-89","rel":"self","type":"application/geo+json"}]},{"type":"Feature","id":"flaechen-90","geometry":{"type":"Polygon","coordinates":[[[11.269945,51.322895],[11.270518,51.323164],[11.270832,51.322894],[11.270505,51.322746],[11.270504,51.322745],[11.27026,51.322631],[11.269945,51.322895]]]},"properties":{"nutzung":"Kleingärten","flaeche_m2":1828,"fill":"#a3e635","fill-opacity":0.4,"stroke":"#a3e635","stroke-width":0.8},"links":[{"href":"http://localhost:8080/collections/flaechen/items/flaechen-90","rel":"self","type":"application/geo+json"}]},{"type":"Feature","id":"flaechen-91","geometry":{"type":"Polygon","coordinates":[[[11.290435,51.327267],[11.291214,51.3276],[11.291264,51.327554],[11.29197,51.32687],[11.29116,51.326553],[11.290506,51.327204],[11.290503,51.327206],[11.290435,51.327267]]]},"properties":{"nutzung":"Park","flaeche_m2":6293,"fill":"#86efac","fill-opacity":0.6,"stroke":"#86efac","stroke-width":0.8,"name":"Lindenpark"},"links":[{"href":"http://localhost:8080/collections/flaechen/items/flaechen-91","rel":"self","type":"application/geo+json"}]},{"type":"Feature","id":"flaechen-92","geometry":{"type":"Polygon","coordinates":[[[11.291955,51.324438],[11.291475,51.325023],[11.292227,51.325272],[11.292232,51.325274],[11.292237,51.325276],[11.292242,51.325279],[11.292246,51.325282],[11.292249,51.325285],[11.292253,51.325288],[11.292256,51.325291],[11.292258,51.325295],[11.292259,51.325299],[11.29226,51.325303],[11.292261,51.325306],[11.292261,51.32531],[11.29226,51.325314],[11.292259,51.325318],[11.292257,51.325322],[11.292105,51.325579],[11.292281,51.325596],[11.293613,51.325006],[11.292598,51.324647],[11.291955,51.324438]]]},"properties":{"nutzung":"Wiese","flaeche_m2":8938,"fill":"#bef264","fill-opacity":0.45,"stroke":"#bef264","stroke-width":0.8},"links":[{"href":"http://localhost:8080/collections/flaechen/items/flaechen-92","rel":"self","type":"application/geo+json"}]},{"type":"Feature","id":"flaechen-93","geometry":{"type":"Polygon","coordinates":[[[11.281087,51.33141],[11.280817,51.331251],[11.280813,51.331248],[11.280476,51.331021],[11.280069,51.331262],[11.280269,51.331394],[11.280717,51.331653],[11.281087,51.33141]]]},"properties":{"nutzung":"Obstwiese","flaeche_m2":2350,"fill":"#bbf7d0","fill-opacity":0.5,"stroke":"#bbf7d0","stroke-width":0.8},"links":[{"href":"http://localhost:8080/collections/flaechen/items/flaechen-93","rel":"self","type":"application/geo+json"}]},{"type":"Feature","id":"flaechen-94","geometry":{"type":"Polygon","coordinates":[[[11.278879,51.331261],[11.279194,51.331477],[11.279275,51.331523],[11.279602,51.331303],[11.279608,51.331299],[11.279787,51.331193],[11.279465,51.330981],[11.27946,51.330977],[11.279448,51.330967],[11.278879,51.331261]]]},"properties":{"nutzung":"Wiese","flaeche_m2":1898,"fill":"#bef264","fill-opacity":0.45,"stroke":"#bef264","stroke-width":0.8},"links":[{"href":"http://localhost:8080/collections/flaechen/items/flaechen-94","rel":"self","type":"application/geo+json"}]},{"type":"Feature","id":"flaechen-95","geometry":{"type":"Polygon","coordinates":[[[11.271584,51.328062],[11.271588,51.328064],[11.271661,51.328114],[11.271666,51.328111],[11.272027,51.327889],[11.271579,51.327608],[11.271215,51.327832],[11.271584,51.328062]]]},"properties":{"nutzung":"Kleingärten","flaeche_m2":1567,"fill":"#a3e635","fill-opacity":0.4,"stroke":"#a3e635","stroke-width":0.8},"links":[{"href":"http://localhost:8080/collections/flaechen/items/flaechen-95","rel":"self","type":"application/geo+json"}]},{"type":"Feature","id":"flaechen-96","geometry":{"type":"Polygon","coordinates":[[[11.282608,51.317374],[11.282263,51.317665],[11.28285,51.317934],[11.283325,51.317514],[11.28274,51.317256],[11.282609,51.317373],[11.282608,51.317374]]]},"properties":{"nutzung":"Wiese","flaeche_m2":2842,"fill":"#bef264","fill-opacity":0.45,"stroke":"#bef264","stroke-width":0.8},"links":[{"href":"http://localhost:8080/collections/flaechen/items/flaechen-96","rel":"self","type":"application/geo+json"}]},{"type":"Feature","id":"flaechen-97","geometry":{"type":"Polygon","coordinates":[[[11.286887,51.318606],[11.286646,51.318831],[11.286729,51.318866],[11.28713,51.319022],[11.287245,51.318906],[11.287246,51.318905],[11.287356,51.318801],[11.286887,51.318606]]]},"properties":{"nutzung":"Kleingärten","flaeche_m2":1171,"fill":"#a3e635","fill-opacity":0.4,"stroke":"#a3e635","stroke-width":0.8},"links":[{"href":"http://localhost:8080/collections/flaechen/items/flaechen-97","rel":"self","type":"application/geo+json"}]},{"type":"Feature","id":"flaechen-98","geometry":{"type":"Polygon","coordinates":[[[11.269725,51.324086],[11.269165,51.324535],[11.269828,51.324872],[11.270404,51.324414],[11.269725,51.324086]]]},"properties":{"nutzung":"Wiese","flaeche_m2":3817,"fill":"#bef264","fill-opacity":0.45,"stroke":"#bef264","stroke-width":0.8},"links":[{"href":"http://localhost:8080/collections/flaechen/items/flaechen-98","rel":"self","type":"application/geo+json"}]},{"type":"Feature","id":"flaechen-99","geometry":{"type":"Polygon","coordinates":[[[11.286732,51.318542],[11.285926,51.318207],[11.285688,51.31843],[11.286491,51.318766],[11.286732,51.318542]]]},"properties":{"nutzung":"Wiese","flaeche_m2":2015,"fill":"#bef264","fill-opacity":0.45,"stroke":"#bef264","stroke-width":0.8},"links":[{"href":"http://localhost:8080/collections/flaechen/items/flaechen-99","rel":"self","type":"application/geo+json"}]},{"type":"Feature","id":"flaechen-100","geometry":{"type":"Polygon","coordinates":[[[11.287464,51.318846],[11.287354,51.318949],[11.28724,51.319065],[11.287905,51.319324],[11.288118,51.319114],[11.287987,51.319063],[11.287983,51.319062],[11.287464,51.318846]]]},"properties":{"nutzung":"Kleingärten","flaeche_m2":1537,"fill":"#a3e635","fill-opacity":0.4,"stroke":"#a3e635","stroke-width":0.8},"links":[{"href":"http://localhost:8080/collections/flaechen/items/flaechen-100","rel":"self","type":"application/geo+json"}]},{"type":"Feature","id":"flaechen-101","geometry":{"type":"Polygon","coordinates":[[[11.288583,51.319293],[11.288277,51.319175],[11.288063,51.319386],[11.288377,51.319508],[11.288583,51.319293]]]},"properties":{"nutzung":"Obstwiese","flaeche_m2":706,"fill":"#bbf7d0","fill-opacity":0.5,"stroke":"#bbf7d0","stroke-width":0.8},"links":[{"href":"http://localhost:8080/collections/flaechen/items/flaechen-101","rel":"self","type":"application/geo+json"}]},{"type":"Feature","id":"flaechen-102","geometry":{"type":"Polygon","coordinates":[[[11.293123,51.322837],[11.292021,51.322496],[11.291531,51.323122],[11.292611,51.323461],[11.293123,51.322837]]]},"properties":{"nutzung":"Wiese","flaeche_m2":6599,"fill":"#bef264","fill-opacity":0.45,"stroke":"#bef264","stroke-width":0.8},"links":[{"href":"http://localhost:8080/collections/flaechen/items/flaechen-102","rel":"self","type":"application/geo+json"}]},{"type":"Feature","id":"flaechen-103","geometry":{"type":"Polygon","coordinates":[[[11.285078,51.318174],[11.28558,51.318384],[11.285819,51.318161],[11.285326,51.317948],[11.285078,51.318174]]]},"properties":{"nutzung":"Obstwiese","flaeche_m2":1265,"fill":"#bbf7d0","fill-opacity":0.5,"stroke":"#bbf7d0","stroke-width":0.8},"links":[{"href":"http://localhost:8080/collections/flaechen/items/flaechen-103","rel":"self","type":"application/geo+json"}]},{"type":"Feature","id":"flaechen-104","geometry":{"type":"Polygon","coordinates":[[[11.291452,51.320308],[11.29104,51.320175],[11.290804,51.320421],[11.290801,51.320424],[11.290797,51.320427],[11.290792,51.32043],[11.290788,51.320433],[11.290783,51.320435],[11.290777,51.320437],[11.290771,51.320438],[11.290765,51.320439],[11.290759,51.32044],[11.290753,51.320441],[11.290747,51.320441],[11.290741,51.32044],[11.290735,51.32044],[11.290729,51.320439],[11.290723,51.320437],[11.290717,51.320436],[11.290276,51.320281],[11.289928,51.320686],[11.290889,51.321006],[11.291452,51.320308]]]},"properties":{"nutzung":"Wiese","flaeche_m2":5022,"fill":"#bef264","fill-opacity":0.45,"stroke":"#bef264","stroke-width":0.8},"links":[{"href":"http://localhost:8080/collections/flaechen/items/flaechen-104","rel":"self","type":"application/geo+json"}]},{"type":"Feature","id":"flaechen-105","geometry":{"type":"Polygon","coordinates":[[[11.27914,51.31745],[11.278406,51.317073],[11.277802,51.317529],[11.278516,51.317899],[11.278517,51.3179],[11.278524,51.317904],[11.278918,51.317622],[11.27914,51.31745]]]},"properties":{"nutzung":"Wiese","flaeche_m2":4353,"fill":"#bef264","fill-opacity":0.45,"stroke":"#bef264","stroke-width":0.8},"links":[{"href":"http://localhost:8080/collections/flaechen/items/flaechen-105","rel":"self","type":"application/geo+json"}]},{"type":"Feature","id":"flaechen-106","geometry":{"type":"Polygon","coordinates":[[[11.285423,51.330847],[11.28617,51.331308],[11.287074,51.330728],[11.286331,51.330269],[11.285423,51.330847]]]},"properties":{"nutzung":"Kleingärten","flaeche_m2":6562,"fill":"#a3e635","fill-opacity":0.4,"stroke":"#a3e635","stroke-width":0.8},"links":[{"href":"http://localhost:8080/collections/flaechen/items/flaechen-106","rel":"self","type":"application/geo+json"}]},{"type":"Feature","id":"flaechen-107","geometry":{"type":"Polygon","coordinates":[[[11.291229,51.326485],[11.29204,51.326802],[11.292074,51.32677],[11.29266,51.326167],[11.292541,51.32612],[11.292536,51.326118],[11.292531,51.326115],[11.292527,51.326113],[11.292523,51.326109],[11.29252,51.326106],[11.292517,51.326102],[11.292514,51.326099],[11.292513,51.326095],[11.292512,51.326091],[11.292511,51.326087],[11.292499,51.325789],[11.292307,51.325771],[11.291418,51.326297],[11.291229,51.326485]]]},"properties":{"nutzung":"Wiese","flaeche_m2":5741,"fill":"#bef264","fill-opacity":0.45,"stroke":"#bef264","stroke-width":0.8},"links":[{"href":"http://localhost:8080/collections/flaechen/items/flaechen-107","rel":"self","type":"application/geo+json"}]},{"type":"Feature","id":"flaechen-108","geometry":{"type":"Polygon","coordinates":[[[11.269536,51.323226],[11.270111,51.323498],[11.270385,51.323278],[11.270408,51.323259],[11.269831,51.322988],[11.269536,51.323226]]]},"properties":{"nutzung":"Obstwiese","flaeche_m2":1687,"fill":"#bbf7d0","fill-opacity":0.5,"stroke":"#bbf7d0","stroke-width":0.8},"links":[{"href":"http://localhost:8080/collections/flaechen/items/flaechen-108","rel":"self","type":"application/geo+json"}]},{"type":"Feature","id":"flaechen-109","geometry":{"type":"Polygon","coordinates":[[[11.271124,51.327775],[11.271487,51.327551],[11.271171,51.327353],[11.270981,51.327243],[11.270628,51.327467],[11.271124,51.327775]]]},"properties":{"nutzung":"Kleingärten","flaeche_m2":1734,"fill":"#a3e635","fill-opacity":0.4,"stroke":"#a3e635","stroke-width":0.8},"links":[{"href":"http://localhost:8080/collections/flaechen/items/flaechen-109","rel":"self","type":"application/geo+json"}]},{"type":"Feature","id":"flaechen-110","geometry":{"type":"Polygon","coordinates":[[[11.289325,51.319579],[11.288693,51.319335],[11.288487,51.319551],[11.288775,51.319663],[11.289131,51.319788],[11.289325,51.319579]]]},"properties":{"nutzung":"Wiese","flaeche_m2":1437,"fill":"#bef264","fill-opacity":0.45,"stroke":"#bef264","stroke-width":0.8},"links":[{"href":"http://localhost:8080/collections/flaechen/items/flaechen-110","rel":"self","type":"application/geo+json"}]},{"type":"Feature","id":"flaechen-111","geometry":{"type":"Polygon","coordinates":[[[11.284452,51.3313],[11.283866,51.330944],[11.283847,51.330956],[11.283178,51.331396],[11.283765,51.331749],[11.284452,51.3313]]]},"properties":{"nutzung":"Feld","flaeche_m2":3929,"fill":"#fde68a","fill-opacity":0.5,"stroke":"#fde68a","stroke-width":0.8,"frucht":"Raps"},"links":[{"href":"http://localhost:8080/collections/flaechen/items/flaechen-111","rel":"self","type":"application/geo+json"}]},{"type":"Feature","id":"flaechen-112","geometry":{"type":"Polygon","coordinates":[[[11.276106,51.317811],[11.275874,51.317995],[11.276448,51.318283],[11.276687,51.318103],[11.276502,51.318005],[11.276106,51.317811]]]},"properties":{"nutzung":"Wiese","flaeche_m2":1355,"fill":"#bef264","fill-opacity":0.45,"stroke":"#bef264","stroke-width":0.8},"links":[{"href":"http://localhost:8080/collections/flaechen/items/flaechen-112","rel":"self","type":"application/geo+json"}]},{"type":"Feature","id":"flaechen-113","geometry":{"type":"Polygon","coordinates":[[[11.292887,51.321205],[11.292918,51.321122],[11.292291,51.321902],[11.292287,51.321907],[11.292281,51.321912],[11.292275,51.321916],[11.292269,51.32192],[11.292262,51.321924],[11.292254,51.321927],[11.292246,51.321929],[11.292237,51.321931],[11.292228,51.321933],[11.292219,51.321934],[11.29221,51.321934],[11.292201,51.321934],[11.292192,51.321933],[11.292183,51.321932],[11.292174,51.32193],[11.292166,51.321928],[11.291589,51.321746],[11.291257,51.32217],[11.291962,51.322388],[11.292887,51.321205]]]},"properties":{"nutzung":"Wiese","flaeche_m2":3138,"fill":"#bef264","fill-opacity":0.45,"stroke":"#bef264","stroke-width":0.8},"links":[{"href":"http://localhost:8080/collections/flaechen/items/flaechen-113","rel":"self","type":"application/geo+json"}]},{"type":"Feature","id":"flaechen-114","geometry":{"type":"Polygon","coordinates":[[[11.285102,51.31785],[11.284556,51.317614],[11.284297,51.317844],[11.284438,51.317906],[11.284851,51.318079],[11.285102,51.31785]]]},"properties":{"nutzung":"Wiese","flaeche_m2":1447,"fill":"#bef264","fill-opacity":0.45,"stroke":"#bef264","stroke-width":0.8},"links":[{"href":"http://localhost:8080/collections/flaechen/items/flaechen-114","rel":"self","type":"application/geo+json"}]},{"type":"Feature","id":"flaechen-115","geometry":{"type":"Polygon","coordinates":[[[11.269643,51.326355],[11.270345,51.325867],[11.269363,51.325341],[11.268903,51.325678],[11.268901,51.325679],[11.268707,51.325811],[11.269643,51.326355]]]},"properties":{"nutzung":"Kleingärten","flaeche_m2":6352,"fill":"#a3e635","fill-opacity":0.4,"stroke":"#a3e635","stroke-width":0.8},"links":[{"href":"http://localhost:8080/collections/flaechen/items/flaechen-115","rel":"self","type":"application/geo+json"}]},{"type":"Feature","id":"flaechen-116","geometry":{"type":"Polygon","coordinates":[[[11.274376,51.318199],[11.27389,51.318599],[11.274554,51.318916],[11.274787,51.318725],[11.274788,51.318725],[11.27505,51.318517],[11.274376,51.318199]]]},"properties":{"nutzung":"Wiese","flaeche_m2":3269,"fill":"#bef264","fill-opacity":0.45,"stroke":"#bef264","stroke-width":0.8},"links":[{"href":"http://localhost:8080/collections/flaechen/items/flaechen-116","rel":"self","type":"application/geo+json"}]},{"type":"Feature","id":"flaechen-117","geometry":{"type":"Polygon","coordinates":[[[11.291564,51.320348],[11.290809,51.321285],[11.290762,51.321354],[11.291427,51.321564],[11.292219,51.320553],[11.292101,51.320517],[11.292097,51.320516],[11.291608,51.320358],[11.291564,51.320348]]]},"properties":{"nutzung":"Wiese","flaeche_m2":6470,"fill":"#bef264","fill-opacity":0.45,"stroke":"#bef264","stroke-width":0.8},"links":[{"href":"http://localhost:8080/collections/flaechen/items/flaechen-117","rel":"self","type":"application/geo+json"}]},{"type":"Feature","id":"flaechen-118","geometry":{"type":"Polygon","coordinates":[[[11.282457,51.317305],[11.282588,51.317189],[11.282203,51.317019],[11.282198,51.317017],[11.282193,51.317014],[11.282189,51.317011],[11.282186,51.317008],[11.282182,51.317004],[11.28218,51.317001],[11.282178,51.316997],[11.282176,51.316993],[11.282176,51.316989],[11.282175,51.316985],[11.282176,51.316981],[11.282177,51.316977],[11.282179,51.316974],[11.282181,51.31697],[11.282184,51.316966],[11.282402,51.316724],[11.282034,51.316831],[11.281468,51.3173],[11.282113,51.317596],[11.282457,51.317305]]]},"properties":{"nutzung":"Wald","flaeche_m2":3457,"fill":"#4d7c0f","fill-opacity":0.5,"stroke":"#4d7c0f","stroke-width":0.8},"links":[{"href":"http://localhost:8080/collections/flaechen/items/flaechen-118","rel":"self","type":"application/geo+json"}]},{"type":"Feature","id":"flaechen-119","geometry":{"type":"Polygon","coordinates":[[[11.292014,51.324366],[11.292129,51.324403],[11.292433,51.324089],[11.29228,51.324041],[11.292014,51.324366]]]},"properties":{"nutzung":"Wiese","flaeche_m2":425,"fill":"#bef264","fill-opacity":0.45,"stroke":"#bef264","stroke-width":0.8},"links":[{"href":"http://localhost:8080/collections/flaechen/items/flaechen-119","rel":"self","type":"application/geo+json"}]},{"type":"Feature","id":"flaechen-120","geometry":{"type":"Polygon","coordinates":[[[11.281005,51.317549],[11.281286,51.317317],[11.2812,51.317278],[11.280918,51.317506],[11.281005,51.317549]]]},"properties":{"nutzung":"Wiese","flaeche_m2":242,"fill":"#bef264","fill-opacity":0.45,"stroke":"#bef264","stroke-width":0.8},"links":[{"href":"http://localhost:8080/collections/flaechen/items/flaechen-120","rel":"self","type":"application/geo+json"}]},{"type":"Feature","id":"flaechen-121","geometry":{"type":"Polygon","coordinates":[[[11.289243,51.319827],[11.290174,51.320153],[11.290355,51.319942],[11.289437,51.319619],[11.289243,51.319827]]]},"properties":{"nutzung":"Wiese","flaeche_m2":1967,"fill":"#bef264","fill-opacity":0.45,"stroke":"#bef264","stroke-width":0.8},"links":[{"href":"http://localhost:8080/collections/flaechen/items/flaechen-121","rel":"self","type":"application/geo+json"}]},{"type":"Feature","id":"flaechen-122","geometry":{"type":"Polygon","coordinates":[[[11.279799,51.331421],[11.279479,51.331637],[11.280176,51.332029],[11.280628,51.331712],[11.280628,51.331712],[11.280179,51.331452],[11.280177,51.33145],[11.279975,51.331317],[11.279799,51.331421]]]},"properties":{"nutzung":"Kleingärten","flaeche_m2":3098,"fill":"#a3e635","fill-opacity":0.4,"stroke":"#a3e635","stroke-width":0.8},"links":[{"href":"http://localhost:8080/collections/flaechen/items/flaechen-122","rel":"self","type":"application/geo+json"}]},{"type":"Feature","id":"flaechen-123","geometry":{"type":"Polygon","coordinates":[[[11.272557,51.329088],[11.27242,51.328948],[11.272417,51.328944],[11.272414,51.328941],[11.272412,51.328937],[11.272411,51.328933],[11.27241,51.328929],[11.27241,51.328924],[11.272411,51.32892],[11.272412,51.328916],[11.272414,51.328912],[11.272417,51.328909],[11.27242,51.328905],[11.272424,51.328902],[11.272428,51.328899],[11.272433,51.328896],[11.272496,51.328863],[11.272156,51.328629],[11.27122,51.329168],[11.271564,51.3294],[11.272117,51.329228],[11.272557,51.329088]]]},"properties":{"nutzung":"Kleingärten","flaeche_m2":3953,"fill":"#a3e635","fill-opacity":0.4,"stroke":"#a3e635","stroke-width":0.8},"links":[{"href":"http://localhost:8080/collections/flaechen/items/flaechen-123","rel":"self","type":"application/geo+json"}]},{"type":"Feature","id":"flaechen-124","geometry":{"type":"Polygon","coordinates":[[[11.269108,51.323573],[11.269676,51.323847],[11.270032,51.323561],[11.269457,51.32329],[11.269108,51.323573]]]},"properties":{"nutzung":"Wiese","flaeche_m2":2001,"fill":"#bef264","fill-opacity":0.45,"stroke":"#bef264","stroke-width":0.8},"links":[{"href":"http://localhost:8080/collections/flaechen/items/flaechen-124","rel":"self","type":"application/geo+json"}]},{"type":"Feature","id":"flaechen-125","geometry":{"type":"Polygon","coordinates":[[[11.272239,51.329381],[11.271758,51.32953],[11.272264,51.32987],[11.272404,51.329787],[11.272406,51.329786],[11.273175,51.329376],[11.272908,51.329167],[11.272241,51.32938],[11.272239,51.329381]]]},"properties":{"nutzung":"Wiese","flaeche_m2":3434,"fill":"#bef264","fill-opacity":0.45,"stroke":"#bef264","stroke-width":0.8},"links":[{"href":"http://localhost:8080/collections/flaechen/items/flaechen-125","rel":"self","type":"application/geo+json"}]},{"type":"Feature","id":"flaechen-126","geometry":{"type":"Polygon","coordinates":[[[11.270329,51.326864],[11.269996,51.327074],[11.270536,51.32741],[11.270887,51.327188],[11.270329,51.326864]]]},"properties":{"nutzung":"Obstwiese","flaeche_m2":1792,"fill":"#bbf7d0","fill-opacity":0.5,"stroke":"#bbf7d0","stroke-width":0.8},"links":[{"href":"http://localhost:8080/collections/flaechen/items/flaechen-126","rel":"self","type":"application/geo+json"}]},{"type":"Feature","id":"flaechen-127","geometry":{"type":"Polygon","coordinates":[[[11.284192,51.317797],[11.28445,51.317567],[11.283761,51.317269],[11.283505,51.317495],[11.284192,51.317797]]]},"properties":{"nutzung":"Wiese","flaeche_m2":1811,"fill":"#bef264","fill-opacity":0.45,"stroke":"#bef264","stroke-width":0.8},"links":[{"href":"http://localhost:8080/collections/flaechen/items/flaechen-127","rel":"self","type":"application/geo+json"}]},{"type":"Feature","id":"flaechen-128","geometry":{"type":"Polygon","coordinates":[[[11.271132,51.329109],[11.272069,51.328569],[11.271708,51.32832],[11.270771,51.328865],[11.271132,51.329109]]]},"properties":{"nutzung":"Kleingärten","flaeche_m2":3303,"fill":"#a3e635","fill-opacity":0.4,"stroke":"#a3e635","stroke-width":0.8},"links":[{"href":"http://localhost:8080/collections/flaechen/items/flaechen-128","rel":"self","type":"application/geo+json"}]},{"type":"Feature","id":"flaechen-129","geometry":{"type":"Polygon","coordinates":[[[11.272712,51.330172],[11.272897,51.330064],[11.2729,51.330062],[11.273594,51.329705],[11.273255,51.329439],[11.272491,51.329847],[11.272352,51.32993],[11.272712,51.330172]]]},"properties":{"nutzung":"Obstwiese","flaeche_m2":3041,"fill":"#bbf7d0","fill-opacity":0.5,"stroke":"#bbf7d0","stroke-width":0.8},"links":[{"href":"http://localhost:8080/collections/flaechen/items/flaechen-129","rel":"self","type":"application/geo+json"}]},{"type":"Feature","id":"flaechen-130","geometry":{"type":"Polygon","coordinates":[[[11.279891,51.316999],[11.280817,51.317456],[11.281137,51.317197],[11.281141,51.317194],[11.281145,51.317191],[11.28115,51.317189],[11.281155,51.317187],[11.281161,51.317185],[11.281167,51.317183],[11.281173,51.317182],[11.281179,51.317182],[11.281185,51.317181],[11.281191,51.317181],[11.281197,51.317182],[11.281203,51.317182],[11.281209,51.317184],[11.281215,51.317185],[11.281221,51.317187],[11.281226,51.317189],[11.281364,51.317252],[11.281941,51.316774],[11.281945,51.316771],[11.281949,51.316769],[11.281954,51.316766],[11.281959,51.316764],[11.281965,51.316762],[11.282355,51.316648],[11.281079,51.316072],[11.281077,51.316071],[11.280945,51.31601],[11.280749,51.316314],[11.280746,51.316318],[11.280743,51.316321],[11.28074,51.316324],[11.280321,51.316667],[11.28032,51.316667],[11.279891,51.316999]]]},"properties":{"nutzung":"Wald","flaeche_m2":12757,"fill":"#4d7c0f","fill-opacity":0.5,"stroke":"#4d7c0f","stroke-width":0.8},"links":[{"href":"http://localhost:8080/collections/flaechen/items/flaechen-130","rel":"self","type":"application/geo+json"}]},{"type":"Feature","id":"flaechen-131","geometry":{"type":"Polygon","coordinates":[[[11.276861,51.317971],[11.277092,51.317797],[11.276943,51.317717],[11.276721,51.317897],[11.276861,51.317971]]]},"properties":{"nutzung":"Wiese","flaeche_m2":332,"fill":"#bef264","fill-opacity":0.45,"stroke":"#bef264","stroke-width":0.8},"links":[{"href":"http://localhost:8080/collections/flaechen/items/flaechen-131","rel":"self","type":"application/geo+json"}]},{"type":"Feature","id":"flaechen-132","geometry":{"type":"Polygon","coordinates":[[[11.275051,51.330369],[11.274771,51.330475],[11.274729,51.330493],[11.275096,51.330823],[11.275099,51.330826],[11.275208,51.330937],[11.275478,51.330842],[11.275331,51.330666],[11.275051,51.330369]]]},"properties":{"nutzung":"Kleingärten","flaeche_m2":1440,"fill":"#a3e635","fill-opacity":0.4,"stroke":"#a3e635","stroke-width":0.8},"links":[{"href":"http://localhost:8080/collections/flaechen/items/flaechen-132","rel":"self","type":"application/geo+json"}]},{"type":"Feature","id":"flaechen-133","geometry":{"type":"Polygon","coordinates":[[[11.292658,51.324576],[11.29266,51.324576],[11.293729,51.324954],[11.29431,51.324697],[11.29371,51.324475],[11.293704,51.324473],[11.293699,51.324471],[11.293695,51.324468],[11.293691,51.324465],[11.293687,51.324461],[11.293684,51.324458],[11.293682,51.324454],[11.29368,51.32445],[11.293678,51.324447],[11.293678,51.324443],[11.293678,51.324439],[11.293678,51.324435],[11.29368,51.324431],[11.293681,51.324427],[11.293684,51.324423],[11.293687,51.32442],[11.294055,51.324034],[11.292937,51.323654],[11.292668,51.323569],[11.292339,51.323969],[11.292554,51.324037],[11.292559,51.324039],[11.292564,51.324041],[11.292569,51.324044],[11.292573,51.324047],[11.292577,51.32405],[11.29258,51.324053],[11.292583,51.324056],[11.292586,51.32406],[11.292587,51.324064],[11.292588,51.324068],[11.292589,51.324072],[11.292589,51.324075],[11.292588,51.324079],[11.292587,51.324083],[11.292585,51.324087],[11.292583,51.324091],[11.29258,51.324094],[11.292244,51.324441],[11.292658,51.324576]]]},"properties":{"nutzung":"Obstwiese","flaeche_m2":11590,"fill":"#bbf7d0","fill-opacity":0.5,"stroke":"#bbf7d0","stroke-width":0.8},"links":[{"href":"http://localhost:8080/collections/flaechen/items/flaechen-133","rel":"self","type":"application/geo+json"}]},{"type":"Feature","id":"flaechen-134","geometry":{"type":"Polygon","coordinates":[[[11.278971,51.331729],[11.278977,51.331725],[11.279188,51.331583],[11.279105,51.331536],[11.2791,51.331533],[11.278779,51.331312],[11.27825,51.331585],[11.277945,51.33178],[11.278288,51.33225],[11.278971,51.331729]]]},"properties":{"nutzung":"Wiese","flaeche_m2":4149,"fill":"#bef264","fill-opacity":0.45,"stroke":"#bef264","stroke-width":0.8},"links":[{"href":"http://localhost:8080/collections/flaechen/items/flaechen-134","rel":"self","type":"application/geo+json"}]},{"type":"Feature","id":"flaechen-135","geometry":{"type":"Polygon","coordinates":[[[11.282085,51.331998],[11.281181,51.331465],[11.280812,51.331709],[11.281722,51.332237],[11.282085,51.331998]]]},"properties":{"nutzung":"Obstwiese","flaeche_m2":3195,"fill":"#bbf7d0","fill-opacity":0.5,"stroke":"#bbf7d0","stroke-width":0.8},"links":[{"href":"http://localhost:8080/collections/flaechen/items/flaechen-135","rel":"self","type":"application/geo+json"}]},{"type":"Feature","id":"flaechen-136","geometry":{"type":"Polygon","coordinates":[[[11.27323,51.330521],[11.273737,51.33025],[11.273743,51.330247],[11.274066,51.330102],[11.273828,51.329888],[11.273675,51.329768],[11.272984,51.330124],[11.2728,51.330231],[11.27323,51.330521]]]},"properties":{"nutzung":"Wiese","flaeche_m2":3460,"fill":"#bef264","fill-opacity":0.45,"stroke":"#bef264","stroke-width":0.8},"links":[{"href":"http://localhost:8080/collections/flaechen/items/flaechen-136","rel":"self","type":"application/geo+json"}]},{"type":"Feature","id":"flaechen-137","geometry":{"type":"Polygon","coordinates":[[[11.271082,51.327914],[11.270356,51.328363],[11.270355,51.328363],[11.270178,51.328466],[11.270585,51.32874],[11.271524,51.328194],[11.271451,51.328144],[11.271082,51.327914]]]},"properties":{"nutzung":"Wiese","flaeche_m2":3766,"fill":"#bef264","fill-opacity":0.45,"stroke":"#bef264","stroke-width":0.8},"links":[{"href":"http://localhost:8080/collections/flaechen/items/flaechen-137","rel":"self","type":"application/geo+json"}]},{"type":"Feature","id":"flaechen-138","geometry":{"type":"Polygon","coordinates":[[[11.274754,51.317886],[11.274454,51.318134],[11.27513,51.318454],[11.275693,51.318008],[11.275088,51.317705],[11.275083,51.317702],[11.275078,51.317699],[11.275075,51.317696],[11.275071,51.317692],[11.275068,51.317689],[11.275066,51.317685],[11.275065,51.317681],[11.275064,51.317677],[11.275063,51.317673],[11.275064,51.317669],[11.275065,51.317665],[11.275066,51.317661],[11.275068,51.317657],[11.275071,51.317654],[11.275074,51.31765],[11.275078,51.317647],[11.275261,51.317509],[11.274662,51.317633],[11.274765,51.31785],[11.274766,51.317854],[11.274767,51.317858],[11.274768,51.317862],[11.274767,51.317865],[11.274767,51.317869],[11.274765,51.317873],[11.274763,51.317876],[11.274761,51.31788],[11.274758,51.317883],[11.274754,51.317886]]]},"properties":{"nutzung":"Wiese","flaeche_m2":4406,"fill":"#bef264","fill-opacity":0.45,"stroke":"#bef264","stroke-width":0.8},"links":[{"href":"http://localhost:8080/collections/flaechen/items/flaechen-138","rel":"self","type":"application/geo+json"}]},{"type":"Feature","id":"flaechen-139","geometry":{"type":"Polygon","coordinates":[[[11.284716,51.331297],[11.285472,51.331756],[11.28608,51.331366],[11.285332,51.330905],[11.284716,51.331297]]]},"properties":{"nutzung":"Wald","flaeche_m2":4456,"fill":"#4d7c0f","fill-opacity":0.5,"stroke":"#4d7c0f","stroke-width":0.8},"links":[{"href":"http://localhost:8080/collections/flaechen/items/flaechen-139","rel":"self","type":"application/geo+json"}]},{"type":"Feature","id":"flaechen-140","geometry":{"type":"Polygon","coordinates":[[[11.269084,51.324598],[11.2687,51.324879],[11.269349,51.325227],[11.269747,51.324935],[11.269084,51.324598]]]},"properties":{"nutzung":"Kleingärten","flaeche_m2":2491,"fill":"#a3e635","fill-opacity":0.4,"stroke":"#a3e635","stroke-width":0.8},"links":[{"href":"http://localhost:8080/collections/flaechen/items/flaechen-140","rel":"self","type":"application/geo+json"}]},{"type":"Feature","id":"flaechen-141","geometry":{"type":"Polygon","coordinates":[[[11.287039,51.318465],[11.287508,51.318659],[11.288156,51.318054],[11.287865,51.317925],[11.287467,51.318079],[11.287461,51.318081],[11.287456,51.318082],[11.28745,51.318083],[11.287448,51.318084],[11.287039,51.318465]]]},"properties":{"nutzung":"Wiese","flaeche_m2":2968,"fill":"#bef264","fill-opacity":0.45,"stroke":"#bef264","stroke-width":0.8},"links":[{"href":"http://localhost:8080/collections/flaechen/items/flaechen-141","rel":"self","type":"application/geo+json"}]},{"type":"Feature","id":"flaechen-142","geometry":{"type":"Polygon","coordinates":[[[11.288263,51.318969],[11.288868,51.318371],[11.288261,51.318101],[11.287616,51.318704],[11.288132,51.318918],[11.288263,51.318969]]]},"properties":{"nutzung":"Kleingärten","flaeche_m2":4217,"fill":"#a3e635","fill-opacity":0.4,"stroke":"#a3e635","stroke-width":0.8},"links":[{"href":"http://localhost:8080/collections/flaechen/items/flaechen-142","rel":"self","type":"application/geo+json"}]},{"type":"Feature","id":"flaechen-143","geometry":{"type":"Polygon","coordinates":[[[11.286225,51.317926],[11.286077,51.318065],[11.286884,51.3184],[11.287283,51.318028],[11.286498,51.317684],[11.286225,51.317926]]]},"properties":{"nutzung":"Wiese","flaeche_m2":3403,"fill":"#bef264","fill-opacity":0.45,"stroke":"#bef264","stroke-width":0.8},"links":[{"href":"http://localhost:8080/collections/flaechen/items/flaechen-143","rel":"self","type":"application/geo+json"}]},{"type":"Feature","id":"flaechen-144","geometry":{"type":"Polygon","coordinates":[[[11.28978,51.328957],[11.289448,51.329217],[11.289446,51.329218],[11.289399,51.329253],[11.289521,51.329318],[11.290447,51.329784],[11.290833,51.329469],[11.290346,51.329239],[11.290344,51.329238],[11.28978,51.328957]]]},"properties":{"nutzung":"Wald","flaeche_m2":4014,"fill":"#4d7c0f","fill-opacity":0.5,"stroke":"#4d7c0f","stroke-width":0.8},"links":[{"href":"http://localhost:8080/collections/flaechen/items/flaechen-144","rel":"self","type":"application/geo+json"}]},{"type":"Feature","id":"flaechen-145","geometry":{"type":"Polygon","coordinates":[[[11.290947,51.329376],[11.291162,51.3292],[11.291749,51.328691],[11.290686,51.328215],[11.290096,51.328711],[11.290095,51.328712],[11.289897,51.328866],[11.290459,51.329146],[11.290947,51.329376]]]},"properties":{"nutzung":"Kleingärten","flaeche_m2":8521,"fill":"#a3e635","fill-opacity":0.4,"stroke":"#a3e635","stroke-width":0.8},"links":[{"href":"http://localhost:8080/collections/flaechen/items/flaechen-145","rel":"self","type":"application/geo+json"}]},{"type":"Feature","id":"flaechen-146","geometry":{"type":"Polygon","coordinates":[[[11.289315,51.329314],[11.288842,51.329659],[11.289013,51.329756],[11.289882,51.330219],[11.290367,51.329847],[11.28944,51.329381],[11.289438,51.32938],[11.289315,51.329314]]]},"properties":{"nutzung":"Wiese","flaeche_m2":4940,"fill":"#bef264","fill-opacity":0.45,"stroke":"#bef264","stroke-width":0.8},"links":[{"href":"http://localhost:8080/collections/flaechen/items/flaechen-146","rel":"self","type":"application/geo+json"}]},{"type":"Feature","id":"flaechen-147","geometry":{"type":"Polygon","coordinates":[[[11.279672,51.317039],[11.278924,51.31667],[11.278628,51.316906],[11.278626,51.316907],[11.278488,51.317011],[11.279221,51.317387],[11.279672,51.317039]]]},"properties":{"nutzung":"Wald","flaeche_m2":3244,"fill":"#4d7c0f","fill-opacity":0.5,"stroke":"#4d7c0f","stroke-width":0.8},"links":[{"href":"http://localhost:8080/collections/flaechen/items/flaechen-147","rel":"self","type":"application/geo+json"}]},{"type":"Feature","id":"flaechen-148","geometry":{"type":"Polygon","coordinates":[[[11.282308,51.331969],[11.282896,51.332316],[11.283676,51.331807],[11.283089,51.331455],[11.282308,51.331969]]]},"properties":{"nutzung":"Obstwiese","flaeche_m2":4441,"fill":"#bbf7d0","fill-opacity":0.5,"stroke":"#bbf7d0","stroke-width":0.8},"links":[{"href":"http://localhost:8080/collections/flaechen/items/flaechen-148","rel":"self","type":"application/geo+json"}]},{"type":"Feature","id":"flaechen-149","geometry":{"type":"Polygon","coordinates":[[[11.276621,51.317846],[11.276883,51.317634],[11.276887,51.317631],[11.276891,51.317628],[11.276896,51.317626],[11.276901,51.317624],[11.276907,51.317622],[11.276912,51.317621],[11.276918,51.31762],[11.276924,51.317619],[11.276931,51.317618],[11.276937,51.317618],[11.276943,51.317619],[11.276949,51.317619],[11.276955,51.317621],[11.276961,51.317622],[11.276966,51.317624],[11.276971,51.317626],[11.276976,51.317628],[11.277174,51.317735],[11.27751,51.317482],[11.276913,51.317172],[11.276276,51.317677],[11.276621,51.317846]]]},"properties":{"nutzung":"Obstwiese","flaeche_m2":3004,"fill":"#bbf7d0","fill-opacity":0.5,"stroke":"#bbf7d0","stroke-width":0.8},"links":[{"href":"http://localhost:8080/collections/flaechen/items/flaechen-149","rel":"self","type":"application/geo+json"}]},{"type":"Feature","id":"flaechen-150","geometry":{"type":"Polygon","coordinates":[[[11.291825,51.328626],[11.291968,51.328502],[11.29229,51.328201],[11.291214,51.327741],[11.290761,51.328149],[11.291825,51.328626]]]},"properties":{"nutzung":"Kleingärten","flaeche_m2":5126,"fill":"#a3e635","fill-opacity":0.4,"stroke":"#a3e635","stroke-width":0.8},"links":[{"href":"http://localhost:8080/collections/flaechen/items/flaechen-150","rel":"self","type":"application/geo+json"}]},{"type":"Feature","id":"flaechen-151","geometry":{"type":"Polygon","coordinates":[[[11.283065,51.316967],[11.282815,51.31719],[11.2834,51.317448],[11.283654,51.317223],[11.283065,51.316967]]]},"properties":{"nutzung":"Wiese","flaeche_m2":1522,"fill":"#bef264","fill-opacity":0.45,"stroke":"#bef264","stroke-width":0.8},"links":[{"href":"http://localhost:8080/collections/flaechen/items/flaechen-151","rel":"self","type":"application/geo+json"}]},{"type":"Feature","id":"flaechen-152","geometry":{"type":"Polygon","coordinates":[[[11.28548,51.317807],[11.28597,51.318019],[11.286118,51.317881],[11.286119,51.31788],[11.286392,51.317637],[11.285905,51.317424],[11.285737,51.317572],[11.28548,51.317807]]]},"properties":{"nutzung":"Kleingärten","flaeche_m2":2142,"fill":"#a3e635","fill-opacity":0.4,"stroke":"#a3e635","stroke-width":0.8},"links":[{"href":"http://localhost:8080/collections/flaechen/items/flaechen-152","rel":"self","type":"application/geo+json"}]},{"type":"Feature","id":"flaechen-153","geometry":{"type":"Polygon","coordinates":[[[11.270497,51.32755],[11.269915,51.327919],[11.269913,51.32792],[11.269617,51.328093],[11.269797,51.32821],[11.269798,51.32821],[11.27009,51.328407],[11.270266,51.328305],[11.270991,51.327857],[11.270497,51.32755]]]},"properties":{"nutzung":"Obstwiese","flaeche_m2":4163,"fill":"#bbf7d0","fill-opacity":0.5,"stroke":"#bbf7d0","stroke-width":0.8},"links":[{"href":"http://localhost:8080/collections/flaechen/items/flaechen-153","rel":"self","type":"application/geo+json"}]},{"type":"Feature","id":"flaechen-154","geometry":{"type":"Polygon","coordinates":[[[11.289796,51.319072],[11.288821,51.318696],[11.288816,51.318693],[11.288811,51.318691],[11.288806,51.318688],[11.288802,51.318685],[11.288799,51.318681],[11.288796,51.318678],[11.288794,51.318674],[11.288792,51.31867],[11.288791,51.318666],[11.288791,51.318666],[11.288519,51.318935],[11.288865,51.31908],[11.28887,51.319082],[11.288875,51.319085],[11.28888,51.319088],[11.288883,51.319091],[11.288887,51.319095],[11.288889,51.319099],[11.288891,51.319103],[11.288893,51.319107],[11.288894,51.319111],[11.288894,51.319115],[11.288893,51.319119],[11.288892,51.319123],[11.28889,51.319127],[11.288888,51.319131],[11.288885,51.319134],[11.288833,51.319188],[11.289462,51.319431],[11.289796,51.319072]]]},"properties":{"nutzung":"Kleingärten","flaeche_m2":3495,"fill":"#a3e635","fill-opacity":0.4,"stroke":"#a3e635","stroke-width":0.8},"links":[{"href":"http://localhost:8080/collections/flaechen/items/flaechen-154","rel":"self","type":"application/geo+json"}]},{"type":"Feature","id":"flaechen-155","geometry":{"type":"Polygon","coordinates":[[[11.289595,51.330439],[11.289709,51.330352],[11.288834,51.329885],[11.28883,51.329883],[11.28866,51.329786],[11.288025,51.330213],[11.28908,51.330809],[11.289595,51.330439]]]},"properties":{"nutzung":"Kleingärten","flaeche_m2":6434,"fill":"#a3e635","fill-opacity":0.4,"stroke":"#a3e635","stroke-width":0.8},"links":[{"href":"http://localhost:8080/collections/flaechen/items/flaechen-155","rel":"self","type":"application/geo+json"}]},{"type":"Feature","id":"flaechen-156","geometry":{"type":"Polygon","coordinates":[[[11.273749,51.33087],[11.274134,51.330663],[11.274139,51.330661],[11.274504,51.330496],[11.274173,51.330198],[11.273855,51.330341],[11.273357,51.330606],[11.273749,51.33087]]]},"properties":{"nutzung":"Obstwiese","flaeche_m2":2808,"fill":"#bbf7d0","fill-opacity":0.5,"stroke":"#bbf7d0","stroke-width":0.8},"links":[{"href":"http://localhost:8080/collections/flaechen/items/flaechen-156","rel":"self","type":"application/geo+json"}]},{"type":"Feature","id":"flaechen-157","geometry":{"type":"Polygon","coordinates":[[[11.269544,51.326793],[11.269546,51.326795],[11.269863,51.326992],[11.270192,51.326784],[11.269651,51.32647],[11.269522,51.32656],[11.26952,51.326561],[11.269342,51.326675],[11.269544,51.326793]]]},"properties":{"nutzung":"Obstwiese","flaeche_m2":1613,"fill":"#bbf7d0","fill-opacity":0.5,"stroke":"#bbf7d0","stroke-width":0.8},"links":[{"href":"http://localhost:8080/collections/flaechen/items/flaechen-157","rel":"self","type":"application/geo+json"}]},{"type":"Feature","id":"flaechen-158","geometry":{"type":"Polygon","coordinates":[[[11.290337,51.32021],[11.290726,51.320346],[11.290925,51.320138],[11.290769,51.320088],[11.290764,51.320086],[11.290518,51.32],[11.290337,51.32021]]]},"properties":{"nutzung":"Obstwiese","flaeche_m2":840,"fill":"#bbf7d0","fill-opacity":0.5,"stroke":"#bbf7d0","stroke-width":0.8},"links":[{"href":"http://localhost:8080/collections/flaechen/items/flaechen-158","rel":"self","type":"application/geo+json"}]},{"type":"Feature","id":"flaechen-159","geometry":{"type":"Polygon","coordinates":[[[11.268391,51.324141],[11.268953,51.324427],[11.269508,51.323982],[11.268941,51.323708],[11.268585,51.323996],[11.268583,51.323997],[11.268391,51.324141]]]},"properties":{"nutzung":"Wiese","flaeche_m2":3107,"fill":"#bef264","fill-opacity":0.45,"stroke":"#bef264","stroke-width":0.8},"links":[{"href":"http://localhost:8080/collections/flaechen/items/flaechen-159","rel":"self","type":"application/geo+json"}]},{"type":"Feature","id":"flaechen-160","geometry":{"type":"Polygon","coordinates":[[[11.269728,51.322939],[11.269029,51.32261],[11.268782,51.322814],[11.268781,51.322815],[11.268737,51.32285],[11.269432,51.323178],[11.269728,51.322939]]]},"properties":{"nutzung":"Obstwiese","flaeche_m2":2038,"fill":"#bbf7d0","fill-opacity":0.5,"stroke":"#bbf7d0","stroke-width":0.8},"links":[{"href":"http://localhost:8080/collections/flaechen/items/flaechen-160","rel":"self","type":"application/geo+json"}]},{"type":"Feature","id":"flaechen-161","geometry":{"type":"Polygon","coordinates":[[[11.294068,51.321684],[11.294244,51.321167],[11.29424,51.321164],[11.293155,51.320836],[11.293012,51.321227],[11.29301,51.321232],[11.293007,51.321236],[11.292078,51.322423],[11.293182,51.322765],[11.294068,51.321684]]]},"properties":{"nutzung":"Wiese","flaeche_m2":16592,"fill":"#bef264","fill-opacity":0.45,"stroke":"#bef264","stroke-width":0.8},"links":[{"href":"http://localhost:8080/collections/flaechen/items/flaechen-161","rel":"self","type":"application/geo+json"}]},{"type":"Feature","id":"flaechen-162","geometry":{"type":"Polygon","coordinates":[[[11.292394,51.328103],[11.293192,51.327358],[11.292873,51.327224],[11.29208,51.326913],[11.291372,51.327599],[11.291371,51.3276],[11.291321,51.327645],[11.292394,51.328103]]]},"properties":{"nutzung":"Wiese","flaeche_m2":8984,"fill":"#bef264","fill-opacity":0.45,"stroke":"#bef264","stroke-width":0.8},"links":[{"href":"http://localhost:8080/collections/flaechen/items/flaechen-162","rel":"self","type":"application/geo+json"}]},{"type":"Feature","id":"flaechen-163","geometry":{"type":"Polygon","coordinates":[[[11.291671,51.321641],[11.292166,51.321797],[11.292981,51.320783],[11.292465,51.320627],[11.291671,51.321641]]]},"properties":{"nutzung":"Wiese","flaeche_m2":4940,"fill":"#bef264","fill-opacity":0.45,"stroke":"#bef264","stroke-width":0.8},"links":[{"href":"http://localhost:8080/collections/flaechen/items/flaechen-163","rel":"self","type":"application/geo+json"}]},{"type":"Feature","id":"flaechen-164","geometry":{"type":"Polygon","coordinates":[[[11.285682,51.317326],[11.285144,51.31709],[11.284713,51.317474],[11.285256,51.317709],[11.285512,51.317475],[11.285514,51.317474],[11.285682,51.317326]]]},"properties":{"nutzung":"Obstwiese","flaeche_m2":2382,"fill":"#bbf7d0","fill-opacity":0.5,"stroke":"#bbf7d0","stroke-width":0.8},"links":[{"href":"http://localhost:8080/collections/flaechen/items/flaechen-164","rel":"self","type":"application/geo+json"}]},{"type":"Feature","id":"flaechen-165","geometry":{"type":"Polygon","coordinates":[[[11.287443,51.330607],[11.287441,51.330607],[11.287296,51.330701],[11.287483,51.330816],[11.288349,51.331317],[11.288692,51.331089],[11.288995,51.33087],[11.287937,51.330273],[11.287443,51.330607]]]},"properties":{"nutzung":"Wiese","flaeche_m2":6635,"fill":"#bef264","fill-opacity":0.45,"stroke":"#bef264","stroke-width":0.8},"links":[{"href":"http://localhost:8080/collections/flaechen/items/flaechen-165","rel":"self","type":"application/geo+json"}]},{"type":"Feature","id":"flaechen-166","geometry":{"type":"Polygon","coordinates":[[[11.275453,51.317491],[11.27522,51.317667],[11.275773,51.317945],[11.276004,51.317761],[11.275453,51.317491]]]},"properties":{"nutzung":"Kleingärten","flaeche_m2":1261,"fill":"#a3e635","fill-opacity":0.4,"stroke":"#a3e635","stroke-width":0.8},"links":[{"href":"http://localhost:8080/collections/flaechen/items/flaechen-166","rel":"self","type":"application/geo+json"}]},{"type":"Feature","id":"flaechen-167","geometry":{"type":"Polygon","coordinates":[[[11.290795,51.319431],[11.289906,51.319115],[11.289574,51.319472],[11.290484,51.319792],[11.290795,51.319431]]]},"properties":{"nutzung":"Wiese","flaeche_m2":3292,"fill":"#bef264","fill-opacity":0.45,"stroke":"#bef264","stroke-width":0.8},"links":[{"href":"http://localhost:8080/collections/flaechen/items/flaechen-167","rel":"self","type":"application/geo+json"}]},{"type":"Feature","id":"flaechen-168","geometry":{"type":"Polygon","coordinates":[[[11.285341,51.33184],[11.284586,51.331381],[11.2839,51.331829],[11.284653,51.332282],[11.285341,51.33184]]]},"properties":{"nutzung":"Kleingärten","flaeche_m2":5022,"fill":"#a3e635","fill-opacity":0.4,"stroke":"#a3e635","stroke-width":0.8},"links":[{"href":"http://localhost:8080/collections/flaechen/items/flaechen-168","rel":"self","type":"application/geo+json"}]},{"type":"Feature","id":"flaechen-169","geometry":{"type":"Polygon","coordinates":[[[11.280272,51.332083],[11.280988,51.332485],[11.280989,51.332486],[11.281174,51.332597],[11.281633,51.332296],[11.280723,51.331767],[11.280272,51.332083]]]},"properties":{"nutzung":"Wiese","flaeche_m2":3980,"fill":"#bef264","fill-opacity":0.45,"stroke":"#bef264","stroke-width":0.8},"links":[{"href":"http://localhost:8080/collections/flaechen/items/flaechen-169","rel":"self","type":"application/geo+json"}]},{"type":"Feature","id":"flaechen-170","geometry":{"type":"Polygon","coordinates":[[[11.278874,51.33243],[11.27888,51.332429],[11.278886,51.332429],[11.278892,51.332428],[11.278898,51.332428],[11.278904,51.332429],[11.27891,51.33243],[11.278916,51.332431],[11.278922,51.332432],[11.278927,51.332434],[11.278932,51.332436],[11.278937,51.332439],[11.279299,51.332643],[11.280089,51.332089],[11.279391,51.331697],[11.27918,51.331839],[11.278414,51.332423],[11.278478,51.332511],[11.278874,51.33243]]]},"properties":{"nutzung":"Wiese","flaeche_m2":5817,"fill":"#bef264","fill-opacity":0.45,"stroke":"#bef264","stroke-width":0.8},"links":[{"href":"http://localhost:8080/collections/flaechen/items/flaechen-170","rel":"self","type":"application/geo+json"}]},{"type":"Feature","id":"flaechen-171","geometry":{"type":"Polygon","coordinates":[[[11.270405,51.327493],[11.269865,51.327158],[11.269039,51.32768],[11.269037,51.327682],[11.269008,51.327699],[11.269527,51.328035],[11.269824,51.327862],[11.270405,51.327493]]]},"properties":{"nutzung":"Wiese","flaeche_m2":4506,"fill":"#bef264","fill-opacity":0.45,"stroke":"#bef264","stroke-width":0.8},"links":[{"href":"http://localhost:8080/collections/flaechen/items/flaechen-171","rel":"self","type":"application/geo+json"}]},{"type":"Feature","id":"flaechen-172","geometry":{"type":"Polygon","coordinates":[[[11.276993,51.317109],[11.277592,51.31742],[11.278195,51.316965],[11.277575,51.316648],[11.276993,51.317109]]]},"properties":{"nutzung":"Wiese","flaeche_m2":3598,"fill":"#bef264","fill-opacity":0.45,"stroke":"#bef264","stroke-width":0.8},"links":[{"href":"http://localhost:8080/collections/flaechen/items/flaechen-172","rel":"self","type":"application/geo+json"}]},{"type":"Feature","id":"flaechen-173","geometry":{"type":"Polygon","coordinates":[[[11.284607,51.317428],[11.285038,51.317043],[11.284354,51.316743],[11.283918,51.317129],[11.284607,51.317428]]]},"properties":{"nutzung":"Wald","flaeche_m2":3051,"fill":"#4d7c0f","fill-opacity":0.5,"stroke":"#4d7c0f","stroke-width":0.8},"links":[{"href":"http://localhost:8080/collections/flaechen/items/flaechen-173","rel":"self","type":"application/geo+json"}]},{"type":"Feature","id":"flaechen-174","geometry":{"type":"Polygon","coordinates":[[[11.295519,51.324161],[11.295521,51.32416],[11.295925,51.323987],[11.29561,51.323716],[11.295606,51.323712],[11.295603,51.323709],[11.295601,51.323705],[11.295599,51.323702],[11.295598,51.323698],[11.295597,51.323694],[11.295597,51.32369],[11.295598,51.323686],[11.295599,51.323683],[11.2956,51.323679],[11.295603,51.323675],[11.295605,51.323672],[11.295606,51.323671],[11.295012,51.323457],[11.293698,51.323014],[11.293239,51.322872],[11.292727,51.323497],[11.292996,51.323582],[11.292998,51.323582],[11.294412,51.324063],[11.294414,51.324063],[11.295136,51.32433],[11.295519,51.324161]]]},"properties":{"nutzung":"Wiese","flaeche_m2":16290,"fill":"#bef264","fill-opacity":0.45,"stroke":"#bef264","stroke-width":0.8},"links":[{"href":"http://localhost:8080/collections/flaechen/items/flaechen-174","rel":"self","type":"application/geo+json"}]},{"type":"Feature","id":"flaechen-175","geometry":{"type":"Polygon","coordinates":[[[11.282662,51.317123],[11.282912,51.3169],[11.282542,51.316733],[11.282325,51.316974],[11.282662,51.317123]]]},"properties":{"nutzung":"Obstwiese","flaeche_m2":920,"fill":"#bbf7d0","fill-opacity":0.5,"stroke":"#bbf7d0","stroke-width":0.8},"links":[{"href":"http://localhost:8080/collections/flaechen/items/flaechen-175","rel":"self","type":"application/geo+json"}]},{"type":"Feature","id":"flaechen-176","geometry":{"type":"Polygon","coordinates":[[[11.269353,51.323242],[11.268658,51.322914],[11.268315,51.32319],[11.269005,51.323523],[11.269353,51.323242]]]},"properties":{"nutzung":"Obstwiese","flaeche_m2":2377,"fill":"#bbf7d0","fill-opacity":0.5,"stroke":"#bbf7d0","stroke-width":0.8},"links":[{"href":"http://localhost:8080/collections/flaechen/items/flaechen-176","rel":"self","type":"application/geo+json"}]},{"type":"Feature","id":"flaechen-177","geometry":{"type":"Polygon","coordinates":[[[11.268616,51.324941],[11.267846,51.325505],[11.267842,51.325508],[11.26761,51.325664],[11.267932,51.325852],[11.268307,51.325631],[11.268312,51.325628],[11.268318,51.325626],[11.268323,51.325624],[11.268329,51.325622],[11.268336,51.325621],[11.268342,51.32562],[11.268348,51.32562],[11.268355,51.32562],[11.268361,51.32562],[11.268368,51.325621],[11.268374,51.325622],[11.26838,51.325624],[11.268385,51.325626],[11.268391,51.325628],[11.268396,51.325631],[11.268612,51.325756],[11.268805,51.325625],[11.269265,51.325288],[11.268616,51.324941]]]},"properties":{"nutzung":"Obstwiese","flaeche_m2":5318,"fill":"#bbf7d0","fill-opacity":0.5,"stroke":"#bbf7d0","stroke-width":0.8},"links":[{"href":"http://localhost:8080/collections/flaechen/items/flaechen-177","rel":"self","type":"application/geo+json"}]},{"type":"Feature","id":"flaechen-178","geometry":{"type":"Polygon","coordinates":[[[11.292628,51.325802],[11.292639,51.326063],[11.292727,51.326098],[11.292942,51.325877],[11.292854,51.325823],[11.292628,51.325802]]]},"properties":{"nutzung":"Feld","flaeche_m2":458,"fill":"#fde68a","fill-opacity":0.5,"stroke":"#fde68a","stroke-width":0.8,"frucht":"Zuckerrüben"},"links":[{"href":"http://localhost:8080/collections/flaechen/items/flaechen-178","rel":"self","type":"application/geo+json"}]},{"type":"Feature","id":"flaechen-179","geometry":{"type":"Polygon","coordinates":[[[11.29277,51.32621],[11.292184,51.326813],[11.292183,51.326814],[11.29215,51.326845],[11.292942,51.327156],[11.292944,51.327157],[11.293264,51.32729],[11.293799,51.32679],[11.293533,51.326508],[11.29277,51.32621]]]},"properties":{"nutzung":"Feld","flaeche_m2":7500,"fill":"#fde68a","fill-opacity":0.5,"stroke":"#fde68a","stroke-width":0.8,"frucht":"Gerste"},"links":[{"href":"http://localhost:8080/collections/flaechen/items/flaechen-179","rel":"self","type":"application/geo+json"}]},{"type":"Feature","id":"flaechen-180","geometry":{"type":"Polygon","coordinates":[[[11.293875,51.325099],[11.292703,51.325618],[11.292738,51.325639],[11.294086,51.325768],[11.294507,51.325338],[11.293997,51.325142],[11.293875,51.325099]]]},"properties":{"nutzung":"Feld","flaeche_m2":4998,"fill":"#fde68a","fill-opacity":0.5,"stroke":"#fde68a","stroke-width":0.8,"frucht":"Luzerne"},"links":[{"href":"http://localhost:8080/collections/flaechen/items/flaechen-180","rel":"self","type":"application/geo+json"}]},{"type":"Feature","id":"flaechen-181","geometry":{"type":"Polygon","coordinates":[[[11.286262,51.331365],[11.286904,51.33176],[11.287315,51.332005],[11.288221,51.331402],[11.287356,51.330901],[11.287353,51.3309],[11.287166,51.330784],[11.286262,51.331365]]]},"properties":{"nutzung":"Obstwiese","flaeche_m2":9231,"fill":"#bbf7d0","fill-opacity":0.5,"stroke":"#bbf7d0","stroke-width":0.8},"links":[{"href":"http://localhost:8080/collections/flaechen/items/flaechen-181","rel":"self","type":"application/geo+json"}]},{"type":"Feature","id":"flaechen-182","geometry":{"type":"Polygon","coordinates":[[[11.269247,51.32662],[11.269427,51.326505],[11.269556,51.326415],[11.26862,51.325871],[11.268317,51.326077],[11.269247,51.32662]]]},"properties":{"nutzung":"Wiese","flaeche_m2":2776,"fill":"#bef264","fill-opacity":0.45,"stroke":"#bef264","stroke-width":0.8},"links":[{"href":"http://localhost:8080/collections/flaechen/items/flaechen-182","rel":"self","type":"application/geo+json"}]},{"type":"Feature","id":"flaechen-183","geometry":{"type":"Polygon","coordinates":[[[11.276813,51.317121],[11.276753,51.317089],[11.276291,51.316869],[11.275678,51.317385],[11.276174,51.317627],[11.276813,51.317121]]]},"properties":{"nutzung":"Feld","flaeche_m2":3219,"fill":"#fde68a","fill-opacity":0.5,"stroke":"#fde68a","stroke-width":0.8,"frucht":"Weizen"},"links":[{"href":"http://localhost:8080/collections/flaechen/items/flaechen-183","rel":"self","type":"application/geo+json"}]},{"type":"Feature","id":"flaechen-184","geometry":{"type":"Polygon","coordinates":[[[11.280838,51.315959],[11.280184,51.315654],[11.27991,51.315886],[11.279908,51.315889],[11.27904,51.316578],[11.279789,51.316949],[11.280219,51.316617],[11.280632,51.316279],[11.280838,51.315959]]]},"properties":{"nutzung":"Kleingärten","flaeche_m2":8553,"fill":"#a3e635","fill-opacity":0.4,"stroke":"#a3e635","stroke-width":0.8},"links":[{"href":"http://localhost:8080/collections/flaechen/items/flaechen-184","rel":"self","type":"application/geo+json"}]},{"type":"Feature","id":"flaechen-185","geometry":{"type":"Polygon","coordinates":[[[11.268878,51.327614],[11.268908,51.327597],[11.269732,51.327075],[11.269415,51.326878],[11.269211,51.326759],[11.268558,51.327179],[11.268556,51.32718],[11.268375,51.327289],[11.268878,51.327614]]]},"properties":{"nutzung":"Kleingärten","flaeche_m2":4214,"fill":"#a3e635","fill-opacity":0.4,"stroke":"#a3e635","stroke-width":0.8},"links":[{"href":"http://localhost:8080/collections/flaechen/items/flaechen-185","rel":"self","type":"application/geo+json"}]},{"type":"Feature","id":"flaechen-186","geometry":{"type":"Polygon","coordinates":[[[11.283658,51.316438],[11.283222,51.316827],[11.283812,51.317083],[11.284248,51.316697],[11.283658,51.316438]]]},"properties":{"nutzung":"Wald","flaeche_m2":2639,"fill":"#4d7c0f","fill-opacity":0.5,"stroke":"#4d7c0f","stroke-width":0.8},"links":[{"href":"http://localhost:8080/collections/flaechen/items/flaechen-186","rel":"self","type":"application/geo+json"}]},{"type":"Feature","id":"flaechen-187","geometry":{"type":"Polygon","coordinates":[[[11.292022,51.319836],[11.29202,51.319835],[11.290958,51.319488],[11.290647,51.319849],[11.290896,51.319937],[11.292137,51.320336],[11.29243,51.31996],[11.292022,51.319836]]]},"properties":{"nutzung":"Wiese","flaeche_m2":5349,"fill":"#bef264","fill-opacity":0.45,"stroke":"#bef264","stroke-width":0.8},"links":[{"href":"http://localhost:8080/collections/flaechen/items/flaechen-187","rel":"self","type":"application/geo+json"}]},{"type":"Feature","id":"flaechen-188","geometry":{"type":"Polygon","coordinates":[[[11.268308,51.324204],[11.267935,51.324484],[11.26849,51.32477],[11.268872,51.32449],[11.268308,51.324204]]]},"properties":{"nutzung":"Wiese","flaeche_m2":2052,"fill":"#bef264","fill-opacity":0.45,"stroke":"#bef264","stroke-width":0.8},"links":[{"href":"http://localhost:8080/collections/flaechen/items/flaechen-188","rel":"self","type":"application/geo+json"}]},{"type":"Feature","id":"flaechen-189","geometry":{"type":"Polygon","coordinates":[[[11.293074,51.325844],[11.293077,51.325847],[11.293081,51.32585],[11.293083,51.325854],[11.293086,51.325857],[11.293087,51.325861],[11.293088,51.325865],[11.293089,51.325869],[11.293089,51.325873],[11.293088,51.325877],[11.293087,51.32588],[11.293085,51.325884],[11.293082,51.325888],[11.29308,51.325891],[11.292837,51.32614],[11.293475,51.32639],[11.293931,51.325926],[11.293074,51.325844]]]},"properties":{"nutzung":"Wiese","flaeche_m2":2592,"fill":"#bef264","fill-opacity":0.45,"stroke":"#bef264","stroke-width":0.8},"links":[{"href":"http://localhost:8080/collections/flaechen/items/flaechen-189","rel":"self","type":"application/geo+json"}]},{"type":"Feature","id":"flaechen-190","geometry":{"type":"Polygon","coordinates":[[[11.274174,51.317735],[11.273967,51.317904],[11.274351,51.318086],[11.274632,51.317854],[11.27454,51.317659],[11.274174,51.317735]]]},"properties":{"nutzung":"Kleingärten","flaeche_m2":1241,"fill":"#a3e635","fill-opacity":0.4,"stroke":"#a3e635","stroke-width":0.8},"links":[{"href":"http://localhost:8080/collections/flaechen/items/flaechen-190","rel":"self","type":"application/geo+json"}]},{"type":"Feature","id":"flaechen-191","geometry":{"type":"Polygon","coordinates":[[[11.287596,51.317735],[11.287602,51.317731],[11.287608,51.317726],[11.287615,51.317722],[11.287623,51.317719],[11.287631,51.317716],[11.287639,51.317714],[11.287648,51.317712],[11.287657,51.31771],[11.287666,51.31771],[11.287676,51.317709],[11.287685,51.31771],[11.287694,51.317711],[11.287703,51.317712],[11.287712,51.317714],[11.28772,51.317717],[11.287728,51.31772],[11.288259,51.317957],[11.288784,51.317467],[11.28807,51.317168],[11.288068,51.317167],[11.287409,51.316876],[11.286573,51.317618],[11.287355,51.317961],[11.287596,51.317735]]]},"properties":{"nutzung":"Feld","flaeche_m2":9971,"fill":"#fde68a","fill-opacity":0.5,"stroke":"#fde68a","stroke-width":0.8,"frucht":"Raps"},"links":[{"href":"http://localhost:8080/collections/flaechen/items/flaechen-191","rel":"self","type":"application/geo+json"}]},{"type":"Feature","id":"flaechen-192","geometry":{"type":"Polygon","coordinates":[[[11.28893,51.318643],[11.289861,51.319002],[11.290621,51.318185],[11.289641,51.317824],[11.289026,51.318433],[11.28893,51.318643]]]},"properties":{"nutzung":"Wiese","flaeche_m2":8379,"fill":"#bef264","fill-opacity":0.45,"stroke":"#bef264","stroke-width":0.8},"links":[{"href":"http://localhost:8080/collections/flaechen/items/flaechen-192","rel":"self","type":"application/geo+json"}]},{"type":"Feature","id":"flaechen-193","geometry":{"type":"Polygon","coordinates":[[[11.282179,51.332054],[11.281817,51.332292],[11.282162,51.332492],[11.282545,51.33227],[11.282179,51.332054]]]},"properties":{"nutzung":"Kleingärten","flaeche_m2":1233,"fill":"#a3e635","fill-opacity":0.4,"stroke":"#a3e635","stroke-width":0.8},"links":[{"href":"http://localhost:8080/collections/flaechen/items/flaechen-193","rel":"self","type":"application/geo+json"}]},{"type":"Feature","id":"flaechen-194","geometry":{"type":"Polygon","coordinates":[[[11.268483,51.323946],[11.268838,51.323658],[11.268148,51.323325],[11.26762,51.32375],[11.26829,51.32409],[11.268483,51.323946]]]},"properties":{"nutzung":"Obstwiese","flaeche_m2":3676,"fill":"#bbf7d0","fill-opacity":0.5,"stroke":"#bbf7d0","stroke-width":0.8},"links":[{"href":"http://localhost:8080/collections/flaechen/items/flaechen-194","rel":"self","type":"application/geo+json"}]},{"type":"Feature","id":"flaechen-195","geometry":{"type":"Polygon","coordinates":[[[11.283032,51.332397],[11.28312,51.332448],[11.283121,51.332449],[11.28429,51.333163],[11.284382,51.333108],[11.283974,51.332767],[11.283971,51.332763],[11.283967,51.33276],[11.283965,51.332756],[11.283963,51.332752],[11.283962,51.332748],[11.283961,51.332744],[11.283961,51.33274],[11.283962,51.332736],[11.283964,51.332732],[11.283966,51.332728],[11.283968,51.332724],[11.283972,51.332721],[11.283975,51.332717],[11.28398,51.332714],[11.284563,51.33234],[11.28381,51.331888],[11.283032,51.332397]]]},"properties":{"nutzung":"Obstwiese","flaeche_m2":6323,"fill":"#bbf7d0","fill-opacity":0.5,"stroke":"#bbf7d0","stroke-width":0.8},"links":[{"href":"http://localhost:8080/collections/flaechen/items/flaechen-195","rel":"self","type":"application/geo+json"}]},{"type":"Feature","id":"flaechen-196","geometry":{"type":"Polygon","coordinates":[[[11.28598,51.317358],[11.286467,51.317571],[11.287304,51.316829],[11.286821,51.316615],[11.28598,51.317358]]]},"properties":{"nutzung":"Kleingärten","flaeche_m2":4174,"fill":"#a3e635","fill-opacity":0.4,"stroke":"#a3e635","stroke-width":0.8},"links":[{"href":"http://localhost:8080/collections/flaechen/items/flaechen-196","rel":"self","type":"application/geo+json"}]},{"type":"Feature","id":"flaechen-197","geometry":{"type":"Polygon","coordinates":[[[11.2809,51.332544],[11.280186,51.332143],[11.279395,51.332697],[11.279535,51.332776],[11.279537,51.332777],[11.280241,51.333211],[11.281085,51.332656],[11.2809,51.332544]]]},"properties":{"nutzung":"Wiese","flaeche_m2":7000,"fill":"#bef264","fill-opacity":0.45,"stroke":"#bef264","stroke-width":0.8},"links":[{"href":"http://localhost:8080/collections/flaechen/items/flaechen-197","rel":"self","type":"application/geo+json"}]},{"type":"Feature","id":"flaechen-198","geometry":{"type":"Polygon","coordinates":[[[11.285565,51.331813],[11.286632,51.332461],[11.287227,51.332064],[11.286814,51.331818],[11.286813,51.331818],[11.286172,51.331423],[11.285565,51.331813]]]},"properties":{"nutzung":"Wald","flaeche_m2":6212,"fill":"#4d7c0f","fill-opacity":0.5,"stroke":"#4d7c0f","stroke-width":0.8},"links":[{"href":"http://localhost:8080/collections/flaechen/items/flaechen-198","rel":"self","type":"application/geo+json"}]},{"type":"Feature","id":"flaechen-199","geometry":{"type":"Polygon","coordinates":[[[11.277656,51.316584],[11.278277,51.316903],[11.278415,51.316799],[11.27871,51.316564],[11.278076,51.316251],[11.277656,51.316584]]]},"properties":{"nutzung":"Wiese","flaeche_m2":2683,"fill":"#bef264","fill-opacity":0.45,"stroke":"#bef264","stroke-width":0.8},"links":[{"href":"http://localhost:8080/collections/flaechen/items/flaechen-199","rel":"self","type":"application/geo+json"}]},{"type":"Feature","id":"flaechen-200","geometry":{"type":"Polygon","coordinates":[[[11.291293,51.318432],[11.291287,51.31843],[11.290733,51.318226],[11.289971,51.319045],[11.290856,51.31936],[11.291351,51.318784],[11.291356,51.318779],[11.291361,51.318775],[11.291367,51.318771],[11.291374,51.318767],[11.291381,51.318764],[11.291388,51.318761],[11.291396,51.318758],[11.291405,51.318756],[11.291413,51.318755],[11.291422,51.318754],[11.291431,51.318754],[11.29144,51.318754],[11.291449,51.318754],[11.291458,51.318755],[11.291466,51.318757],[11.291474,51.318759],[11.293001,51.319225],[11.293163,51.319017],[11.291293,51.318432]]]},"properties":{"nutzung":"Kleingärten","flaeche_m2":10545,"fill":"#a3e635","fill-opacity":0.4,"stroke":"#a3e635","stroke-width":0.8},"links":[{"href":"http://localhost:8080/collections/flaechen/items/flaechen-200","rel":"self","type":"application/geo+json"}]},{"type":"Feature","id":"flaechen-201","geometry":{"type":"Polygon","coordinates":[[[11.271637,51.329567],[11.270059,51.330057],[11.270987,51.330646],[11.271567,51.330282],[11.271568,51.330281],[11.27217,51.329926],[11.271637,51.329567]]]},"properties":{"nutzung":"Kleingärten","flaeche_m2":8434,"fill":"#a3e635","fill-opacity":0.4,"stroke":"#a3e635","stroke-width":0.8},"links":[{"href":"http://localhost:8080/collections/flaechen/items/flaechen-201","rel":"self","type":"application/geo+json"}]},{"type":"Feature","id":"flaechen-202","geometry":{"type":"Polygon","coordinates":[[[11.283069,51.31676],[11.283506,51.316371],[11.283128,51.316206],[11.282709,51.316597],[11.283069,51.31676]]]},"properties":{"nutzung":"Kleingärten","flaeche_m2":1659,"fill":"#a3e635","fill-opacity":0.4,"stroke":"#a3e635","stroke-width":0.8},"links":[{"href":"http://localhost:8080/collections/flaechen/items/flaechen-202","rel":"self","type":"application/geo+json"}]},{"type":"Feature","id":"flaechen-203","geometry":{"type":"Polygon","coordinates":[[[11.271484,51.330946],[11.272222,51.330458],[11.272225,51.330457],[11.272618,51.330227],[11.272258,51.329985],[11.271658,51.33034],[11.271078,51.330704],[11.271249,51.330812],[11.271484,51.330946]]]},"properties":{"nutzung":"Obstwiese","flaeche_m2":4272,"fill":"#bbf7d0","fill-opacity":0.5,"stroke":"#bbf7d0","stroke-width":0.8},"links":[{"href":"http://localhost:8080/collections/flaechen/items/flaechen-203","rel":"self","type":"application/geo+json"}]},{"type":"Feature","id":"flaechen-204","geometry":{"type":"Polygon","coordinates":[[[11.271125,51.329223],[11.270754,51.329436],[11.270938,51.329594],[11.271443,51.329437],[11.271125,51.329223]]]},"properties":{"nutzung":"Obstwiese","flaeche_m2":990,"fill":"#bbf7d0","fill-opacity":0.5,"stroke":"#bbf7d0","stroke-width":0.8},"links":[{"href":"http://localhost:8080/collections/flaechen/items/flaechen-204","rel":"self","type":"application/geo+json"}]},{"type":"Feature","id":"flaechen-205","geometry":{"type":"Polygon","coordinates":[[[11.268285,51.32723],[11.268466,51.327122],[11.269117,51.326704],[11.268191,51.326163],[11.268046,51.326262],[11.268044,51.326263],[11.267399,51.326676],[11.268119,51.327123],[11.26812,51.327123],[11.268285,51.32723]]]},"properties":{"nutzung":"Wiese","flaeche_m2":7080,"fill":"#bef264","fill-opacity":0.45,"stroke":"#bef264","stroke-width":0.8},"links":[{"href":"http://localhost:8080/collections/flaechen/items/flaechen-205","rel":"self","type":"application/geo+json"}]},{"type":"Feature","id":"flaechen-206","geometry":{"type":"Polygon","coordinates":[[[11.286598,51.316517],[11.286057,51.316277],[11.285219,51.317024],[11.285756,51.31726],[11.286598,51.316517]]]},"properties":{"nutzung":"Wiese","flaeche_m2":4654,"fill":"#bef264","fill-opacity":0.45,"stroke":"#bef264","stroke-width":0.8},"links":[{"href":"http://localhost:8080/collections/flaechen/items/flaechen-206","rel":"self","type":"application/geo+json"}]},{"type":"Feature","id":"flaechen-207","geometry":{"type":"Polygon","coordinates":[[[11.272073,51.331282],[11.272707,51.330836],[11.272712,51.330832],[11.273136,51.330576],[11.272706,51.330287],[11.272315,51.330515],[11.27158,51.331001],[11.272073,51.331282]]]},"properties":{"nutzung":"Wiese","flaeche_m2":4938,"fill":"#bef264","fill-opacity":0.45,"stroke":"#bef264","stroke-width":0.8},"links":[{"href":"http://localhost:8080/collections/flaechen/items/flaechen-207","rel":"self","type":"application/geo+json"}]},{"type":"Feature","id":"flaechen-208","geometry":{"type":"Polygon","coordinates":[[[11.272829,51.317834],[11.272626,51.317996],[11.273255,51.318296],[11.273739,51.317898],[11.273104,51.317598],[11.27283,51.317833],[11.272829,51.317834]]]},"properties":{"nutzung":"Obstwiese","flaeche_m2":3054,"fill":"#bbf7d0","fill-opacity":0.5,"stroke":"#bbf7d0","stroke-width":0.8},"links":[{"href":"http://localhost:8080/collections/flaechen/items/flaechen-208","rel":"self","type":"application/geo+json"}]},{"type":"Feature","id":"flaechen-209","geometry":{"type":"Polygon","coordinates":[[[11.269857,51.329929],[11.270821,51.32963],[11.270616,51.329455],[11.270613,51.329452],[11.27061,51.329448],[11.270607,51.329445],[11.270605,51.329441],[11.270604,51.329437],[11.270604,51.329433],[11.270604,51.329429],[11.270604,51.329425],[11.270605,51.329421],[11.270607,51.329418],[11.27061,51.329414],[11.270613,51.329411],[11.270616,51.329407],[11.27062,51.329404],[11.270624,51.329401],[11.271037,51.329164],[11.270676,51.32892],[11.269434,51.329642],[11.269798,51.329892],[11.269857,51.329929]]]},"properties":{"nutzung":"Obstwiese","flaeche_m2":5639,"fill":"#bbf7d0","fill-opacity":0.5,"stroke":"#bbf7d0","stroke-width":0.8},"links":[{"href":"http://localhost:8080/collections/flaechen/items/flaechen-209","rel":"self","type":"application/geo+json"}]},{"type":"Feature","id":"flaechen-210","geometry":{"type":"Polygon","coordinates":[[[11.277475,51.316597],[11.27718,51.316445],[11.276933,51.316328],[11.276368,51.316804],[11.276833,51.317026],[11.276835,51.317027],[11.276894,51.317057],[11.277475,51.316597]]]},"properties":{"nutzung":"Kleingärten","flaeche_m2":3100,"fill":"#a3e635","fill-opacity":0.4,"stroke":"#a3e635","stroke-width":0.8},"links":[{"href":"http://localhost:8080/collections/flaechen/items/flaechen-210","rel":"self","type":"application/geo+json"}]},{"type":"Feature","id":"flaechen-211","geometry":{"type":"Polygon","coordinates":[[[11.296184,51.32303],[11.294343,51.321263],[11.294193,51.321706],[11.294192,51.321709],[11.29419,51.321713],[11.294187,51.321716],[11.293298,51.3228],[11.293756,51.322942],[11.293758,51.322942],[11.295074,51.323386],[11.295075,51.323387],[11.29567,51.323601],[11.296184,51.32303]]]},"properties":{"nutzung":"Wiese","flaeche_m2":23832,"fill":"#bef264","fill-opacity":0.45,"stroke":"#bef264","stroke-width":0.8},"links":[{"href":"http://localhost:8080/collections/flaechen/items/flaechen-211","rel":"self","type":"application/geo+json"}]},{"type":"Feature","id":"flaechen-212","geometry":{"type":"Polygon","coordinates":[[[11.272669,51.331594],[11.272749,51.331533],[11.272751,51.331531],[11.273204,51.331206],[11.273207,51.331204],[11.273654,51.330925],[11.273263,51.330662],[11.272845,51.330915],[11.272213,51.33136],[11.272669,51.331594]]]},"properties":{"nutzung":"Obstwiese","flaeche_m2":4204,"fill":"#bbf7d0","fill-opacity":0.5,"stroke":"#bbf7d0","stroke-width":0.8},"links":[{"href":"http://localhost:8080/collections/flaechen/items/flaechen-212","rel":"self","type":"application/geo+json"}]},{"type":"Feature","id":"flaechen-213","geometry":{"type":"Polygon","coordinates":[[[11.267111,51.325103],[11.266889,51.325255],[11.267189,51.325418],[11.267191,51.325419],[11.26741,51.325547],[11.26764,51.325393],[11.268406,51.324832],[11.267852,51.324546],[11.267112,51.325102],[11.267111,51.325103]]]},"properties":{"nutzung":"Wiese","flaeche_m2":5141,"fill":"#bef264","fill-opacity":0.45,"stroke":"#bef264","stroke-width":0.8},"links":[{"href":"http://localhost:8080/collections/flaechen/items/flaechen-213","rel":"self","type":"application/geo+json"}]},{"type":"Feature","id":"flaechen-214","geometry":{"type":"Polygon","coordinates":[[[11.270083,51.328521],[11.268845,51.329237],[11.269251,51.329516],[11.27049,51.328795],[11.270083,51.328521]]]},"properties":{"nutzung":"Wiese","flaeche_m2":4908,"fill":"#bef264","fill-opacity":0.45,"stroke":"#bef264","stroke-width":0.8},"links":[{"href":"http://localhost:8080/collections/flaechen/items/flaechen-214","rel":"self","type":"application/geo+json"}]},{"type":"Feature","id":"flaechen-215","geometry":{"type":"Polygon","coordinates":[[[11.288967,51.318272],[11.289485,51.31776],[11.288891,51.317512],[11.288365,51.318004],[11.288967,51.318272]]]},"properties":{"nutzung":"Wiese","flaeche_m2":3367,"fill":"#bef264","fill-opacity":0.45,"stroke":"#bef264","stroke-width":0.8},"links":[{"href":"http://localhost:8080/collections/flaechen/items/flaechen-215","rel":"self","type":"application/geo+json"}]},{"type":"Feature","id":"flaechen-216","geometry":{"type":"Polygon","coordinates":[[[11.285113,51.316977],[11.285951,51.316231],[11.285272,51.315931],[11.284429,51.316677],[11.285113,51.316977]]]},"properties":{"nutzung":"Wald","flaeche_m2":5893,"fill":"#4d7c0f","fill-opacity":0.5,"stroke":"#4d7c0f","stroke-width":0.8},"links":[{"href":"http://localhost:8080/collections/flaechen/items/flaechen-216","rel":"self","type":"application/geo+json"}]},{"type":"Feature","id":"flaechen-217","geometry":{"type":"Polygon","coordinates":[[[11.281268,51.332653],[11.281846,51.333002],[11.281877,51.332982],[11.282767,51.332401],[11.282639,51.332325],[11.282206,51.332577],[11.282201,51.332579],[11.282195,51.332582],[11.28219,51.332584],[11.282184,51.332585],[11.282178,51.332586],[11.282171,51.332587],[11.282165,51.332588],[11.282158,51.332588],[11.282152,51.332587],[11.282146,51.332586],[11.28214,51.332585],[11.282134,51.332584],[11.282128,51.332582],[11.282123,51.332579],[11.282118,51.332577],[11.281728,51.332351],[11.281268,51.332653]]]},"properties":{"nutzung":"Wiese","flaeche_m2":3249,"fill":"#bef264","fill-opacity":0.45,"stroke":"#bef264","stroke-width":0.8},"links":[{"href":"http://localhost:8080/collections/flaechen/items/flaechen-217","rel":"self","type":"application/geo+json"}]},{"type":"Feature","id":"flaechen-218","geometry":{"type":"Polygon","coordinates":[[[11.268352,51.325716],[11.268027,51.325908],[11.268223,51.326022],[11.268525,51.325816],[11.268352,51.325716]]]},"properties":{"nutzung":"Obstwiese","flaeche_m2":543,"fill":"#bbf7d0","fill-opacity":0.5,"stroke":"#bbf7d0","stroke-width":0.8},"links":[{"href":"http://localhost:8080/collections/flaechen/items/flaechen-218","rel":"self","type":"application/geo+json"}]},{"type":"Feature","id":"flaechen-219","geometry":{"type":"Polygon","coordinates":[[[11.274019,51.316817],[11.273181,51.317533],[11.273818,51.317834],[11.274043,51.317649],[11.274049,51.317645],[11.274056,51.317641],[11.274063,51.317637],[11.274071,51.317634],[11.274079,51.317631],[11.274088,51.317629],[11.275245,51.317389],[11.274967,51.317253],[11.274019,51.316817]]]},"properties":{"nutzung":"Obstwiese","flaeche_m2":7365,"fill":"#bbf7d0","fill-opacity":0.5,"stroke":"#bbf7d0","stroke-width":0.8},"links":[{"href":"http://localhost:8080/collections/flaechen/items/flaechen-219","rel":"self","type":"application/geo+json"}]},{"type":"Feature","id":"flaechen-220","geometry":{"type":"Polygon","coordinates":[[[11.268554,51.322866],[11.268152,51.322676],[11.267818,51.32295],[11.268213,51.323141],[11.268554,51.322866]]]},"properties":{"nutzung":"Wiese","flaeche_m2":1343,"fill":"#bef264","fill-opacity":0.45,"stroke":"#bef264","stroke-width":0.8},"links":[{"href":"http://localhost:8080/collections/flaechen/items/flaechen-220","rel":"self","type":"application/geo+json"}]},{"type":"Feature","id":"flaechen-221","geometry":{"type":"Polygon","coordinates":[[[11.281209,51.31592],[11.28124,51.315934],[11.282557,51.316529],[11.282975,51.316138],[11.281957,51.315692],[11.28118,51.315761],[11.281209,51.31592]]]},"properties":{"nutzung":"Wald","flaeche_m2":5701,"fill":"#4d7c0f","fill-opacity":0.5,"stroke":"#4d7c0f","stroke-width":0.8},"links":[{"href":"http://localhost:8080/collections/flaechen/items/flaechen-221","rel":"self","type":"application/geo+json"}]},{"type":"Feature","id":"flaechen-222","geometry":{"type":"Polygon","coordinates":[[[11.273481,51.331988],[11.273776,51.331735],[11.27378,51.331732],[11.274159,51.331462],[11.274163,51.33146],[11.274317,51.331368],[11.274164,51.331268],[11.274163,51.331268],[11.273742,51.330984],[11.2733,51.331261],[11.272849,51.331584],[11.272769,51.331645],[11.273066,51.331798],[11.273481,51.331988]]]},"properties":{"nutzung":"Kleingärten","flaeche_m2":5714,"fill":"#a3e635","fill-opacity":0.4,"stroke":"#a3e635","stroke-width":0.8},"links":[{"href":"http://localhost:8080/collections/flaechen/items/flaechen-222","rel":"self","type":"application/geo+json"}]},{"type":"Feature","id":"flaechen-223","geometry":{"type":"Polygon","coordinates":[[[11.275463,51.317279],[11.276074,51.316765],[11.275202,51.316348],[11.274789,51.316159],[11.27418,51.316679],[11.275131,51.317116],[11.275134,51.317118],[11.275463,51.317279]]]},"properties":{"nutzung":"Feld","flaeche_m2":7984,"fill":"#fde68a","fill-opacity":0.5,"stroke":"#fde68a","stroke-width":0.8,"frucht":"Weizen"},"links":[{"href":"http://localhost:8080/collections/flaechen/items/flaechen-223","rel":"self","type":"application/geo+json"}]},{"type":"Feature","id":"flaechen-224","geometry":{"type":"Polygon","coordinates":[[[11.285918,51.33219],[11.285434,51.331896],[11.284747,51.332338],[11.284759,51.332345],[11.284759,51.332345],[11.285203,51.332618],[11.285918,51.33219]]]},"properties":{"nutzung":"Wald","flaeche_m2":3139,"fill":"#4d7c0f","fill-opacity":0.5,"stroke":"#4d7c0f","stroke-width":0.8},"links":[{"href":"http://localhost:8080/collections/flaechen/items/flaechen-224","rel":"self","type":"application/geo+json"}]},{"type":"Feature","id":"flaechen-225","geometry":{"type":"Polygon","coordinates":[[[11.269523,51.328149],[11.268403,51.328805],[11.268401,51.328806],[11.268299,51.328862],[11.268758,51.329177],[11.269995,51.328462],[11.269703,51.328266],[11.269523,51.328149]]]},"properties":{"nutzung":"Wald","flaeche_m2":5554,"fill":"#4d7c0f","fill-opacity":0.5,"stroke":"#4d7c0f","stroke-width":0.8},"links":[{"href":"http://localhost:8080/collections/flaechen/items/flaechen-225","rel":"self","type":"application/geo+json"}]},{"type":"Feature","id":"flaechen-226","geometry":{"type":"Polygon","coordinates":[[[11.267286,51.32396],[11.267281,51.323958],[11.267276,51.323955],[11.267129,51.32387],[11.266963,51.323983],[11.267835,51.324433],[11.268207,51.324153],[11.267541,51.323814],[11.267371,51.32395],[11.267367,51.323953],[11.267362,51.323956],[11.267358,51.323959],[11.267352,51.323961],[11.267347,51.323963],[11.267341,51.323964],[11.267335,51.323965],[11.267328,51.323966],[11.267322,51.323966],[11.267316,51.323966],[11.26731,51.323966],[11.267303,51.323965],[11.267297,51.323964],[11.267292,51.323962],[11.267286,51.32396]]]},"properties":{"nutzung":"Wiese","flaeche_m2":2708,"fill":"#bef264","fill-opacity":0.45,"stroke":"#bef264","stroke-width":0.8},"links":[{"href":"http://localhost:8080/collections/flaechen/items/flaechen-226","rel":"self","type":"application/geo+json"}]},{"type":"Feature","id":"flaechen-227","geometry":{"type":"Polygon","coordinates":[[[11.293831,51.324426],[11.294426,51.324645],[11.295021,51.324382],[11.294349,51.324133],[11.294169,51.324072],[11.293831,51.324426]]]},"properties":{"nutzung":"Kleingärten","flaeche_m2":2698,"fill":"#a3e635","fill-opacity":0.4,"stroke":"#a3e635","stroke-width":0.8},"links":[{"href":"http://localhost:8080/collections/flaechen/items/flaechen-227","rel":"self","type":"application/geo+json"}]},{"type":"Feature","id":"flaechen-228","geometry":{"type":"Polygon","coordinates":[[[11.291588,51.330329],[11.292903,51.329209],[11.291854,51.328739],[11.291266,51.329248],[11.291265,51.329249],[11.29105,51.329425],[11.291926,51.329839],[11.291933,51.329843],[11.291939,51.329847],[11.291945,51.329851],[11.29195,51.329856],[11.291954,51.329861],[11.291958,51.329866],[11.29196,51.329871],[11.291962,51.329877],[11.291963,51.329883],[11.291963,51.329888],[11.291962,51.329894],[11.29196,51.3299],[11.291958,51.329905],[11.291954,51.32991],[11.29195,51.329915],[11.291945,51.32992],[11.29194,51.329924],[11.291455,51.330266],[11.291588,51.330329]]]},"properties":{"nutzung":"Feld","flaeche_m2":9099,"fill":"#fde68a","fill-opacity":0.5,"stroke":"#fde68a","stroke-width":0.8,"frucht":"Mais"},"links":[{"href":"http://localhost:8080/collections/flaechen/items/flaechen-228","rel":"self","type":"application/geo+json"}]},{"type":"Feature","id":"flaechen-229","geometry":{"type":"Polygon","coordinates":[[[11.290936,51.329518],[11.290548,51.329834],[11.290774,51.329948],[11.291305,51.330196],[11.291733,51.329894],[11.290936,51.329518]]]},"properties":{"nutzung":"Wiese","flaeche_m2":3043,"fill":"#bef264","fill-opacity":0.45,"stroke":"#bef264","stroke-width":0.8},"links":[{"href":"http://localhost:8080/collections/flaechen/items/flaechen-229","rel":"self","type":"application/geo+json"}]},{"type":"Feature","id":"flaechen-230","geometry":{"type":"Polygon","coordinates":[[[11.291473,51.318889],[11.29102,51.319416],[11.292079,51.319763],[11.292486,51.319887],[11.292919,51.31933],[11.291473,51.318889]]]},"properties":{"nutzung":"Wiese","flaeche_m2":7715,"fill":"#bef264","fill-opacity":0.45,"stroke":"#bef264","stroke-width":0.8},"links":[{"href":"http://localhost:8080/collections/flaechen/items/flaechen-230","rel":"self","type":"application/geo+json"}]},{"type":"Feature","id":"flaechen-231","geometry":{"type":"Polygon","coordinates":[[[11.290468,51.329898],[11.289981,51.330272],[11.290691,51.330629],[11.291219,51.330257],[11.290696,51.330013],[11.290694,51.330012],[11.290468,51.329898]]]},"properties":{"nutzung":"Kleingärten","flaeche_m2":3500,"fill":"#a3e635","fill-opacity":0.4,"stroke":"#a3e635","stroke-width":0.8},"links":[{"href":"http://localhost:8080/collections/flaechen/items/flaechen-231","rel":"self","type":"application/geo+json"}]},{"type":"Feature","id":"flaechen-232","geometry":{"type":"Polygon","coordinates":[[[11.29325,51.328913],[11.293471,51.328713],[11.293073,51.328535],[11.292397,51.328246],[11.292075,51.328547],[11.292073,51.328548],[11.29193,51.328673],[11.29298,51.329143],[11.29325,51.328913]]]},"properties":{"nutzung":"Feld","flaeche_m2":5283,"fill":"#fde68a","fill-opacity":0.5,"stroke":"#fde68a","stroke-width":0.8,"frucht":"Luzerne"},"links":[{"href":"http://localhost:8080/collections/flaechen/items/flaechen-232","rel":"self","type":"application/geo+json"}]},{"type":"Feature","id":"flaechen-233","geometry":{"type":"Polygon","coordinates":[[[11.278192,51.31616],[11.278826,51.316472],[11.279692,51.315784],[11.279965,51.315552],[11.279395,51.315286],[11.278878,51.315617],[11.278192,51.31616]]]},"properties":{"nutzung":"Wiese","flaeche_m2":7064,"fill":"#bef264","fill-opacity":0.45,"stroke":"#bef264","stroke-width":0.8},"links":[{"href":"http://localhost:8080/collections/flaechen/items/flaechen-233","rel":"self","type":"application/geo+json"}]},{"type":"Feature","id":"flaechen-234","geometry":{"type":"Polygon","coordinates":[[[11.284575,51.315622],[11.283733,51.316372],[11.284323,51.316631],[11.285167,51.315884],[11.284575,51.315622]]]},"properties":{"nutzung":"Obstwiese","flaeche_m2":5124,"fill":"#bbf7d0","fill-opacity":0.5,"stroke":"#bbf7d0","stroke-width":0.8},"links":[{"href":"http://localhost:8080/collections/flaechen/items/flaechen-234","rel":"self","type":"application/geo+json"}]},{"type":"Feature","id":"flaechen-235","geometry":{"type":"Polygon","coordinates":[[[11.293577,51.328617],[11.294405,51.327864],[11.294401,51.327863],[11.293299,51.327402],[11.292501,51.328149],[11.293179,51.328439],[11.29318,51.328439],[11.293577,51.328617]]]},"properties":{"nutzung":"Wiese","flaeche_m2":9233,"fill":"#bef264","fill-opacity":0.45,"stroke":"#bef264","stroke-width":0.8},"links":[{"href":"http://localhost:8080/collections/flaechen/items/flaechen-235","rel":"self","type":"application/geo+json"}]},{"type":"Feature","id":"flaechen-236","geometry":{"type":"Polygon","coordinates":[[[11.290788,51.330897],[11.290784,51.330896],[11.289808,51.330404],[11.289695,51.33049],[11.289694,51.330491],[11.289176,51.330864],[11.289314,51.330941],[11.290727,51.331675],[11.290959,51.331786],[11.291601,51.331281],[11.290788,51.330897]]]},"properties":{"nutzung":"Wald","flaeche_m2":11100,"fill":"#4d7c0f","fill-opacity":0.5,"stroke":"#4d7c0f","stroke-width":0.8},"links":[{"href":"http://localhost:8080/collections/flaechen/items/flaechen-236","rel":"self","type":"application/geo+json"}]},{"type":"Feature","id":"flaechen-237","geometry":{"type":"Polygon","coordinates":[[[11.294454,51.32686],[11.29448,51.326865],[11.294491,51.326861],[11.294719,51.326],[11.29407,51.325939],[11.293599,51.326419],[11.293628,51.326449],[11.294365,51.326737],[11.29437,51.32674],[11.294374,51.326742],[11.294379,51.326745],[11.294382,51.326747],[11.294386,51.326751],[11.294389,51.326754],[11.294391,51.326757],[11.294454,51.32686]]]},"properties":{"nutzung":"Kleingärten","flaeche_m2":4536,"fill":"#a3e635","fill-opacity":0.4,"stroke":"#a3e635","stroke-width":0.8},"links":[{"href":"http://localhost:8080/collections/flaechen/items/flaechen-237","rel":"self","type":"application/geo+json"}]},{"type":"Feature","id":"flaechen-238","geometry":{"type":"Polygon","coordinates":[[[11.281981,51.333083],[11.282232,51.333234],[11.282233,51.333235],[11.283467,51.33403],[11.283931,51.333761],[11.284204,51.333274],[11.282991,51.332533],[11.282903,51.332481],[11.282012,51.333063],[11.28201,51.333064],[11.281981,51.333083]]]},"properties":{"nutzung":"Kleingärten","flaeche_m2":13458,"fill":"#a3e635","fill-opacity":0.4,"stroke":"#a3e635","stroke-width":0.8},"links":[{"href":"http://localhost:8080/collections/flaechen/items/flaechen-238","rel":"self","type":"application/geo+json"}]},{"type":"Feature","id":"flaechen-239","geometry":{"type":"Polygon","coordinates":[[[11.269433,51.328091],[11.268913,51.327754],[11.267709,51.328456],[11.268212,51.328802],[11.268316,51.328745],[11.269433,51.328091]]]},"properties":{"nutzung":"Wiese","flaeche_m2":6023,"fill":"#bef264","fill-opacity":0.45,"stroke":"#bef264","stroke-width":0.8},"links":[{"href":"http://localhost:8080/collections/flaechen/items/flaechen-239","rel":"self","type":"application/geo+json"}]},{"type":"Feature","id":"flaechen-240","geometry":{"type":"Polygon","coordinates":[[[11.294568,51.324792],[11.293992,51.325047],[11.294062,51.325072],[11.294064,51.325072],[11.294574,51.32527],[11.294917,51.32492],[11.294568,51.324792]]]},"properties":{"nutzung":"Wiese","flaeche_m2":1710,"fill":"#bef264","fill-opacity":0.45,"stroke":"#bef264","stroke-width":0.8},"links":[{"href":"http://localhost:8080/collections/flaechen/items/flaechen-240","rel":"self","type":"application/geo+json"}]},{"type":"Feature","id":"flaechen-241","geometry":{"type":"Polygon","coordinates":[[[11.279174,51.33273],[11.279213,51.332703],[11.278878,51.332514],[11.278532,51.332585],[11.278806,51.33296],[11.279174,51.33273]]]},"properties":{"nutzung":"Wiese","flaeche_m2":1211,"fill":"#bef264","fill-opacity":0.45,"stroke":"#bef264","stroke-width":0.8},"links":[{"href":"http://localhost:8080/collections/flaechen/items/flaechen-241","rel":"self","type":"application/geo+json"}]},{"type":"Feature","id":"flaechen-242","geometry":{"type":"Polygon","coordinates":[[[11.267221,51.32344],[11.267129,51.323513],[11.267518,51.3237],[11.268045,51.323275],[11.267653,51.323086],[11.267222,51.323439],[11.267221,51.32344]]]},"properties":{"nutzung":"Wiese","flaeche_m2":2051,"fill":"#bef264","fill-opacity":0.45,"stroke":"#bef264","stroke-width":0.8},"links":[{"href":"http://localhost:8080/collections/flaechen/items/flaechen-242","rel":"self","type":"application/geo+json"}]},{"type":"Feature","id":"flaechen-243","geometry":{"type":"Polygon","coordinates":[[[11.277975,51.316201],[11.277413,51.315924],[11.27701,51.316263],[11.277259,51.316381],[11.277261,51.316382],[11.277555,51.316533],[11.277975,51.316201]]]},"properties":{"nutzung":"Wald","flaeche_m2":2301,"fill":"#4d7c0f","fill-opacity":0.5,"stroke":"#4d7c0f","stroke-width":0.8},"links":[{"href":"http://localhost:8080/collections/flaechen/items/flaechen-243","rel":"self","type":"application/geo+json"}]},{"type":"Feature","id":"flaechen-244","geometry":{"type":"Polygon","coordinates":[[[11.288788,51.331142],[11.288787,51.331144],[11.288444,51.331372],[11.288916,51.331645],[11.29024,51.332352],[11.290878,51.33185],[11.290647,51.331738],[11.290645,51.331738],[11.28923,51.331003],[11.289228,51.331002],[11.289091,51.330925],[11.288788,51.331142]]]},"properties":{"nutzung":"Wald","flaeche_m2":11318,"fill":"#4d7c0f","fill-opacity":0.5,"stroke":"#4d7c0f","stroke-width":0.8},"links":[{"href":"http://localhost:8080/collections/flaechen/items/flaechen-244","rel":"self","type":"application/geo+json"}]},{"type":"Feature","id":"flaechen-245","geometry":{"type":"Polygon","coordinates":[[[11.267482,51.325749],[11.266886,51.32615],[11.266766,51.326283],[11.267307,51.326619],[11.267951,51.326207],[11.268096,51.326108],[11.267482,51.325749]]]},"properties":{"nutzung":"Kleingärten","flaeche_m2":4497,"fill":"#a3e635","fill-opacity":0.4,"stroke":"#a3e635","stroke-width":0.8},"links":[{"href":"http://localhost:8080/collections/flaechen/items/flaechen-245","rel":"self","type":"application/geo+json"}]},{"type":"Feature","id":"flaechen-246","geometry":{"type":"Polygon","coordinates":[[[11.271669,51.317686],[11.271187,51.318063],[11.271792,51.318367],[11.271921,51.318429],[11.272408,51.318039],[11.271669,51.317686]]]},"properties":{"nutzung":"Wiese","flaeche_m2":3538,"fill":"#bef264","fill-opacity":0.45,"stroke":"#bef264","stroke-width":0.8},"links":[{"href":"http://localhost:8080/collections/flaechen/items/flaechen-246","rel":"self","type":"application/geo+json"}]},{"type":"Feature","id":"flaechen-247","geometry":{"type":"Polygon","coordinates":[[[11.293202,51.320195],[11.29288,51.320097],[11.292585,51.320474],[11.29289,51.320566],[11.293202,51.320195]]]},"properties":{"nutzung":"Kleingärten","flaeche_m2":1131,"fill":"#a3e635","fill-opacity":0.4,"stroke":"#a3e635","stroke-width":0.8},"links":[{"href":"http://localhost:8080/collections/flaechen/items/flaechen-247","rel":"self","type":"application/geo+json"}]},{"type":"Feature","id":"flaechen-248","geometry":{"type":"Polygon","coordinates":[[[11.281754,51.333059],[11.281178,51.332712],[11.280333,51.333268],[11.280355,51.333282],[11.280357,51.333283],[11.280852,51.333612],[11.280982,51.333537],[11.281754,51.333059]]]},"properties":{"nutzung":"Obstwiese","flaeche_m2":4701,"fill":"#bbf7d0","fill-opacity":0.5,"stroke":"#bbf7d0","stroke-width":0.8},"links":[{"href":"http://localhost:8080/collections/flaechen/items/flaechen-248","rel":"self","type":"application/geo+json"}]},{"type":"Feature","id":"flaechen-249","geometry":{"type":"Polygon","coordinates":[[[11.293918,51.326758],[11.294297,51.32683],[11.294278,51.326799],[11.29377,51.3266],[11.293918,51.326758]]]},"properties":{"nutzung":"Wiese","flaeche_m2":236,"fill":"#bef264","fill-opacity":0.45,"stroke":"#bef264","stroke-width":0.8},"links":[{"href":"http://localhost:8080/collections/flaechen/items/flaechen-249","rel":"self","type":"application/geo+json"}]},{"type":"Feature","id":"flaechen-250","geometry":{"type":"Polygon","coordinates":[[[11.294355,51.326926],[11.293902,51.326839],[11.293371,51.327335],[11.294473,51.327796],[11.294474,51.327796],[11.294478,51.327798],[11.294971,51.32735],[11.294473,51.327139],[11.294466,51.327136],[11.294459,51.327132],[11.294453,51.327128],[11.294448,51.327123],[11.294443,51.327119],[11.294439,51.327114],[11.294436,51.327109],[11.294434,51.327103],[11.294432,51.327098],[11.294432,51.327092],[11.294432,51.327087],[11.294433,51.327081],[11.294438,51.327061],[11.294355,51.326926]]]},"properties":{"nutzung":"Wiese","flaeche_m2":6123,"fill":"#bef264","fill-opacity":0.45,"stroke":"#bef264","stroke-width":0.8},"links":[{"href":"http://localhost:8080/collections/flaechen/items/flaechen-250","rel":"self","type":"application/geo+json"}]},{"type":"Feature","id":"flaechen-251","geometry":{"type":"Polygon","coordinates":[[[11.267014,51.32505],[11.267752,51.324495],[11.266828,51.324018],[11.266824,51.324015],[11.266819,51.324012],[11.266816,51.324009],[11.266813,51.324006],[11.26681,51.324003],[11.266808,51.323999],[11.266806,51.323995],[11.266805,51.323991],[11.266805,51.323987],[11.266805,51.323984],[11.266806,51.32398],[11.266807,51.323976],[11.266809,51.323972],[11.266811,51.323969],[11.266814,51.323965],[11.266818,51.323962],[11.266822,51.323959],[11.267034,51.323816],[11.266868,51.323719],[11.266295,51.324173],[11.266293,51.324174],[11.265706,51.324614],[11.266791,51.325202],[11.267014,51.32505]]]},"properties":{"nutzung":"Kleingärten","flaeche_m2":10705,"fill":"#a3e635","fill-opacity":0.4,"stroke":"#a3e635","stroke-width":0.8},"links":[{"href":"http://localhost:8080/collections/flaechen/items/flaechen-251","rel":"self","type":"application/geo+json"}]},{"type":"Feature","id":"flaechen-252","geometry":{"type":"Polygon","coordinates":[[[11.28358,51.316305],[11.284422,51.315555],[11.284016,51.315375],[11.2832,51.316138],[11.28358,51.316305]]]},"properties":{"nutzung":"Wald","flaeche_m2":3413,"fill":"#4d7c0f","fill-opacity":0.5,"stroke":"#4d7c0f","stroke-width":0.8},"links":[{"href":"http://localhost:8080/collections/flaechen/items/flaechen-252","rel":"self","type":"application/geo+json"}]},{"type":"Feature","id":"flaechen-253","geometry":{"type":"Polygon","coordinates":[[[11.284111,51.332746],[11.284476,51.333052],[11.285109,51.332674],[11.284669,51.332403],[11.284657,51.332396],[11.284111,51.332746]]]},"properties":{"nutzung":"Obstwiese","flaeche_m2":2487,"fill":"#bbf7d0","fill-opacity":0.5,"stroke":"#bbf7d0","stroke-width":0.8},"links":[{"href":"http://localhost:8080/collections/flaechen/items/flaechen-253","rel":"self","type":"application/geo+json"}]},{"type":"Feature","id":"flaechen-254","geometry":{"type":"Polygon","coordinates":[[[11.267583,51.328369],[11.268783,51.32767],[11.268281,51.327345],[11.267394,51.327876],[11.267393,51.327877],[11.267104,51.32804],[11.267583,51.328369]]]},"properties":{"nutzung":"Wiese","flaeche_m2":5625,"fill":"#bef264","fill-opacity":0.45,"stroke":"#bef264","stroke-width":0.8},"links":[{"href":"http://localhost:8080/collections/flaechen/items/flaechen-254","rel":"self","type":"application/geo+json"}]},{"type":"Feature","id":"flaechen-255","geometry":{"type":"Polygon","coordinates":[[[11.274865,51.316094],[11.275279,51.316283],[11.27528,51.316283],[11.276151,51.3167],[11.276715,51.316225],[11.275717,51.31575],[11.275423,51.315618],[11.274865,51.316094]]]},"properties":{"nutzung":"Wiese","flaeche_m2":7378,"fill":"#bef264","fill-opacity":0.45,"stroke":"#bef264","stroke-width":0.8},"links":[{"href":"http://localhost:8080/collections/flaechen/items/flaechen-255","rel":"self","type":"application/geo+json"}]},{"type":"Feature","id":"flaechen-256","geometry":{"type":"Polygon","coordinates":[[[11.26767,51.322879],[11.268003,51.322606],[11.267451,51.322346],[11.267325,51.322289],[11.266997,51.322562],[11.267286,51.322693],[11.267289,51.322695],[11.26767,51.322879]]]},"properties":{"nutzung":"Kleingärten","flaeche_m2":2228,"fill":"#a3e635","fill-opacity":0.4,"stroke":"#a3e635","stroke-width":0.8},"links":[{"href":"http://localhost:8080/collections/flaechen/items/flaechen-256","rel":"self","type":"application/geo+json"}]},{"type":"Feature","id":"flaechen-257","geometry":{"type":"Polygon","coordinates":[[[11.294225,51.325781],[11.295408,51.325893],[11.295559,51.325745],[11.294617,51.325381],[11.294225,51.325781]]]},"properties":{"nutzung":"Obstwiese","flaeche_m2":2755,"fill":"#bbf7d0","fill-opacity":0.5,"stroke":"#bbf7d0","stroke-width":0.8},"links":[{"href":"http://localhost:8080/collections/flaechen/items/flaechen-257","rel":"self","type":"application/geo+json"}]},{"type":"Feature","id":"flaechen-258","geometry":{"type":"Polygon","coordinates":[[[11.272123,51.31733],[11.271785,51.317595],[11.272523,51.317947],[11.272726,51.317784],[11.273001,51.317549],[11.271915,51.317036],[11.271914,51.317036],[11.271843,51.317001],[11.271713,51.317106],[11.272109,51.317272],[11.272114,51.317274],[11.272119,51.317276],[11.272123,51.317279],[11.272127,51.317283],[11.27213,51.317286],[11.272132,51.317289],[11.272135,51.317293],[11.272136,51.317297],[11.272137,51.317301],[11.272138,51.317305],[11.272137,51.317309],[11.272136,51.317313],[11.272135,51.317316],[11.272133,51.31732],[11.27213,51.317324],[11.272127,51.317327],[11.272123,51.31733]]]},"properties":{"nutzung":"Kleingärten","flaeche_m2":4051,"fill":"#a3e635","fill-opacity":0.4,"stroke":"#a3e635","stroke-width":0.8},"links":[{"href":"http://localhost:8080/collections/flaechen/items/flaechen-258","rel":"self","type":"application/geo+json"}]},{"type":"Feature","id":"flaechen-259","geometry":{"type":"Polygon","coordinates":[[[11.287409,51.332061],[11.287816,51.332304],[11.288323,51.332533],[11.289124,51.33191],[11.288793,51.331733],[11.28879,51.331732],[11.288316,51.331457],[11.287409,51.332061]]]},"properties":{"nutzung":"Obstwiese","flaeche_m2":7232,"fill":"#bbf7d0","fill-opacity":0.5,"stroke":"#bbf7d0","stroke-width":0.8},"links":[{"href":"http://localhost:8080/collections/flaechen/items/flaechen-259","rel":"self","type":"application/geo+json"}]},{"type":"Feature","id":"flaechen-260","geometry":{"type":"Polygon","coordinates":[[[11.279434,51.333681],[11.280149,51.333268],[11.279447,51.332835],[11.279309,51.332757],[11.279269,51.332785],[11.279266,51.332787],[11.278863,51.333039],[11.27936,51.333719],[11.279434,51.333681]]]},"properties":{"nutzung":"Wiese","flaeche_m2":4774,"fill":"#bef264","fill-opacity":0.45,"stroke":"#bef264","stroke-width":0.8},"links":[{"href":"http://localhost:8080/collections/flaechen/items/flaechen-260","rel":"self","type":"application/geo+json"}]},{"type":"Feature","id":"flaechen-261","geometry":{"type":"Polygon","coordinates":[[[11.295665,51.320122],[11.293376,51.319448],[11.293165,51.319734],[11.293163,51.319735],[11.292937,51.320024],[11.293319,51.320141],[11.293325,51.320142],[11.29333,51.320145],[11.293335,51.320147],[11.293339,51.32015],[11.293344,51.320153],[11.293347,51.320157],[11.29335,51.320161],[11.293352,51.320164],[11.293354,51.320168],[11.293355,51.320172],[11.293355,51.320176],[11.293355,51.32018],[11.293354,51.320184],[11.293353,51.320188],[11.293351,51.320192],[11.293348,51.320196],[11.293006,51.320601],[11.294343,51.321005],[11.295665,51.320122]]]},"properties":{"nutzung":"Wiese","flaeche_m2":17990,"fill":"#bef264","fill-opacity":0.45,"stroke":"#bef264","stroke-width":0.8},"links":[{"href":"http://localhost:8080/collections/flaechen/items/flaechen-261","rel":"self","type":"application/geo+json"}]},{"type":"Feature","id":"flaechen-262","geometry":{"type":"Polygon","coordinates":[[[11.2826,51.313527],[11.281276,51.314726],[11.281274,51.314728],[11.280684,51.315229],[11.281098,51.315418],[11.281103,51.31542],[11.281108,51.315423],[11.281112,51.315427],[11.281115,51.31543],[11.281119,51.315434],[11.281121,51.315438],[11.281123,51.315442],[11.281124,51.315446],[11.281166,51.315681],[11.281964,51.31561],[11.281971,51.315609],[11.281977,51.315609],[11.281983,51.31561],[11.281989,51.31561],[11.281994,51.315612],[11.282,51.315613],[11.282006,51.315615],[11.282011,51.315617],[11.283047,51.316071],[11.283914,51.31526],[11.28392,51.315256],[11.283926,51.315251],[11.283933,51.315247],[11.283941,51.315244],[11.283949,51.315241],[11.283957,51.315239],[11.283966,51.315237],[11.283975,51.315235],[11.283984,51.315235],[11.283994,51.315234],[11.284003,51.315235],[11.284012,51.315236],[11.284021,51.315237],[11.28403,51.315239],[11.284038,51.315242],[11.284046,51.315245],[11.28453,51.315459],[11.285099,51.314952],[11.285104,51.314947],[11.285111,51.314943],[11.285118,51.314939],[11.285125,51.314936],[11.285134,51.314933],[11.285142,51.314931],[11.285151,51.314929],[11.28516,51.314928],[11.28517,51.314927],[11.285179,51.314927],[11.285188,51.314928],[11.285197,51.314929],[11.285206,51.314931],[11.285215,51.314933],[11.285223,51.314936],[11.285231,51.314939],[11.285545,51.315086],[11.286161,51.314679],[11.28658,51.314283],[11.284057,51.313246],[11.284122,51.313184],[11.282488,51.313478],[11.2826,51.313527]]]},"properties":{"nutzung":"Wald","flaeche_m2":69039,"fill":"#4d7c0f","fill-opacity":0.5,"stroke":"#4d7c0f","stroke-width":0.8},"links":[{"href":"http://localhost:8080/collections/flaechen/items/flaechen-262","rel":"self","type":"application/geo+json"}]},{"type":"Feature","id":"flaechen-263","geometry":{"type":"Polygon","coordinates":[[[11.287593,51.333262],[11.287665,51.333213],[11.287662,51.333213],[11.287653,51.333214],[11.287644,51.333214],[11.287634,51.333214],[11.287625,51.333213],[11.287616,51.333212],[11.287608,51.33321],[11.287599,51.333208],[11.287592,51.333205],[11.287584,51.333202],[11.287577,51.333198],[11.286052,51.332272],[11.285336,51.3327],[11.286936,51.333683],[11.287593,51.333262]]]},"properties":{"nutzung":"Kleingärten","flaeche_m2":10739,"fill":"#a3e635","fill-opacity":0.4,"stroke":"#a3e635","stroke-width":0.8},"links":[{"href":"http://localhost:8080/collections/flaechen/items/flaechen-263","rel":"self","type":"application/geo+json"}]},{"type":"Feature","id":"flaechen-264","geometry":{"type":"Polygon","coordinates":[[[11.279291,51.315237],[11.278608,51.314918],[11.277525,51.31583],[11.278091,51.316109],[11.278778,51.315565],[11.278783,51.315562],[11.279291,51.315237]]]},"properties":{"nutzung":"Obstwiese","flaeche_m2":6754,"fill":"#bbf7d0","fill-opacity":0.5,"stroke":"#bbf7d0","stroke-width":0.8},"links":[{"href":"http://localhost:8080/collections/flaechen/items/flaechen-264","rel":"self","type":"application/geo+json"}]},{"type":"Feature","id":"flaechen-265","geometry":{"type":"Polygon","coordinates":[[[11.267017,51.327981],[11.267305,51.327817],[11.268191,51.327286],[11.268027,51.32718],[11.267309,51.326734],[11.267161,51.326829],[11.267159,51.32683],[11.266171,51.327419],[11.266703,51.327764],[11.266704,51.327765],[11.267017,51.327981]]]},"properties":{"nutzung":"Obstwiese","flaeche_m2":9595,"fill":"#bbf7d0","fill-opacity":0.5,"stroke":"#bbf7d0","stroke-width":0.8},"links":[{"href":"http://localhost:8080/collections/flaechen/items/flaechen-265","rel":"self","type":"application/geo+json"}]},{"type":"Feature","id":"flaechen-266","geometry":{"type":"Polygon","coordinates":[[[11.272154,51.316752],[11.271923,51.316938],[11.271993,51.316972],[11.273077,51.317484],[11.273914,51.316769],[11.272753,51.316235],[11.272156,51.316751],[11.272154,51.316752]]]},"properties":{"nutzung":"Obstwiese","flaeche_m2":9811,"fill":"#bbf7d0","fill-opacity":0.5,"stroke":"#bbf7d0","stroke-width":0.8},"links":[{"href":"http://localhost:8080/collections/flaechen/items/flaechen-266","rel":"self","type":"application/geo+json"}]},{"type":"Feature","id":"flaechen-267","geometry":{"type":"Polygon","coordinates":[[[11.294949,51.324622],[11.294684,51.32474],[11.294985,51.324851],[11.295122,51.324711],[11.294949,51.324622]]]},"properties":{"nutzung":"Obstwiese","flaeche_m2":392,"fill":"#bbf7d0","fill-opacity":0.5,"stroke":"#bbf7d0","stroke-width":0.8},"links":[{"href":"http://localhost:8080/collections/flaechen/items/flaechen-267","rel":"self","type":"application/geo+json"}]},{"type":"Feature","id":"flaechen-268","geometry":{"type":"Polygon","coordinates":[[[11.292691,51.31995],[11.292917,51.319661],[11.293117,51.319391],[11.293087,51.319382],[11.292654,51.319938],[11.292691,51.31995]]]},"properties":{"nutzung":"Wiese","flaeche_m2":192,"fill":"#bef264","fill-opacity":0.45,"stroke":"#bef264","stroke-width":0.8},"links":[{"href":"http://localhost:8080/collections/flaechen/items/flaechen-268","rel":"self","type":"application/geo+json"}]},{"type":"Feature","id":"flaechen-269","geometry":{"type":"Polygon","coordinates":[[[11.267505,51.323014],[11.267124,51.32283],[11.266833,51.322699],[11.266322,51.323123],[11.266981,51.323441],[11.267074,51.323368],[11.267505,51.323014]]]},"properties":{"nutzung":"Kleingärten","flaeche_m2":3479,"fill":"#a3e635","fill-opacity":0.4,"stroke":"#a3e635","stroke-width":0.8},"links":[{"href":"http://localhost:8080/collections/flaechen/items/flaechen-269","rel":"self","type":"application/geo+json"}]},{"type":"Feature","id":"flaechen-270","geometry":{"type":"Polygon","coordinates":[[[11.280608,51.315294],[11.280346,51.315517],[11.281067,51.315853],[11.280998,51.315473],[11.280608,51.315294]]]},"properties":{"nutzung":"Wald","flaeche_m2":1491,"fill":"#4d7c0f","fill-opacity":0.5,"stroke":"#4d7c0f","stroke-width":0.8},"links":[{"href":"http://localhost:8080/collections/flaechen/items/flaechen-270","rel":"self","type":"application/geo+json"}]},{"type":"Feature","id":"flaechen-271","geometry":{"type":"Polygon","coordinates":[[[11.288057,51.316301],[11.287517,51.31678],[11.288175,51.317071],[11.288888,51.317369],[11.289163,51.317112],[11.289411,51.316869],[11.288057,51.316301]]]},"properties":{"nutzung":"Wiese","flaeche_m2":7603,"fill":"#bef264","fill-opacity":0.45,"stroke":"#bef264","stroke-width":0.8},"links":[{"href":"http://localhost:8080/collections/flaechen/items/flaechen-271","rel":"self","type":"application/geo+json"}]},{"type":"Feature","id":"flaechen-272","geometry":{"type":"Polygon","coordinates":[[[11.289271,51.317157],[11.288995,51.317414],[11.289584,51.317661],[11.29038,51.316873],[11.290466,51.316778],[11.29035,51.316736],[11.289779,51.316992],[11.289773,51.316995],[11.289767,51.316996],[11.289761,51.316998],[11.289755,51.316999],[11.289748,51.317],[11.289742,51.317],[11.289735,51.317],[11.289729,51.316999],[11.289723,51.316998],[11.289716,51.316997],[11.28971,51.316995],[11.289705,51.316993],[11.289518,51.316915],[11.289271,51.317156],[11.289271,51.317157]]]},"properties":{"nutzung":"Wiese","flaeche_m2":4192,"fill":"#bef264","fill-opacity":0.45,"stroke":"#bef264","stroke-width":0.8},"links":[{"href":"http://localhost:8080/collections/flaechen/items/flaechen-272","rel":"self","type":"application/geo+json"}]},{"type":"Feature","id":"flaechen-273","geometry":{"type":"Polygon","coordinates":[[[11.267049,51.323576],[11.266948,51.323656],[11.267122,51.323756],[11.267247,51.323671],[11.267049,51.323576]]]},"properties":{"nutzung":"Wiese","flaeche_m2":204,"fill":"#bef264","fill-opacity":0.45,"stroke":"#bef264","stroke-width":0.8},"links":[{"href":"http://localhost:8080/collections/flaechen/items/flaechen-273","rel":"self","type":"application/geo+json"}]},{"type":"Feature","id":"flaechen-274","geometry":{"type":"Polygon","coordinates":[[[11.291228,51.317533],[11.291541,51.317159],[11.291312,51.317084],[11.29131,51.317083],[11.290628,51.316837],[11.290542,51.316932],[11.290539,51.316934],[11.289741,51.317725],[11.290715,51.318084],[11.291228,51.317533]]]},"properties":{"nutzung":"Wiese","flaeche_m2":8903,"fill":"#bef264","fill-opacity":0.45,"stroke":"#bef264","stroke-width":0.8},"links":[{"href":"http://localhost:8080/collections/flaechen/items/flaechen-274","rel":"self","type":"application/geo+json"}]},{"type":"Feature","id":"flaechen-275","geometry":{"type":"Polygon","coordinates":[[[11.286724,51.332517],[11.287634,51.333069],[11.288242,51.332596],[11.287736,51.332368],[11.28773,51.332364],[11.28732,51.33212],[11.286724,51.332517]]]},"properties":{"nutzung":"Wald","flaeche_m2":5363,"fill":"#4d7c0f","fill-opacity":0.5,"stroke":"#4d7c0f","stroke-width":0.8},"links":[{"href":"http://localhost:8080/collections/flaechen/items/flaechen-275","rel":"self","type":"application/geo+json"}]},{"type":"Feature","id":"flaechen-276","geometry":{"type":"Polygon","coordinates":[[[11.266949,51.325857],[11.267283,51.325633],[11.267065,51.325505],[11.266763,51.325342],[11.266466,51.325545],[11.266949,51.325857]]]},"properties":{"nutzung":"Feld","flaeche_m2":1576,"fill":"#fde68a","fill-opacity":0.5,"stroke":"#fde68a","stroke-width":0.8,"frucht":"Kartoffeln"},"links":[{"href":"http://localhost:8080/collections/flaechen/items/flaechen-276","rel":"self","type":"application/geo+json"}]},{"type":"Feature","id":"flaechen-277","geometry":{"type":"Polygon","coordinates":[[[11.28743,51.316077],[11.286929,51.31652],[11.287411,51.316733],[11.287947,51.316258],[11.28743,51.316077]]]},"properties":{"nutzung":"Kleingärten","flaeche_m2":2569,"fill":"#a3e635","fill-opacity":0.4,"stroke":"#a3e635","stroke-width":0.8},"links":[{"href":"http://localhost:8080/collections/flaechen/items/flaechen-277","rel":"self","type":"application/geo+json"}]},{"type":"Feature","id":"flaechen-278","geometry":{"type":"Polygon","coordinates":[[[11.275499,51.315552],[11.275793,51.315685],[11.275794,51.315686],[11.276793,51.31616],[11.277199,51.315818],[11.277183,51.31581],[11.275894,51.315215],[11.275499,51.315552]]]},"properties":{"nutzung":"Wald","flaeche_m2":5269,"fill":"#4d7c0f","fill-opacity":0.5,"stroke":"#4d7c0f","stroke-width":0.8},"links":[{"href":"http://localhost:8080/collections/flaechen/items/flaechen-278","rel":"self","type":"application/geo+json"}]},{"type":"Feature","id":"flaechen-279","geometry":{"type":"Polygon","coordinates":[[[11.281889,51.33314],[11.281112,51.333621],[11.281109,51.333623],[11.28098,51.333697],[11.281302,51.333911],[11.281304,51.333912],[11.282366,51.334669],[11.283372,51.334085],[11.282141,51.333292],[11.281889,51.33314]]]},"properties":{"nutzung":"Wiese","flaeche_m2":13413,"fill":"#bef264","fill-opacity":0.45,"stroke":"#bef264","stroke-width":0.8},"links":[{"href":"http://localhost:8080/collections/flaechen/items/flaechen-279","rel":"self","type":"application/geo+json"}]},{"type":"Feature","id":"flaechen-280","geometry":{"type":"Polygon","coordinates":[[[11.290884,51.330669],[11.291225,51.330637],[11.291511,51.330394],[11.291369,51.330327],[11.290884,51.330669]]]},"properties":{"nutzung":"Wiese","flaeche_m2":601,"fill":"#bef264","fill-opacity":0.45,"stroke":"#bef264","stroke-width":0.8},"links":[{"href":"http://localhost:8080/collections/flaechen/items/flaechen-280","rel":"self","type":"application/geo+json"}]},{"type":"Feature","id":"flaechen-281","geometry":{"type":"Polygon","coordinates":[[[11.284354,51.333287],[11.284347,51.333291],[11.28434,51.333294],[11.284332,51.333297],[11.284328,51.333298],[11.284048,51.333797],[11.284045,51.333801],[11.284043,51.333804],[11.284039,51.333808],[11.284035,51.333811],[11.284031,51.333813],[11.283556,51.334089],[11.284836,51.334955],[11.285316,51.334681],[11.28647,51.333981],[11.286846,51.33374],[11.285243,51.332756],[11.284354,51.333287]]]},"properties":{"nutzung":"Feld","flaeche_m2":28159,"fill":"#fde68a","fill-opacity":0.5,"stroke":"#fde68a","stroke-width":0.8,"frucht":"Weizen"},"links":[{"href":"http://localhost:8080/collections/flaechen/items/flaechen-281","rel":"self","type":"application/geo+json"}]},{"type":"Feature","id":"flaechen-282","geometry":{"type":"Polygon","coordinates":[[[11.267591,51.321934],[11.26742,51.321854],[11.266812,51.32158],[11.266525,51.321829],[11.267298,51.322177],[11.267591,51.321934]]]},"properties":{"nutzung":"Obstwiese","flaeche_m2":2274,"fill":"#bbf7d0","fill-opacity":0.5,"stroke":"#bbf7d0","stroke-width":0.8},"links":[{"href":"http://localhost:8080/collections/flaechen/items/flaechen-282","rel":"self","type":"application/geo+json"}]},{"type":"Feature","id":"flaechen-283","geometry":{"type":"Polygon","coordinates":[[[11.295059,51.324574],[11.295248,51.324671],[11.295252,51.324673],[11.295257,51.324676],[11.29526,51.324679],[11.295264,51.324683],[11.295266,51.324686],[11.295268,51.32469],[11.29527,51.324693],[11.295271,51.324697],[11.295272,51.324701],[11.295271,51.324705],[11.295271,51.324709],[11.295269,51.324713],[11.295267,51.324716],[11.295265,51.32472],[11.295262,51.324723],[11.295096,51.324892],[11.29536,51.32499],[11.295362,51.32499],[11.29605,51.325263],[11.296281,51.325036],[11.29641,51.324904],[11.295931,51.324718],[11.295278,51.324477],[11.295059,51.324574]]]},"properties":{"nutzung":"Wiese","flaeche_m2":3990,"fill":"#bef264","fill-opacity":0.45,"stroke":"#bef264","stroke-width":0.8},"links":[{"href":"http://localhost:8080/collections/flaechen/items/flaechen-283","rel":"self","type":"application/geo+json"}]},{"type":"Feature","id":"flaechen-284","geometry":{"type":"Polygon","coordinates":[[[11.293196,51.319285],[11.294178,51.317959],[11.292435,51.317451],[11.292432,51.31745],[11.291656,51.317196],[11.291341,51.317571],[11.29134,51.317573],[11.290827,51.318125],[11.291379,51.318328],[11.29333,51.318938],[11.293338,51.318941],[11.293345,51.318945],[11.293352,51.318948],[11.293358,51.318952],[11.293364,51.318957],[11.293369,51.318962],[11.293373,51.318967],[11.293376,51.318972],[11.293379,51.318977],[11.29338,51.318983],[11.293381,51.318989],[11.293381,51.318994],[11.29338,51.319],[11.293378,51.319006],[11.293375,51.319011],[11.293372,51.319016],[11.293169,51.319277],[11.293196,51.319285]]]},"properties":{"nutzung":"Wiese","flaeche_m2":24210,"fill":"#bef264","fill-opacity":0.45,"stroke":"#bef264","stroke-width":0.8},"links":[{"href":"http://localhost:8080/collections/flaechen/items/flaechen-284","rel":"self","type":"application/geo+json"}]},{"type":"Feature","id":"flaechen-285","geometry":{"type":"Polygon","coordinates":[[[11.287185,51.315998],[11.286651,51.315749],[11.286164,51.316182],[11.286706,51.316421],[11.287185,51.315998]]]},"properties":{"nutzung":"Wiese","flaeche_m2":2696,"fill":"#bef264","fill-opacity":0.45,"stroke":"#bef264","stroke-width":0.8},"links":[{"href":"http://localhost:8080/collections/flaechen/items/flaechen-285","rel":"self","type":"application/geo+json"}]},{"type":"Feature","id":"flaechen-286","geometry":{"type":"Polygon","coordinates":[[[11.294865,51.326161],[11.294701,51.326783],[11.294817,51.32674],[11.294823,51.326738],[11.294829,51.326736],[11.294836,51.326735],[11.294842,51.326735],[11.294849,51.326734],[11.294855,51.326734],[11.294862,51.326735],[11.294868,51.326736],[11.294875,51.326737],[11.294881,51.326739],[11.294886,51.326741],[11.295404,51.326957],[11.295661,51.326723],[11.295837,51.326552],[11.295022,51.326216],[11.295017,51.326214],[11.295012,51.326211],[11.295008,51.326208],[11.295004,51.326205],[11.295004,51.326205],[11.294865,51.326161]]]},"properties":{"nutzung":"Wiese","flaeche_m2":3771,"fill":"#bef264","fill-opacity":0.45,"stroke":"#bef264","stroke-width":0.8},"links":[{"href":"http://localhost:8080/collections/flaechen/items/flaechen-286","rel":"self","type":"application/geo+json"}]},{"type":"Feature","id":"flaechen-287","geometry":{"type":"Polygon","coordinates":[[[11.291615,51.330442],[11.291314,51.330699],[11.29131,51.330702],[11.291305,51.330705],[11.2913,51.330707],[11.291295,51.330709],[11.291289,51.330711],[11.291284,51.330713],[11.291277,51.330714],[11.291271,51.330715],[11.290925,51.330747],[11.290954,51.330762],[11.291997,51.331253],[11.292477,51.330845],[11.291615,51.330442]]]},"properties":{"nutzung":"Kleingärten","flaeche_m2":4385,"fill":"#a3e635","fill-opacity":0.4,"stroke":"#a3e635","stroke-width":0.8},"links":[{"href":"http://localhost:8080/collections/flaechen/items/flaechen-287","rel":"self","type":"application/geo+json"}]},{"type":"Feature","id":"flaechen-288","geometry":{"type":"Polygon","coordinates":[[[11.278616,51.333193],[11.278611,51.333196],[11.278079,51.333465],[11.278719,51.333979],[11.278954,51.333924],[11.27914,51.33383],[11.278657,51.333167],[11.278616,51.333193]]]},"properties":{"nutzung":"Kleingärten","flaeche_m2":3282,"fill":"#a3e635","fill-opacity":0.4,"stroke":"#a3e635","stroke-width":0.8},"links":[{"href":"http://localhost:8080/collections/flaechen/items/flaechen-288","rel":"self","type":"application/geo+json"}]},{"type":"Feature","id":"flaechen-289","geometry":{"type":"Polygon","coordinates":[[[11.270686,51.317916],[11.270017,51.318426],[11.270342,51.318596],[11.271006,51.318076],[11.270686,51.317916]]]},"properties":{"nutzung":"Wiese","flaeche_m2":2134,"fill":"#bef264","fill-opacity":0.45,"stroke":"#bef264","stroke-width":0.8},"links":[{"href":"http://localhost:8080/collections/flaechen/items/flaechen-289","rel":"self","type":"application/geo+json"}]},{"type":"Feature","id":"flaechen-290","geometry":{"type":"Polygon","coordinates":[[[11.265618,51.323709],[11.264953,51.32422],[11.26545,51.324475],[11.265452,51.324476],[11.265565,51.324537],[11.266149,51.3241],[11.266901,51.323505],[11.266244,51.323188],[11.265619,51.323707],[11.265618,51.323709]]]},"properties":{"nutzung":"Wiese","flaeche_m2":8256,"fill":"#bef264","fill-opacity":0.45,"stroke":"#bef264","stroke-width":0.8},"links":[{"href":"http://localhost:8080/collections/flaechen/items/flaechen-290","rel":"self","type":"application/geo+json"}]},{"type":"Feature","id":"flaechen-291","geometry":{"type":"Polygon","coordinates":[[[11.280306,51.333924],[11.280757,51.333666],[11.280263,51.333339],[11.280241,51.333325],[11.27952,51.333742],[11.279517,51.333744],[11.279415,51.333795],[11.27973,51.334226],[11.280306,51.333924]]]},"properties":{"nutzung":"Kleingärten","flaeche_m2":4455,"fill":"#a3e635","fill-opacity":0.4,"stroke":"#a3e635","stroke-width":0.8},"links":[{"href":"http://localhost:8080/collections/flaechen/items/flaechen-291","rel":"self","type":"application/geo+json"}]},{"type":"Feature","id":"flaechen-292","geometry":{"type":"Polygon","coordinates":[[[11.269558,51.330213],[11.269035,51.330363],[11.27021,51.331134],[11.270896,51.330703],[11.269937,51.330095],[11.269561,51.330211],[11.269558,51.330213]]]},"properties":{"nutzung":"Feld","flaeche_m2":7107,"fill":"#fde68a","fill-opacity":0.5,"stroke":"#fde68a","stroke-width":0.8,"frucht":"Weizen"},"links":[{"href":"http://localhost:8080/collections/flaechen/items/flaechen-292","rel":"self","type":"application/geo+json"}]},{"type":"Feature","id":"flaechen-293","geometry":{"type":"Polygon","coordinates":[[[11.292554,51.33078],[11.293673,51.329831],[11.293882,51.32965],[11.293618,51.329529],[11.293008,51.329256],[11.291692,51.330377],[11.292554,51.33078]]]},"properties":{"nutzung":"Feld","flaeche_m2":11673,"fill":"#fde68a","fill-opacity":0.5,"stroke":"#fde68a","stroke-width":0.8,"frucht":"Roggen"},"links":[{"href":"http://localhost:8080/collections/flaechen/items/flaechen-293","rel":"self","type":"application/geo+json"}]},{"type":"Feature","id":"flaechen-294","geometry":{"type":"Polygon","coordinates":[[[11.270731,51.331444],[11.271395,51.331005],[11.27116,51.330871],[11.271158,51.330869],[11.270987,51.330761],[11.270303,51.33119],[11.270731,51.331444]]]},"properties":{"nutzung":"Wiese","flaeche_m2":2695,"fill":"#bef264","fill-opacity":0.45,"stroke":"#bef264","stroke-width":0.8},"links":[{"href":"http://localhost:8080/collections/flaechen/items/flaechen-294","rel":"self","type":"application/geo+json"}]},{"type":"Feature","id":"flaechen-295","geometry":{"type":"Polygon","coordinates":[[[11.271349,51.331792],[11.271987,51.331343],[11.271491,51.331059],[11.270825,51.3315],[11.270978,51.331591],[11.271349,51.331792]]]},"properties":{"nutzung":"Wiese","flaeche_m2":3223,"fill":"#bef264","fill-opacity":0.45,"stroke":"#bef264","stroke-width":0.8},"links":[{"href":"http://localhost:8080/collections/flaechen/items/flaechen-295","rel":"self","type":"application/geo+json"}]},{"type":"Feature","id":"flaechen-296","geometry":{"type":"Polygon","coordinates":[[[11.294673,51.326887],[11.294627,51.327063],[11.295077,51.327254],[11.29533,51.327023],[11.294848,51.326822],[11.294673,51.326887]]]},"properties":{"nutzung":"Obstwiese","flaeche_m2":1317,"fill":"#bbf7d0","fill-opacity":0.5,"stroke":"#bbf7d0","stroke-width":0.8},"links":[{"href":"http://localhost:8080/collections/flaechen/items/flaechen-296","rel":"self","type":"application/geo+json"}]},{"type":"Feature","id":"flaechen-297","geometry":{"type":"Polygon","coordinates":[[[11.26722,51.322242],[11.266449,51.321894],[11.26613,51.32217],[11.266892,51.322515],[11.26722,51.322242]]]},"properties":{"nutzung":"Kleingärten","flaeche_m2":2493,"fill":"#a3e635","fill-opacity":0.4,"stroke":"#a3e635","stroke-width":0.8},"links":[{"href":"http://localhost:8080/collections/flaechen/items/flaechen-297","rel":"self","type":"application/geo+json"}]},{"type":"Feature","id":"flaechen-298","geometry":{"type":"Polygon","coordinates":[[[11.286547,51.3157],[11.285883,51.31539],[11.28538,51.315835],[11.286059,51.316135],[11.286547,51.3157]]]},"properties":{"nutzung":"Kleingärten","flaeche_m2":3458,"fill":"#a3e635","fill-opacity":0.4,"stroke":"#a3e635","stroke-width":0.8},"links":[{"href":"http://localhost:8080/collections/flaechen/items/flaechen-298","rel":"self","type":"application/geo+json"}]},{"type":"Feature","id":"flaechen-299","geometry":{"type":"Polygon","coordinates":[[[11.271984,51.332124],[11.272588,51.331657],[11.272127,51.33142],[11.27149,51.331869],[11.27167,51.331967],[11.271984,51.332124]]]},"properties":{"nutzung":"Obstwiese","flaeche_m2":2884,"fill":"#bbf7d0","fill-opacity":0.5,"stroke":"#bbf7d0","stroke-width":0.8},"links":[{"href":"http://localhost:8080/collections/flaechen/items/flaechen-299","rel":"self","type":"application/geo+json"}]},{"type":"Feature","id":"flaechen-300","geometry":{"type":"Polygon","coordinates":[[[11.266637,51.326317],[11.266509,51.326402],[11.266506,51.326405],[11.265538,51.327008],[11.266081,51.32736],[11.267069,51.326772],[11.267217,51.326677],[11.26664,51.326319],[11.266637,51.326317]]]},"properties":{"nutzung":"Obstwiese","flaeche_m2":6071,"fill":"#bbf7d0","fill-opacity":0.5,"stroke":"#bbf7d0","stroke-width":0.8},"links":[{"href":"http://localhost:8080/collections/flaechen/items/flaechen-300","rel":"self","type":"application/geo+json"}]},{"type":"Feature","id":"flaechen-301","geometry":{"type":"Polygon","coordinates":[[[11.271022,51.317661],[11.270769,51.317853],[11.271086,51.318013],[11.271566,51.317637],[11.271352,51.317535],[11.271349,51.317534],[11.271245,51.317481],[11.271023,51.31766],[11.271022,51.317661]]]},"properties":{"nutzung":"Kleingärten","flaeche_m2":1497,"fill":"#a3e635","fill-opacity":0.4,"stroke":"#a3e635","stroke-width":0.8},"links":[{"href":"http://localhost:8080/collections/flaechen/items/flaechen-301","rel":"self","type":"application/geo+json"}]},{"type":"Feature","id":"flaechen-302","geometry":{"type":"Polygon","coordinates":[[[11.294454,51.329153],[11.293576,51.32876],[11.293356,51.328959],[11.293355,51.32896],[11.293085,51.32919],[11.293694,51.329463],[11.293694,51.329464],[11.293957,51.329584],[11.294454,51.329153]]]},"properties":{"nutzung":"Kleingärten","flaeche_m2":4405,"fill":"#a3e635","fill-opacity":0.4,"stroke":"#a3e635","stroke-width":0.8},"links":[{"href":"http://localhost:8080/collections/flaechen/items/flaechen-302","rel":"self","type":"application/geo+json"}]},{"type":"Feature","id":"flaechen-303","geometry":{"type":"Polygon","coordinates":[[[11.27284,51.332535],[11.273404,51.332053],[11.272989,51.331862],[11.272986,51.331861],[11.272688,51.331708],[11.272086,51.332174],[11.272388,51.332325],[11.27284,51.332535]]]},"properties":{"nutzung":"Wiese","flaeche_m2":4281,"fill":"#bef264","fill-opacity":0.45,"stroke":"#bef264","stroke-width":0.8},"links":[{"href":"http://localhost:8080/collections/flaechen/items/flaechen-303","rel":"self","type":"application/geo+json"}]},{"type":"Feature","id":"flaechen-304","geometry":{"type":"Polygon","coordinates":[[[11.274684,51.316111],[11.273829,51.315721],[11.273218,51.316237],[11.274076,51.316631],[11.274684,51.316111]]]},"properties":{"nutzung":"Feld","flaeche_m2":5286,"fill":"#fde68a","fill-opacity":0.5,"stroke":"#fde68a","stroke-width":0.8,"frucht":"Gerste"},"links":[{"href":"http://localhost:8080/collections/flaechen/items/flaechen-304","rel":"self","type":"application/geo+json"}]},{"type":"Feature","id":"flaechen-305","geometry":{"type":"Polygon","coordinates":[[[11.269705,51.329948],[11.269703,51.329947],[11.26934,51.329697],[11.268654,51.330095],[11.268843,51.33023],[11.269442,51.330058],[11.269735,51.329967],[11.269705,51.329948]]]},"properties":{"nutzung":"Obstwiese","flaeche_m2":1996,"fill":"#bbf7d0","fill-opacity":0.5,"stroke":"#bbf7d0","stroke-width":0.8},"links":[{"href":"http://localhost:8080/collections/flaechen/items/flaechen-305","rel":"self","type":"application/geo+json"}]},{"type":"Feature","id":"flaechen-306","geometry":{"type":"Polygon","coordinates":[[[11.297236,51.324057],[11.296827,51.323904],[11.296573,51.323917],[11.295676,51.3243],[11.295394,51.324425],[11.295998,51.324649],[11.295999,51.324649],[11.296477,51.324835],[11.297236,51.324057]]]},"properties":{"nutzung":"Kleingärten","flaeche_m2":6573,"fill":"#a3e635","fill-opacity":0.4,"stroke":"#a3e635","stroke-width":0.8},"links":[{"href":"http://localhost:8080/collections/flaechen/items/flaechen-306","rel":"self","type":"application/geo+json"}]},{"type":"Feature","id":"flaechen-307","geometry":{"type":"Polygon","coordinates":[[[11.273363,51.332778],[11.273374,51.33277],[11.273917,51.33228],[11.273733,51.332203],[11.27373,51.332202],[11.273509,51.332101],[11.272943,51.332583],[11.273363,51.332778]]]},"properties":{"nutzung":"Wiese","flaeche_m2":2379,"fill":"#bef264","fill-opacity":0.45,"stroke":"#bef264","stroke-width":0.8},"links":[{"href":"http://localhost:8080/collections/flaechen/items/flaechen-307","rel":"self","type":"application/geo+json"}]},{"type":"Feature","id":"flaechen-308","geometry":{"type":"Polygon","coordinates":[[[11.294511,51.327911],[11.293682,51.328664],[11.294563,51.329058],[11.295285,51.328432],[11.295422,51.328307],[11.294511,51.327911]]]},"properties":{"nutzung":"Wiese","flaeche_m2":7818,"fill":"#bef264","fill-opacity":0.45,"stroke":"#bef264","stroke-width":0.8},"links":[{"href":"http://localhost:8080/collections/flaechen/items/flaechen-308","rel":"self","type":"application/geo+json"}]},{"type":"Feature","id":"flaechen-309","geometry":{"type":"Polygon","coordinates":[[[11.266143,51.32639],[11.266311,51.326285],[11.266822,51.325942],[11.26634,51.325632],[11.265609,51.326133],[11.266143,51.32639]]]},"properties":{"nutzung":"Kleingärten","flaeche_m2":3429,"fill":"#a3e635","fill-opacity":0.4,"stroke":"#a3e635","stroke-width":0.8},"links":[{"href":"http://localhost:8080/collections/flaechen/items/flaechen-309","rel":"self","type":"application/geo+json"}]},{"type":"Feature","id":"flaechen-310","geometry":{"type":"Polygon","coordinates":[[[11.266376,51.325487],[11.266665,51.325289],[11.265586,51.324703],[11.265389,51.324851],[11.266376,51.325487]]]},"properties":{"nutzung":"Wiese","flaeche_m2":2536,"fill":"#bef264","fill-opacity":0.45,"stroke":"#bef264","stroke-width":0.8},"links":[{"href":"http://localhost:8080/collections/flaechen/items/flaechen-310","rel":"self","type":"application/geo+json"}]},{"type":"Feature","id":"flaechen-311","geometry":{"type":"Polygon","coordinates":[[[11.268474,51.329967],[11.269156,51.329571],[11.268751,51.329292],[11.268499,51.329438],[11.268497,51.329439],[11.26806,51.329673],[11.268474,51.329967]]]},"properties":{"nutzung":"Wiese","flaeche_m2":2736,"fill":"#bef264","fill-opacity":0.45,"stroke":"#bef264","stroke-width":0.8},"links":[{"href":"http://localhost:8080/collections/flaechen/items/flaechen-311","rel":"self","type":"application/geo+json"}]},{"type":"Feature","id":"flaechen-312","geometry":{"type":"Polygon","coordinates":[[[11.271633,51.31717],[11.27136,51.317389],[11.271466,51.317443],[11.271682,51.317546],[11.271978,51.317314],[11.271633,51.31717]]]},"properties":{"nutzung":"Wald","flaeche_m2":917,"fill":"#4d7c0f","fill-opacity":0.5,"stroke":"#4d7c0f","stroke-width":0.8},"links":[{"href":"http://localhost:8080/collections/flaechen/items/flaechen-312","rel":"self","type":"application/geo+json"}]},{"type":"Feature","id":"flaechen-313","geometry":{"type":"Polygon","coordinates":[[[11.276004,51.315121],[11.277295,51.315716],[11.277298,51.315718],[11.27731,51.315724],[11.277601,51.315479],[11.276286,51.31488],[11.276004,51.315121]]]},"properties":{"nutzung":"Kleingärten","flaeche_m2":3791,"fill":"#a3e635","fill-opacity":0.4,"stroke":"#a3e635","stroke-width":0.8},"links":[{"href":"http://localhost:8080/collections/flaechen/items/flaechen-313","rel":"self","type":"application/geo+json"}]},{"type":"Feature","id":"flaechen-314","geometry":{"type":"Polygon","coordinates":[[[11.277712,51.315386],[11.27847,51.314747],[11.278479,51.314741],[11.278488,51.314735],[11.278499,51.314729],[11.27851,51.314725],[11.278522,51.314721],[11.278534,51.314717],[11.278547,51.314715],[11.27856,51.314713],[11.278574,51.314713],[11.278587,51.314713],[11.2786,51.314713],[11.278613,51.314715],[11.278626,51.314718],[11.278639,51.314721],[11.27865,51.314725],[11.278662,51.31473],[11.280127,51.315414],[11.280387,51.315193],[11.277475,51.313864],[11.276396,51.314786],[11.277712,51.315386]]]},"properties":{"nutzung":"Feld","flaeche_m2":18538,"fill":"#fde68a","fill-opacity":0.5,"stroke":"#fde68a","stroke-width":0.8,"frucht":"Weizen"},"links":[{"href":"http://localhost:8080/collections/flaechen/items/flaechen-314","rel":"self","type":"application/geo+json"}]},{"type":"Feature","id":"flaechen-315","geometry":{"type":"Polygon","coordinates":[[[11.274241,51.333247],[11.274245,51.333246],[11.274692,51.333086],[11.274538,51.332885],[11.274536,51.332881],[11.274534,51.332878],[11.274533,51.332874],[11.274532,51.33287],[11.274532,51.332866],[11.274533,51.332862],[11.274534,51.332858],[11.274535,51.332854],[11.274538,51.332851],[11.274541,51.332847],[11.274544,51.332844],[11.274548,51.332841],[11.27481,51.332654],[11.274072,51.332345],[11.273525,51.332839],[11.27352,51.332843],[11.273513,51.332848],[11.273586,51.332882],[11.27359,51.332884],[11.273936,51.333074],[11.273939,51.333076],[11.273943,51.333078],[11.274165,51.333243],[11.274168,51.333245],[11.274171,51.333248],[11.274191,51.333269],[11.274241,51.333247]]]},"properties":{"nutzung":"Kleingärten","flaeche_m2":4973,"fill":"#a3e635","fill-opacity":0.4,"stroke":"#a3e635","stroke-width":0.8},"links":[{"href":"http://localhost:8080/collections/flaechen/items/flaechen-315","rel":"self","type":"application/geo+json"}]},{"type":"Feature","id":"flaechen-316","geometry":{"type":"Polygon","coordinates":[[[11.285196,51.315068],[11.284682,51.315526],[11.285275,51.315788],[11.285779,51.315342],[11.285746,51.315325],[11.285196,51.315068]]]},"properties":{"nutzung":"Wald","flaeche_m2":3115,"fill":"#4d7c0f","fill-opacity":0.5,"stroke":"#4d7c0f","stroke-width":0.8},"links":[{"href":"http://localhost:8080/collections/flaechen/items/flaechen-316","rel":"self","type":"application/geo+json"}]},{"type":"Feature","id":"flaechen-317","geometry":{"type":"Polygon","coordinates":[[[11.267975,51.329612],[11.268412,51.329378],[11.268663,51.329232],[11.268202,51.328915],[11.26752,51.329288],[11.267975,51.329612]]]},"properties":{"nutzung":"Kleingärten","flaeche_m2":3055,"fill":"#a3e635","fill-opacity":0.4,"stroke":"#a3e635","stroke-width":0.8},"links":[{"href":"http://localhost:8080/collections/flaechen/items/flaechen-317","rel":"self","type":"application/geo+json"}]},{"type":"Feature","id":"flaechen-318","geometry":{"type":"Polygon","coordinates":[[[11.295987,51.321897],[11.295993,51.321895],[11.295999,51.321893],[11.296006,51.321892],[11.296012,51.321892],[11.296019,51.321892],[11.296025,51.321892],[11.296032,51.321892],[11.296038,51.321893],[11.296045,51.321895],[11.29605,51.321897],[11.296921,51.322196],[11.297181,51.321893],[11.297078,51.321858],[11.295648,51.321398],[11.295638,51.321395],[11.29563,51.321391],[11.294733,51.320916],[11.294482,51.321084],[11.295507,51.322068],[11.295987,51.321897]]]},"properties":{"nutzung":"Feld","flaeche_m2":9041,"fill":"#fde68a","fill-opacity":0.5,"stroke":"#fde68a","stroke-width":0.8,"frucht":"Raps"},"links":[{"href":"http://localhost:8080/collections/flaechen/items/flaechen-318","rel":"self","type":"application/geo+json"}]},{"type":"Feature","id":"flaechen-319","geometry":{"type":"Polygon","coordinates":[[[11.265865,51.322348],[11.265859,51.322347],[11.265853,51.322345],[11.265848,51.322342],[11.265843,51.32234],[11.265493,51.322131],[11.26507,51.3225],[11.265069,51.322502],[11.265042,51.322523],[11.266054,51.322994],[11.266055,51.322994],[11.26622,51.323074],[11.266728,51.322651],[11.26597,51.322308],[11.26594,51.322334],[11.265936,51.322337],[11.265931,51.32234],[11.265926,51.322343],[11.265921,51.322345],[11.265915,51.322347],[11.265909,51.322349],[11.265903,51.32235],[11.265897,51.322351],[11.26589,51.322351],[11.265884,51.322351],[11.265877,51.32235],[11.265871,51.32235],[11.265865,51.322348]]]},"properties":{"nutzung":"Obstwiese","flaeche_m2":5731,"fill":"#bbf7d0","fill-opacity":0.5,"stroke":"#bbf7d0","stroke-width":0.8},"links":[{"href":"http://localhost:8080/collections/flaechen/items/flaechen-319","rel":"self","type":"application/geo+json"}]},{"type":"Feature","id":"flaechen-320","geometry":{"type":"Polygon","coordinates":[[[11.288542,51.333895],[11.289693,51.333077],[11.290781,51.332244],[11.291122,51.331967],[11.291026,51.331921],[11.290326,51.332472],[11.29032,51.332476],[11.290313,51.33248],[11.290305,51.332484],[11.290297,51.332487],[11.290289,51.332489],[11.29028,51.332491],[11.290271,51.332493],[11.290262,51.332493],[11.290253,51.332494],[11.290243,51.332493],[11.290234,51.332492],[11.290225,51.332491],[11.290216,51.332489],[11.290208,51.332486],[11.2902,51.332483],[11.290192,51.33248],[11.289276,51.331991],[11.289098,51.332347],[11.289096,51.332351],[11.289093,51.332355],[11.289089,51.332359],[11.289084,51.332362],[11.287688,51.333317],[11.287686,51.333318],[11.287029,51.333739],[11.287794,51.334209],[11.287703,51.334267],[11.286938,51.333797],[11.286562,51.334038],[11.286561,51.334039],[11.285405,51.33474],[11.285404,51.334741],[11.284924,51.335014],[11.285232,51.335223],[11.285137,51.335277],[11.284828,51.335068],[11.284214,51.335419],[11.284213,51.335419],[11.283759,51.335662],[11.283883,51.335749],[11.283803,51.335793],[11.288644,51.333952],[11.288542,51.333895]]]},"properties":{"nutzung":"Wald","flaeche_m2":36054,"fill":"#4d7c0f","fill-opacity":0.5,"stroke":"#4d7c0f","stroke-width":0.8},"links":[{"href":"http://localhost:8080/collections/flaechen/items/flaechen-320","rel":"self","type":"application/geo+json"}]},{"type":"Feature","id":"flaechen-321","geometry":{"type":"Polygon","coordinates":[[[11.296,51.327785],[11.295078,51.327395],[11.294584,51.327844],[11.295496,51.328241],[11.296,51.327785]]]},"properties":{"nutzung":"Wiese","flaeche_m2":4731,"fill":"#bef264","fill-opacity":0.45,"stroke":"#bef264","stroke-width":0.8},"links":[{"href":"http://localhost:8080/collections/flaechen/items/flaechen-321","rel":"self","type":"application/geo+json"}]},{"type":"Feature","id":"flaechen-322","geometry":{"type":"Polygon","coordinates":[[[11.288979,51.332314],[11.289066,51.332141],[11.287867,51.333075],[11.288979,51.332314]]]},"properties":{"nutzung":"Kleingärten","flaeche_m2":490,"fill":"#a3e635","fill-opacity":0.4,"stroke":"#a3e635","stroke-width":0.8},"links":[{"href":"http://localhost:8080/collections/flaechen/items/flaechen-322","rel":"self","type":"application/geo+json"}]},{"type":"Feature","id":"flaechen-323","geometry":{"type":"Polygon","coordinates":[[[11.267614,51.328511],[11.267607,51.328515],[11.267605,51.328516],[11.266943,51.328877],[11.267434,51.329227],[11.268115,51.328855],[11.267614,51.328511]]]},"properties":{"nutzung":"Obstwiese","flaeche_m2":3234,"fill":"#bbf7d0","fill-opacity":0.5,"stroke":"#bbf7d0","stroke-width":0.8},"links":[{"href":"http://localhost:8080/collections/flaechen/items/flaechen-323","rel":"self","type":"application/geo+json"}]},{"type":"Feature","id":"flaechen-324","geometry":{"type":"Polygon","coordinates":[[[11.269315,51.318213],[11.268702,51.318677],[11.269145,51.318906],[11.269755,51.318442],[11.269315,51.318213]]]},"properties":{"nutzung":"Kleingärten","flaeche_m2":2672,"fill":"#a3e635","fill-opacity":0.4,"stroke":"#a3e635","stroke-width":0.8},"links":[{"href":"http://localhost:8080/collections/flaechen/items/flaechen-324","rel":"self","type":"application/geo+json"}]},{"type":"Feature","id":"flaechen-325","geometry":{"type":"Polygon","coordinates":[[[11.2701,51.317619],[11.269434,51.318123],[11.269873,51.318352],[11.270541,51.317843],[11.270187,51.317666],[11.270186,51.317665],[11.2701,51.317619]]]},"properties":{"nutzung":"Wiese","flaeche_m2":2890,"fill":"#bef264","fill-opacity":0.45,"stroke":"#bef264","stroke-width":0.8},"links":[{"href":"http://localhost:8080/collections/flaechen/items/flaechen-325","rel":"self","type":"application/geo+json"}]},{"type":"Feature","id":"flaechen-326","geometry":{"type":"Polygon","coordinates":[[[11.296794,51.323616],[11.296264,51.323107],[11.295782,51.323641],[11.296299,51.323827],[11.296794,51.323616]]]},"properties":{"nutzung":"Feld","flaeche_m2":2825,"fill":"#fde68a","fill-opacity":0.5,"stroke":"#fde68a","stroke-width":0.8,"frucht":"Zuckerrüben"},"links":[{"href":"http://localhost:8080/collections/flaechen/items/flaechen-326","rel":"self","type":"application/geo+json"}]},{"type":"Feature","id":"flaechen-327","geometry":{"type":"Polygon","coordinates":[[[11.296032,51.323941],[11.296181,51.323878],[11.295798,51.32374],[11.296032,51.323941]]]},"properties":{"nutzung":"Wiese","flaeche_m2":174,"fill":"#bef264","fill-opacity":0.45,"stroke":"#bef264","stroke-width":0.8},"links":[{"href":"http://localhost:8080/collections/flaechen/items/flaechen-327","rel":"self","type":"application/geo+json"}]},{"type":"Feature","id":"flaechen-328","geometry":{"type":"Polygon","coordinates":[[[11.298974,51.319705],[11.296579,51.31896],[11.296573,51.318959],[11.296568,51.318956],[11.296563,51.318954],[11.296559,51.318951],[11.296555,51.318948],[11.296551,51.318944],[11.296548,51.318941],[11.296546,51.318937],[11.296544,51.318933],[11.296543,51.318929],[11.296543,51.318925],[11.296543,51.318921],[11.296544,51.318918],[11.296545,51.318914],[11.296547,51.31891],[11.296549,51.318906],[11.296553,51.318903],[11.296662,51.318794],[11.295662,51.318391],[11.294426,51.318031],[11.29343,51.319375],[11.295757,51.32006],[11.29642,51.319617],[11.296427,51.319613],[11.296434,51.319609],[11.296441,51.319606],[11.296449,51.319604],[11.296458,51.319602],[11.296467,51.3196],[11.296476,51.319599],[11.296485,51.319598],[11.296494,51.319599],[11.296503,51.319599],[11.296512,51.3196],[11.296521,51.319602],[11.296529,51.319604],[11.298388,51.320173],[11.29839,51.320174],[11.298552,51.320225],[11.298974,51.319705]]]},"properties":{"nutzung":"Wiese","flaeche_m2":41911,"fill":"#bef264","fill-opacity":0.45,"stroke":"#bef264","stroke-width":0.8},"links":[{"href":"http://localhost:8080/collections/flaechen/items/flaechen-328","rel":"self","type":"application/geo+json"}]},{"type":"Feature","id":"flaechen-329","geometry":{"type":"Polygon","coordinates":[[[11.277973,51.33437],[11.27867,51.334064],[11.27867,51.334064],[11.278665,51.334062],[11.278659,51.33406],[11.278654,51.334058],[11.27865,51.334055],[11.278646,51.334052],[11.277979,51.333516],[11.277807,51.333603],[11.277802,51.333605],[11.277321,51.333802],[11.277317,51.333803],[11.276816,51.333979],[11.276813,51.33398],[11.276809,51.333981],[11.276843,51.334026],[11.277365,51.334602],[11.277973,51.33437]]]},"properties":{"nutzung":"Feld","flaeche_m2":7971,"fill":"#fde68a","fill-opacity":0.5,"stroke":"#fde68a","stroke-width":0.8,"frucht":"Weizen"},"links":[{"href":"http://localhost:8080/collections/flaechen/items/flaechen-329","rel":"self","type":"application/geo+json"}]},{"type":"Feature","id":"flaechen-330","geometry":{"type":"Polygon","coordinates":[[[11.275318,51.31557],[11.274465,51.315185],[11.273906,51.315656],[11.274761,51.316046],[11.275318,51.31557]]]},"properties":{"nutzung":"Feld","flaeche_m2":4803,"fill":"#fde68a","fill-opacity":0.5,"stroke":"#fde68a","stroke-width":0.8,"frucht":"Kartoffeln"},"links":[{"href":"http://localhost:8080/collections/flaechen/items/flaechen-330","rel":"self","type":"application/geo+json"}]},{"type":"Feature","id":"flaechen-331","geometry":{"type":"Polygon","coordinates":[[[11.287655,51.315878],[11.288195,51.316106],[11.2882,51.316109],[11.288205,51.316112],[11.288209,51.316115],[11.288213,51.316118],[11.288216,51.316121],[11.288219,51.316125],[11.288221,51.316129],[11.288223,51.316133],[11.288223,51.316137],[11.288224,51.316141],[11.288223,51.316145],[11.288222,51.316149],[11.288221,51.316153],[11.288218,51.316156],[11.288215,51.31616],[11.288212,51.316163],[11.288132,51.316235],[11.28948,51.316801],[11.290029,51.316265],[11.290434,51.315839],[11.290421,51.315834],[11.290419,51.315833],[11.288958,51.315261],[11.288956,51.315261],[11.288517,51.31508],[11.287932,51.315634],[11.287929,51.315636],[11.287655,51.315878]]]},"properties":{"nutzung":"Wiese","flaeche_m2":19100,"fill":"#bef264","fill-opacity":0.45,"stroke":"#bef264","stroke-width":0.8},"links":[{"href":"http://localhost:8080/collections/flaechen/items/flaechen-331","rel":"self","type":"application/geo+json"}]},{"type":"Feature","id":"flaechen-332","geometry":{"type":"Polygon","coordinates":[[[11.270599,51.317241],[11.270182,51.317556],[11.270269,51.317603],[11.270623,51.31778],[11.270876,51.317587],[11.271003,51.317485],[11.270599,51.317241]]]},"properties":{"nutzung":"Kleingärten","flaeche_m2":1729,"fill":"#a3e635","fill-opacity":0.4,"stroke":"#a3e635","stroke-width":0.8},"links":[{"href":"http://localhost:8080/collections/flaechen/items/flaechen-332","rel":"self","type":"application/geo+json"}]},{"type":"Feature","id":"flaechen-333","geometry":{"type":"Polygon","coordinates":[[[11.28974,51.31691],[11.290308,51.316655],[11.290308,51.316655],[11.290313,51.316654],[11.290318,51.316652],[11.290324,51.31665],[11.29033,51.316649],[11.290337,51.316648],[11.290343,51.316648],[11.29035,51.316648],[11.290356,51.316648],[11.290362,51.316649],[11.290368,51.31665],[11.290545,51.316691],[11.291099,51.316078],[11.290546,51.315879],[11.290139,51.316307],[11.290138,51.316308],[11.289588,51.316846],[11.28974,51.31691]]]},"properties":{"nutzung":"Kleingärten","flaeche_m2":4684,"fill":"#a3e635","fill-opacity":0.4,"stroke":"#a3e635","stroke-width":0.8},"links":[{"href":"http://localhost:8080/collections/flaechen/items/flaechen-333","rel":"self","type":"application/geo+json"}]},{"type":"Feature","id":"flaechen-334","geometry":{"type":"Polygon","coordinates":[[[11.263546,51.325252],[11.26311,51.32555],[11.263353,51.325687],[11.263355,51.325687],[11.265186,51.326779],[11.265188,51.32678],[11.265349,51.326885],[11.266051,51.326447],[11.265474,51.326171],[11.265469,51.326168],[11.265465,51.326165],[11.265461,51.326162],[11.265457,51.326159],[11.265455,51.326155],[11.265452,51.326152],[11.26545,51.326148],[11.265449,51.326144],[11.265449,51.32614],[11.265449,51.326136],[11.265449,51.326132],[11.265451,51.326129],[11.265453,51.326125],[11.265455,51.326121],[11.265458,51.326118],[11.265462,51.326114],[11.265466,51.326111],[11.26625,51.325574],[11.265196,51.324895],[11.26519,51.32489],[11.265185,51.324886],[11.26518,51.324881],[11.265177,51.324876],[11.265174,51.32487],[11.265171,51.324865],[11.26517,51.324859],[11.26517,51.324853],[11.26517,51.324848],[11.265172,51.324842],[11.265174,51.324837],[11.265177,51.324831],[11.265181,51.324826],[11.265186,51.324821],[11.265192,51.324817],[11.265445,51.324627],[11.26533,51.324564],[11.264836,51.324311],[11.264603,51.32449],[11.264602,51.324491],[11.263547,51.325251],[11.263546,51.325252]]]},"properties":{"nutzung":"Feld","flaeche_m2":30042,"fill":"#fde68a","fill-opacity":0.5,"stroke":"#fde68a","stroke-width":0.8,"frucht":"Mais"},"links":[{"href":"http://localhost:8080/collections/flaechen/items/flaechen-334","rel":"self","type":"application/geo+json"}]},{"type":"Feature","id":"flaechen-335","geometry":{"type":"Polygon","coordinates":[[[11.267132,51.321166],[11.2671,51.321151],[11.266782,51.321008],[11.266468,51.321282],[11.266817,51.321439],[11.267132,51.321166]]]},"properties":{"nutzung":"Kleingärten","flaeche_m2":1123,"fill":"#a3e635","fill-opacity":0.4,"stroke":"#a3e635","stroke-width":0.8},"links":[{"href":"http://localhost:8080/collections/flaechen/items/flaechen-335","rel":"self","type":"application/geo+json"}]},{"type":"Feature","id":"flaechen-336","geometry":{"type":"Polygon","coordinates":[[[11.276308,51.313231],[11.277447,51.313751],[11.277751,51.313491],[11.277856,51.313539],[11.277552,51.313799],[11.280464,51.315128],[11.281053,51.314628],[11.282281,51.313515],[11.280398,51.313854],[11.276308,51.313231]]]},"properties":{"nutzung":"Wald","flaeche_m2":29228,"fill":"#4d7c0f","fill-opacity":0.5,"stroke":"#4d7c0f","stroke-width":0.8},"links":[{"href":"http://localhost:8080/collections/flaechen/items/flaechen-336","rel":"self","type":"application/geo+json"}]},{"type":"Feature","id":"flaechen-337","geometry":{"type":"Polygon","coordinates":[[[11.283783,51.335801],[11.283661,51.335714],[11.283076,51.336027],[11.282992,51.335965],[11.283576,51.335653],[11.282353,51.334782],[11.280833,51.335569],[11.28075,51.335507],[11.282267,51.334721],[11.281208,51.333966],[11.280885,51.333752],[11.280431,51.334011],[11.280428,51.334013],[11.27981,51.334337],[11.280643,51.335478],[11.280518,51.335513],[11.283104,51.336059],[11.283783,51.335801]]]},"properties":{"nutzung":"Feld","flaeche_m2":30904,"fill":"#fde68a","fill-opacity":0.5,"stroke":"#fde68a","stroke-width":0.8,"frucht":"Weizen"},"links":[{"href":"http://localhost:8080/collections/flaechen/items/flaechen-337","rel":"self","type":"application/geo+json"}]},{"type":"Feature","id":"flaechen-338","geometry":{"type":"Polygon","coordinates":[[[11.296366,51.327455],[11.295438,51.327068],[11.295184,51.327299],[11.296107,51.327689],[11.296366,51.327455]]]},"properties":{"nutzung":"Kleingärten","flaeche_m2":2438,"fill":"#a3e635","fill-opacity":0.4,"stroke":"#a3e635","stroke-width":0.8},"links":[{"href":"http://localhost:8080/collections/flaechen/items/flaechen-338","rel":"self","type":"application/geo+json"}]},{"type":"Feature","id":"flaechen-339","geometry":{"type":"Polygon","coordinates":[[[11.287505,51.316011],[11.288022,51.316191],[11.288068,51.31615],[11.28758,51.315944],[11.287505,51.316011]]]},"properties":{"nutzung":"Feld","flaeche_m2":298,"fill":"#fde68a","fill-opacity":0.5,"stroke":"#fde68a","stroke-width":0.8,"frucht":"Zuckerrüben"},"links":[{"href":"http://localhost:8080/collections/flaechen/items/flaechen-339","rel":"self","type":"application/geo+json"}]},{"type":"Feature","id":"flaechen-340","geometry":{"type":"Polygon","coordinates":[[[11.267008,51.328095],[11.26636,51.328462],[11.266819,51.328789],[11.267481,51.328429],[11.267488,51.328425],[11.267008,51.328095]]]},"properties":{"nutzung":"Wald","flaeche_m2":3008,"fill":"#4d7c0f","fill-opacity":0.5,"stroke":"#4d7c0f","stroke-width":0.8},"links":[{"href":"http://localhost:8080/collections/flaechen/items/flaechen-340","rel":"self","type":"application/geo+json"}]},{"type":"Feature","id":"flaechen-341","geometry":{"type":"Polygon","coordinates":[[[11.264235,51.323192],[11.263717,51.323586],[11.264853,51.324169],[11.265517,51.323658],[11.266142,51.323138],[11.265977,51.323059],[11.264964,51.322588],[11.264237,51.32319],[11.264235,51.323192]]]},"properties":{"nutzung":"Wiese","flaeche_m2":14656,"fill":"#bef264","fill-opacity":0.45,"stroke":"#bef264","stroke-width":0.8},"links":[{"href":"http://localhost:8080/collections/flaechen/items/flaechen-341","rel":"self","type":"application/geo+json"}]},{"type":"Feature","id":"flaechen-342","geometry":{"type":"Polygon","coordinates":[[[11.271216,51.317315],[11.271696,51.316929],[11.270556,51.316371],[11.270554,51.316371],[11.269978,51.31607],[11.269493,51.316435],[11.271216,51.317315]]]},"properties":{"nutzung":"Wald","flaeche_m2":8165,"fill":"#4d7c0f","fill-opacity":0.5,"stroke":"#4d7c0f","stroke-width":0.8},"links":[{"href":"http://localhost:8080/collections/flaechen/items/flaechen-342","rel":"self","type":"application/geo+json"}]},{"type":"Feature","id":"flaechen-343","geometry":{"type":"Polygon","coordinates":[[[11.296396,51.322795],[11.296622,51.322545],[11.29686,51.322267],[11.29602,51.321978],[11.295578,51.322136],[11.296294,51.322823],[11.296396,51.322795]]]},"properties":{"nutzung":"Wiese","flaeche_m2":4223,"fill":"#bef264","fill-opacity":0.45,"stroke":"#bef264","stroke-width":0.8},"links":[{"href":"http://localhost:8080/collections/flaechen/items/flaechen-343","rel":"self","type":"application/geo+json"}]},{"type":"Feature","id":"flaechen-344","geometry":{"type":"Polygon","coordinates":[[[11.29486,51.32083],[11.295743,51.321297],[11.297165,51.321754],[11.297167,51.321755],[11.297269,51.32179],[11.297545,51.321469],[11.297638,51.321354],[11.296084,51.320861],[11.296079,51.320859],[11.296073,51.320856],[11.296068,51.320854],[11.296064,51.320851],[11.29606,51.320848],[11.296057,51.320844],[11.296054,51.320841],[11.296052,51.320837],[11.29605,51.320833],[11.296049,51.320829],[11.296049,51.320825],[11.296049,51.320821],[11.29605,51.320817],[11.296052,51.320813],[11.296054,51.320809],[11.296377,51.320332],[11.295842,51.320174],[11.29486,51.32083]]]},"properties":{"nutzung":"Feld","flaeche_m2":13033,"fill":"#fde68a","fill-opacity":0.5,"stroke":"#fde68a","stroke-width":0.8,"frucht":"Mais"},"links":[{"href":"http://localhost:8080/collections/flaechen/items/flaechen-344","rel":"self","type":"application/geo+json"}]},{"type":"Feature","id":"flaechen-345","geometry":{"type":"Polygon","coordinates":[[[11.287363,51.315841],[11.286854,51.315568],[11.286758,51.315653],[11.287293,51.315903],[11.287363,51.315841]]]},"properties":{"nutzung":"Kleingärten","flaeche_m2":465,"fill":"#a3e635","fill-opacity":0.4,"stroke":"#a3e635","stroke-width":0.8},"links":[{"href":"http://localhost:8080/collections/flaechen/items/flaechen-345","rel":"self","type":"application/geo+json"}]},{"type":"Feature","id":"flaechen-346","geometry":{"type":"Polygon","coordinates":[[[11.266707,51.321533],[11.266359,51.321377],[11.266074,51.321626],[11.26642,51.321782],[11.266707,51.321533]]]},"properties":{"nutzung":"Obstwiese","flaeche_m2":1014,"fill":"#bbf7d0","fill-opacity":0.5,"stroke":"#bbf7d0","stroke-width":0.8},"links":[{"href":"http://localhost:8080/collections/flaechen/items/flaechen-346","rel":"self","type":"application/geo+json"}]},{"type":"Feature","id":"flaechen-347","geometry":{"type":"Polygon","coordinates":[[[11.266242,51.320667],[11.266706,51.320874],[11.266795,51.320797],[11.266796,51.320796],[11.267323,51.320354],[11.266856,51.320133],[11.266242,51.320667]]]},"properties":{"nutzung":"Obstwiese","flaeche_m2":2915,"fill":"#bbf7d0","fill-opacity":0.5,"stroke":"#bbf7d0","stroke-width":0.8},"links":[{"href":"http://localhost:8080/collections/flaechen/items/flaechen-347","rel":"self","type":"application/geo+json"}]},{"type":"Feature","id":"flaechen-348","geometry":{"type":"Polygon","coordinates":[[[11.272095,51.315933],[11.270909,51.31537],[11.27006,51.316008],[11.270636,51.316308],[11.271776,51.316866],[11.272006,51.316681],[11.272603,51.316166],[11.272097,51.315934],[11.272095,51.315933]]]},"properties":{"nutzung":"Obstwiese","flaeche_m2":14265,"fill":"#bbf7d0","fill-opacity":0.5,"stroke":"#bbf7d0","stroke-width":0.8},"links":[{"href":"http://localhost:8080/collections/flaechen/items/flaechen-348","rel":"self","type":"application/geo+json"}]},{"type":"Feature","id":"flaechen-349","geometry":{"type":"Polygon","coordinates":[[[11.276253,51.334063],[11.276637,51.333944],[11.276271,51.333464],[11.276047,51.333524],[11.276041,51.333526],[11.275912,51.333556],[11.275839,51.333956],[11.275837,51.333961],[11.275804,51.334075],[11.276253,51.334063]]]},"properties":{"nutzung":"Wiese","flaeche_m2":2582,"fill":"#bef264","fill-opacity":0.45,"stroke":"#bef264","stroke-width":0.8},"links":[{"href":"http://localhost:8080/collections/flaechen/items/flaechen-349","rel":"self","type":"application/geo+json"}]},{"type":"Feature","id":"flaechen-350","geometry":{"type":"Polygon","coordinates":[[[11.286688,51.314328],[11.286266,51.314726],[11.286262,51.314729],[11.286259,51.314732],[11.285649,51.315134],[11.286655,51.315605],[11.286789,51.315485],[11.286793,51.315482],[11.286797,51.315479],[11.286802,51.315477],[11.286807,51.315474],[11.286812,51.315472],[11.286818,51.315471],[11.286824,51.315469],[11.28683,51.315469],[11.286837,51.315468],[11.286843,51.315468],[11.286849,51.315468],[11.286856,51.315469],[11.286862,51.31547],[11.286868,51.315471],[11.286873,51.315473],[11.286879,51.315475],[11.286884,51.315478],[11.287438,51.315775],[11.287705,51.315539],[11.288289,51.314986],[11.286688,51.314328]]]},"properties":{"nutzung":"Wald","flaeche_m2":15149,"fill":"#4d7c0f","fill-opacity":0.5,"stroke":"#4d7c0f","stroke-width":0.8},"links":[{"href":"http://localhost:8080/collections/flaechen/items/flaechen-350","rel":"self","type":"application/geo+json"}]},{"type":"Feature","id":"flaechen-351","geometry":{"type":"Polygon","coordinates":[[[11.266344,51.321847],[11.265998,51.321691],[11.265682,51.321967],[11.266026,51.322122],[11.266344,51.321847]]]},"properties":{"nutzung":"Wiese","flaeche_m2":1117,"fill":"#bef264","fill-opacity":0.45,"stroke":"#bef264","stroke-width":0.8},"links":[{"href":"http://localhost:8080/collections/flaechen/items/flaechen-351","rel":"self","type":"application/geo+json"}]},{"type":"Feature","id":"flaechen-352","geometry":{"type":"Polygon","coordinates":[[[11.266231,51.328371],[11.266233,51.328372],[11.266274,51.328401],[11.266921,51.328035],[11.266609,51.32782],[11.266077,51.327474],[11.265453,51.327846],[11.266231,51.328371]]]},"properties":{"nutzung":"Wald","flaeche_m2":5145,"fill":"#4d7c0f","fill-opacity":0.5,"stroke":"#4d7c0f","stroke-width":0.8},"links":[{"href":"http://localhost:8080/collections/flaechen/items/flaechen-352","rel":"self","type":"application/geo+json"}]},{"type":"Feature","id":"flaechen-353","geometry":{"type":"Polygon","coordinates":[[[11.278116,51.33496],[11.278874,51.334637],[11.27951,51.334336],[11.279226,51.333947],[11.279019,51.333995],[11.278802,51.334105],[11.278799,51.334107],[11.278046,51.334437],[11.278042,51.334439],[11.277428,51.334672],[11.277578,51.334838],[11.277482,51.334872],[11.278181,51.33502],[11.278116,51.33496]]]},"properties":{"nutzung":"Feld","flaeche_m2":7348,"fill":"#fde68a","fill-opacity":0.5,"stroke":"#fde68a","stroke-width":0.8,"frucht":"Raps"},"links":[{"href":"http://localhost:8080/collections/flaechen/items/flaechen-353","rel":"self","type":"application/geo+json"}]},{"type":"Feature","id":"flaechen-354","geometry":{"type":"Polygon","coordinates":[[[11.270191,51.331801],[11.270642,51.331503],[11.270212,51.331248],[11.269757,51.331533],[11.270191,51.331801]]]},"properties":{"nutzung":"Obstwiese","flaeche_m2":1893,"fill":"#bbf7d0","fill-opacity":0.5,"stroke":"#bbf7d0","stroke-width":0.8},"links":[{"href":"http://localhost:8080/collections/flaechen/items/flaechen-354","rel":"self","type":"application/geo+json"}]},{"type":"Feature","id":"flaechen-355","geometry":{"type":"Polygon","coordinates":[[[11.270119,51.331191],[11.268911,51.330399],[11.268332,51.330565],[11.268445,51.330648],[11.269526,51.33139],[11.269665,51.331476],[11.270119,51.331191]]]},"properties":{"nutzung":"Obstwiese","flaeche_m2":5694,"fill":"#bbf7d0","fill-opacity":0.5,"stroke":"#bbf7d0","stroke-width":0.8},"links":[{"href":"http://localhost:8080/collections/flaechen/items/flaechen-355","rel":"self","type":"application/geo+json"}]},{"type":"Feature","id":"flaechen-356","geometry":{"type":"Polygon","coordinates":[[[11.270893,51.331652],[11.27089,51.331651],[11.270736,51.331559],[11.270283,51.331858],[11.270749,51.332146],[11.270803,51.332176],[11.271263,51.331853],[11.270893,51.331652]]]},"properties":{"nutzung":"Wiese","flaeche_m2":2339,"fill":"#bef264","fill-opacity":0.45,"stroke":"#bef264","stroke-width":0.8},"links":[{"href":"http://localhost:8080/collections/flaechen/items/flaechen-356","rel":"self","type":"application/geo+json"}]},{"type":"Feature","id":"flaechen-357","geometry":{"type":"Polygon","coordinates":[[[11.271404,51.33193],[11.270943,51.332254],[11.27145,51.332537],[11.271903,51.332187],[11.271589,51.33203],[11.271587,51.332029],[11.271404,51.33193]]]},"properties":{"nutzung":"Wiese","flaeche_m2":2258,"fill":"#bef264","fill-opacity":0.45,"stroke":"#bef264","stroke-width":0.8},"links":[{"href":"http://localhost:8080/collections/flaechen/items/flaechen-357","rel":"self","type":"application/geo+json"}]},{"type":"Feature","id":"flaechen-358","geometry":{"type":"Polygon","coordinates":[[[11.272004,51.332237],[11.271547,51.332591],[11.272807,51.333293],[11.272814,51.333298],[11.273051,51.333461],[11.272851,51.33322],[11.272847,51.333214],[11.272844,51.333209],[11.272842,51.333203],[11.272841,51.333198],[11.272841,51.333192],[11.272841,51.333186],[11.272843,51.333181],[11.272845,51.333175],[11.272848,51.33317],[11.272852,51.333165],[11.272857,51.33316],[11.272862,51.333155],[11.272992,51.333057],[11.272564,51.332834],[11.272559,51.332831],[11.272555,51.332828],[11.272551,51.332825],[11.272548,51.332821],[11.272545,51.332818],[11.272543,51.332814],[11.272542,51.33281],[11.272541,51.332806],[11.272541,51.332802],[11.272542,51.332798],[11.272543,51.332794],[11.272545,51.33279],[11.272547,51.332786],[11.27255,51.332782],[11.272554,51.332779],[11.272763,51.3326],[11.27231,51.332389],[11.272308,51.332388],[11.272004,51.332237]]]},"properties":{"nutzung":"Kleingärten","flaeche_m2":4898,"fill":"#a3e635","fill-opacity":0.4,"stroke":"#a3e635","stroke-width":0.8},"links":[{"href":"http://localhost:8080/collections/flaechen/items/flaechen-358","rel":"self","type":"application/geo+json"}]},{"type":"Feature","id":"flaechen-359","geometry":{"type":"Polygon","coordinates":[[[11.27579,51.315167],[11.274946,51.314778],[11.274542,51.31512],[11.275394,51.315505],[11.27579,51.315167]]]},"properties":{"nutzung":"Feld","flaeche_m2":3429,"fill":"#fde68a","fill-opacity":0.5,"stroke":"#fde68a","stroke-width":0.8,"frucht":"Weizen"},"links":[{"href":"http://localhost:8080/collections/flaechen/items/flaechen-359","rel":"self","type":"application/geo+json"}]},{"type":"Feature","id":"flaechen-360","geometry":{"type":"Polygon","coordinates":[[[11.291831,51.331389],[11.291751,51.331351],[11.291107,51.331857],[11.2912,51.331903],[11.291831,51.331389]]]},"properties":{"nutzung":"Feld","flaeche_m2":549,"fill":"#fde68a","fill-opacity":0.5,"stroke":"#fde68a","stroke-width":0.8,"frucht":"Mais"},"links":[{"href":"http://localhost:8080/collections/flaechen/items/flaechen-360","rel":"self","type":"application/geo+json"}]},{"type":"Feature","id":"flaechen-361","geometry":{"type":"Polygon","coordinates":[[[11.268148,51.33043],[11.268721,51.330265],[11.268559,51.33015],[11.268098,51.330394],[11.268148,51.33043]]]},"properties":{"nutzung":"Kleingärten","flaeche_m2":470,"fill":"#a3e635","fill-opacity":0.4,"stroke":"#a3e635","stroke-width":0.8},"links":[{"href":"http://localhost:8080/collections/flaechen/items/flaechen-361","rel":"self","type":"application/geo+json"}]},{"type":"Feature","id":"flaechen-362","geometry":{"type":"Polygon","coordinates":[[[11.273068,51.316168],[11.273679,51.315652],[11.273515,51.315578],[11.272913,51.316097],[11.273068,51.316168]]]},"properties":{"nutzung":"Wiese","flaeche_m2":978,"fill":"#bef264","fill-opacity":0.45,"stroke":"#bef264","stroke-width":0.8},"links":[{"href":"http://localhost:8080/collections/flaechen/items/flaechen-362","rel":"self","type":"application/geo+json"}]},{"type":"Feature","id":"flaechen-363","geometry":{"type":"Polygon","coordinates":[[[11.272867,51.332648],[11.272694,51.332796],[11.273075,51.332995],[11.27328,51.332841],[11.272867,51.332648]]]},"properties":{"nutzung":"Wiese","flaeche_m2":752,"fill":"#bef264","fill-opacity":0.45,"stroke":"#bef264","stroke-width":0.8},"links":[{"href":"http://localhost:8080/collections/flaechen/items/flaechen-363","rel":"self","type":"application/geo+json"}]},{"type":"Feature","id":"flaechen-364","geometry":{"type":"Polygon","coordinates":[[[11.268379,51.330022],[11.267962,51.329725],[11.267513,51.329966],[11.267921,51.330264],[11.268379,51.330022]]]},"properties":{"nutzung":"Wald","flaeche_m2":1816,"fill":"#4d7c0f","fill-opacity":0.5,"stroke":"#4d7c0f","stroke-width":0.8},"links":[{"href":"http://localhost:8080/collections/flaechen/items/flaechen-364","rel":"self","type":"application/geo+json"}]},{"type":"Feature","id":"flaechen-365","geometry":{"type":"Polygon","coordinates":[[[11.268602,51.318626],[11.269215,51.318161],[11.268399,51.317737],[11.268289,51.317869],[11.268285,51.317872],[11.268281,51.317876],[11.267823,51.318224],[11.268602,51.318626]]]},"properties":{"nutzung":"Obstwiese","flaeche_m2":4750,"fill":"#bbf7d0","fill-opacity":0.5,"stroke":"#bbf7d0","stroke-width":0.8},"links":[{"href":"http://localhost:8080/collections/flaechen/items/flaechen-365","rel":"self","type":"application/geo+json"}]},{"type":"Feature","id":"flaechen-366","geometry":{"type":"Polygon","coordinates":[[[11.265808,51.320985],[11.266316,51.321214],[11.26663,51.32094],[11.266166,51.320732],[11.265943,51.320927],[11.265939,51.32093],[11.265935,51.320932],[11.26593,51.320935],[11.265925,51.320937],[11.265808,51.320985]]]},"properties":{"nutzung":"Wiese","flaeche_m2":1507,"fill":"#bef264","fill-opacity":0.45,"stroke":"#bef264","stroke-width":0.8},"links":[{"href":"http://localhost:8080/collections/flaechen/items/flaechen-366","rel":"self","type":"application/geo+json"}]},{"type":"Feature","id":"flaechen-367","geometry":{"type":"Polygon","coordinates":[[[11.269334,51.318071],[11.270002,51.317566],[11.269195,51.317132],[11.268519,51.317594],[11.268488,51.317631],[11.269334,51.318071]]]},"properties":{"nutzung":"Feld","flaeche_m2":5582,"fill":"#fde68a","fill-opacity":0.5,"stroke":"#fde68a","stroke-width":0.8,"frucht":"Luzerne"},"links":[{"href":"http://localhost:8080/collections/flaechen/items/flaechen-367","rel":"self","type":"application/geo+json"}]},{"type":"Feature","id":"flaechen-368","geometry":{"type":"Polygon","coordinates":[[[11.267741,51.318286],[11.267065,51.3188],[11.2671,51.318847],[11.267895,51.319161],[11.26852,51.318688],[11.267741,51.318286]]]},"properties":{"nutzung":"Kleingärten","flaeche_m2":5094,"fill":"#a3e635","fill-opacity":0.4,"stroke":"#a3e635","stroke-width":0.8},"links":[{"href":"http://localhost:8080/collections/flaechen/items/flaechen-368","rel":"self","type":"application/geo+json"}]},{"type":"Feature","id":"flaechen-369","geometry":{"type":"Polygon","coordinates":[[[11.27343,51.33291],[11.273045,51.3332],[11.273629,51.333906],[11.27374,51.333915],[11.273461,51.333625],[11.273458,51.333621],[11.273455,51.333617],[11.273454,51.333613],[11.273452,51.333609],[11.273452,51.333605],[11.273452,51.333601],[11.273453,51.333597],[11.273454,51.333593],[11.273456,51.333589],[11.273459,51.333585],[11.273462,51.333582],[11.273466,51.333579],[11.27347,51.333575],[11.273475,51.333573],[11.27348,51.33357],[11.274084,51.333314],[11.274063,51.333293],[11.273847,51.333133],[11.273507,51.332946],[11.27343,51.33291]]]},"properties":{"nutzung":"Kleingärten","flaeche_m2":3139,"fill":"#a3e635","fill-opacity":0.4,"stroke":"#a3e635","stroke-width":0.8},"links":[{"href":"http://localhost:8080/collections/flaechen/items/flaechen-369","rel":"self","type":"application/geo+json"}]},{"type":"Feature","id":"flaechen-370","geometry":{"type":"Polygon","coordinates":[[[11.270581,51.317142],[11.270582,51.317142],[11.26978,51.316732],[11.269282,51.317072],[11.270084,51.317504],[11.270544,51.317156],[11.270548,51.317153],[11.270553,51.31715],[11.270558,51.317148],[11.270563,51.317146],[11.270569,51.317144],[11.270575,51.317143],[11.270581,51.317142]]]},"properties":{"nutzung":"Obstwiese","flaeche_m2":3772,"fill":"#bbf7d0","fill-opacity":0.5,"stroke":"#bbf7d0","stroke-width":0.8},"links":[{"href":"http://localhost:8080/collections/flaechen/items/flaechen-370","rel":"self","type":"application/geo+json"}]},{"type":"Feature","id":"flaechen-371","geometry":{"type":"Polygon","coordinates":[[[11.267429,51.329904],[11.267877,51.329664],[11.267422,51.329341],[11.266985,51.32958],[11.267429,51.329904]]]},"properties":{"nutzung":"Wald","flaeche_m2":1940,"fill":"#4d7c0f","fill-opacity":0.5,"stroke":"#4d7c0f","stroke-width":0.8},"links":[{"href":"http://localhost:8080/collections/flaechen/items/flaechen-371","rel":"self","type":"application/geo+json"}]},{"type":"Feature","id":"flaechen-372","geometry":{"type":"Polygon","coordinates":[[[11.293841,51.331382],[11.295181,51.330245],[11.294102,51.329751],[11.293895,51.329931],[11.293894,51.329932],[11.292773,51.330883],[11.293841,51.331382]]]},"properties":{"nutzung":"Wiese","flaeche_m2":14538,"fill":"#bef264","fill-opacity":0.45,"stroke":"#bef264","stroke-width":0.8},"links":[{"href":"http://localhost:8080/collections/flaechen/items/flaechen-372","rel":"self","type":"application/geo+json"}]},{"type":"Feature","id":"flaechen-373","geometry":{"type":"Polygon","coordinates":[[[11.297299,51.3234],[11.297094,51.32325],[11.29709,51.323247],[11.297086,51.323243],[11.297083,51.32324],[11.297081,51.323236],[11.297079,51.323232],[11.297079,51.323228],[11.297078,51.323224],[11.297078,51.32322],[11.297079,51.323216],[11.297081,51.323212],[11.297083,51.323208],[11.297086,51.323204],[11.297247,51.323023],[11.296664,51.322811],[11.296488,51.322858],[11.296415,51.322939],[11.297019,51.323519],[11.297299,51.3234]]]},"properties":{"nutzung":"Wiese","flaeche_m2":2335,"fill":"#bef264","fill-opacity":0.45,"stroke":"#bef264","stroke-width":0.8},"links":[{"href":"http://localhost:8080/collections/flaechen/items/flaechen-373","rel":"self","type":"application/geo+json"}]},{"type":"Feature","id":"flaechen-374","geometry":{"type":"Polygon","coordinates":[[[11.291373,51.317012],[11.291602,51.317087],[11.29215,51.316434],[11.29132,51.316157],[11.291318,51.316157],[11.291261,51.316136],[11.290691,51.316766],[11.291373,51.317012]]]},"properties":{"nutzung":"Wiese","flaeche_m2":5822,"fill":"#bef264","fill-opacity":0.45,"stroke":"#bef264","stroke-width":0.8},"links":[{"href":"http://localhost:8080/collections/flaechen/items/flaechen-374","rel":"self","type":"application/geo+json"}]},{"type":"Feature","id":"flaechen-375","geometry":{"type":"Polygon","coordinates":[[[11.295257,51.33018],[11.295773,51.329742],[11.294676,51.329252],[11.294178,51.329685],[11.295257,51.33018]]]},"properties":{"nutzung":"Wiese","flaeche_m2":5598,"fill":"#bef264","fill-opacity":0.45,"stroke":"#bef264","stroke-width":0.8},"links":[{"href":"http://localhost:8080/collections/flaechen/items/flaechen-375","rel":"self","type":"application/geo+json"}]},{"type":"Feature","id":"flaechen-376","geometry":{"type":"Polygon","coordinates":[[[11.292696,51.330948],[11.292215,51.331356],[11.29328,51.331857],[11.293764,51.331447],[11.292696,51.330948]]]},"properties":{"nutzung":"Feld","flaeche_m2":5248,"fill":"#fde68a","fill-opacity":0.5,"stroke":"#fde68a","stroke-width":0.8,"frucht":"Weizen"},"links":[{"href":"http://localhost:8080/collections/flaechen/items/flaechen-376","rel":"self","type":"application/geo+json"}]},{"type":"Feature","id":"flaechen-377","geometry":{"type":"Polygon","coordinates":[[[11.267688,51.319318],[11.267719,51.319294],[11.267113,51.319054],[11.267005,51.319166],[11.266958,51.319224],[11.267487,51.319482],[11.267686,51.319319],[11.267688,51.319318]]]},"properties":{"nutzung":"Obstwiese","flaeche_m2":1165,"fill":"#bbf7d0","fill-opacity":0.5,"stroke":"#bbf7d0","stroke-width":0.8},"links":[{"href":"http://localhost:8080/collections/flaechen/items/flaechen-377","rel":"self","type":"application/geo+json"}]},{"type":"Feature","id":"flaechen-378","geometry":{"type":"Polygon","coordinates":[[[11.266208,51.321309],[11.265703,51.321082],[11.265432,51.321336],[11.265922,51.321557],[11.266208,51.321309]]]},"properties":{"nutzung":"Wiese","flaeche_m2":1451,"fill":"#bef264","fill-opacity":0.45,"stroke":"#bef264","stroke-width":0.8},"links":[{"href":"http://localhost:8080/collections/flaechen/items/flaechen-378","rel":"self","type":"application/geo+json"}]},{"type":"Feature","id":"flaechen-379","geometry":{"type":"Polygon","coordinates":[[[11.275534,51.334051],[11.275568,51.333934],[11.275625,51.333622],[11.274647,51.33385],[11.274748,51.333991],[11.275534,51.334051]]]},"properties":{"nutzung":"Wiese","flaeche_m2":1965,"fill":"#bef264","fill-opacity":0.45,"stroke":"#bef264","stroke-width":0.8},"links":[{"href":"http://localhost:8080/collections/flaechen/items/flaechen-379","rel":"self","type":"application/geo+json"}]},{"type":"Feature","id":"flaechen-380","geometry":{"type":"Polygon","coordinates":[[[11.267408,51.319547],[11.266883,51.319291],[11.266411,51.319777],[11.266865,51.319991],[11.267408,51.319547]]]},"properties":{"nutzung":"Kleingärten","flaeche_m2":2689,"fill":"#a3e635","fill-opacity":0.4,"stroke":"#a3e635","stroke-width":0.8},"links":[{"href":"http://localhost:8080/collections/flaechen/items/flaechen-380","rel":"self","type":"application/geo+json"}]},{"type":"Feature","id":"flaechen-381","geometry":{"type":"Polygon","coordinates":[[[11.283674,51.335601],[11.284128,51.335358],[11.284741,51.335009],[11.283462,51.334144],[11.282451,51.33473],[11.283674,51.335601]]]},"properties":{"nutzung":"Feld","flaeche_m2":12724,"fill":"#fde68a","fill-opacity":0.5,"stroke":"#fde68a","stroke-width":0.8,"frucht":"Luzerne"},"links":[{"href":"http://localhost:8080/collections/flaechen/items/flaechen-381","rel":"self","type":"application/geo+json"}]},{"type":"Feature","id":"flaechen-382","geometry":{"type":"Polygon","coordinates":[[[11.294806,51.329139],[11.294786,51.329157],[11.295884,51.329648],[11.295891,51.329642],[11.294806,51.329139]]]},"properties":{"nutzung":"Wiese","flaeche_m2":156,"fill":"#bef264","fill-opacity":0.45,"stroke":"#bef264","stroke-width":0.8},"links":[{"href":"http://localhost:8080/collections/flaechen/items/flaechen-382","rel":"self","type":"application/geo+json"}]},{"type":"Feature","id":"flaechen-383","geometry":{"type":"Polygon","coordinates":[[[11.266845,51.32893],[11.26594,51.329423],[11.266393,51.329763],[11.266823,51.329548],[11.26683,51.329545],[11.266838,51.329542],[11.266846,51.329539],[11.266854,51.329538],[11.266863,51.329536],[11.26687,51.329536],[11.267337,51.32928],[11.266845,51.32893]]]},"properties":{"nutzung":"Wald","flaeche_m2":4295,"fill":"#4d7c0f","fill-opacity":0.5,"stroke":"#4d7c0f","stroke-width":0.8},"links":[{"href":"http://localhost:8080/collections/flaechen/items/flaechen-383","rel":"self","type":"application/geo+json"}]},{"type":"Feature","id":"flaechen-384","geometry":{"type":"Polygon","coordinates":[[[11.295307,51.328704],[11.294916,51.329044],[11.296002,51.329548],[11.296038,51.329518],[11.295865,51.328963],[11.295307,51.328704]]]},"properties":{"nutzung":"Obstwiese","flaeche_m2":3418,"fill":"#bbf7d0","fill-opacity":0.5,"stroke":"#bbf7d0","stroke-width":0.8},"links":[{"href":"http://localhost:8080/collections/flaechen/items/flaechen-384","rel":"self","type":"application/geo+json"}]},{"type":"Feature","id":"flaechen-385","geometry":{"type":"Polygon","coordinates":[[[11.292712,51.332339],[11.293118,51.331995],[11.29205,51.331492],[11.291417,51.332007],[11.292366,51.332464],[11.292287,51.332528],[11.291338,51.332071],[11.290996,51.332349],[11.290993,51.332351],[11.289902,51.333187],[11.289899,51.333189],[11.289035,51.333803],[11.292789,51.332375],[11.292712,51.332339]]]},"properties":{"nutzung":"Kleingärten","flaeche_m2":17446,"fill":"#a3e635","fill-opacity":0.4,"stroke":"#a3e635","stroke-width":0.8},"links":[{"href":"http://localhost:8080/collections/flaechen/items/flaechen-385","rel":"self","type":"application/geo+json"}]},{"type":"Feature","id":"flaechen-386","geometry":{"type":"Polygon","coordinates":[[[11.273364,51.315509],[11.271928,51.314853],[11.271802,51.314961],[11.271798,51.314964],[11.271794,51.314967],[11.27179,51.314969],[11.271785,51.314971],[11.2711,51.315246],[11.27226,51.315797],[11.272763,51.316028],[11.273364,51.315509]]]},"properties":{"nutzung":"Kleingärten","flaeche_m2":9321,"fill":"#a3e635","fill-opacity":0.4,"stroke":"#a3e635","stroke-width":0.8},"links":[{"href":"http://localhost:8080/collections/flaechen/items/flaechen-386","rel":"self","type":"application/geo+json"}]},{"type":"Feature","id":"flaechen-387","geometry":{"type":"Polygon","coordinates":[[[11.265447,51.327065],[11.264878,51.32742],[11.264875,51.327421],[11.264847,51.327438],[11.265365,51.327787],[11.265987,51.327416],[11.265447,51.327065]]]},"properties":{"nutzung":"Wald","flaeche_m2":3180,"fill":"#4d7c0f","fill-opacity":0.5,"stroke":"#4d7c0f","stroke-width":0.8},"links":[{"href":"http://localhost:8080/collections/flaechen/items/flaechen-387","rel":"self","type":"application/geo+json"}]},{"type":"Feature","id":"flaechen-388","geometry":{"type":"Polygon","coordinates":[[[11.296593,51.322742],[11.296643,51.322728],[11.296648,51.322727],[11.296654,51.322726],[11.29666,51.322725],[11.296666,51.322725],[11.296672,51.322725],[11.296678,51.322725],[11.296684,51.322726],[11.29669,51.322727],[11.296696,51.322729],[11.296701,51.32273],[11.297309,51.322952],[11.297669,51.322546],[11.296973,51.322306],[11.296735,51.322584],[11.296735,51.322584],[11.296593,51.322742]]]},"properties":{"nutzung":"Obstwiese","flaeche_m2":2813,"fill":"#bbf7d0","fill-opacity":0.5,"stroke":"#bbf7d0","stroke-width":0.8},"links":[{"href":"http://localhost:8080/collections/flaechen/items/flaechen-388","rel":"self","type":"application/geo+json"}]},{"type":"Feature","id":"flaechen-389","geometry":{"type":"Polygon","coordinates":[[[11.292335,51.316495],[11.292264,51.316472],[11.291716,51.317124],[11.292491,51.317378],[11.294233,51.317885],[11.294726,51.317219],[11.292337,51.316496],[11.292335,51.316495]]]},"properties":{"nutzung":"Wiese","flaeche_m2":15915,"fill":"#bef264","fill-opacity":0.45,"stroke":"#bef264","stroke-width":0.8},"links":[{"href":"http://localhost:8080/collections/flaechen/items/flaechen-389","rel":"self","type":"application/geo+json"}]},{"type":"Feature","id":"flaechen-390","geometry":{"type":"Polygon","coordinates":[[[11.265847,51.321623],[11.265306,51.321379],[11.265301,51.321377],[11.265297,51.321374],[11.265293,51.321371],[11.265289,51.321368],[11.265286,51.321365],[11.265284,51.321361],[11.265282,51.321358],[11.26528,51.321354],[11.265279,51.32135],[11.265279,51.321346],[11.26528,51.321342],[11.26528,51.321338],[11.265282,51.321335],[11.265284,51.321331],[11.265287,51.321327],[11.26529,51.321324],[11.265492,51.321134],[11.264484,51.321424],[11.265531,51.321898],[11.265847,51.321623]]]},"properties":{"nutzung":"Wiese","flaeche_m2":3253,"fill":"#bef264","fill-opacity":0.45,"stroke":"#bef264","stroke-width":0.8},"links":[{"href":"http://localhost:8080/collections/flaechen/items/flaechen-390","rel":"self","type":"application/geo+json"}]},{"type":"Feature","id":"flaechen-391","geometry":{"type":"Polygon","coordinates":[[[11.275002,51.314295],[11.274216,51.314973],[11.27439,51.315052],[11.274852,51.314662],[11.274858,51.314657],[11.274864,51.314653],[11.274871,51.31465],[11.274879,51.314647],[11.274887,51.314644],[11.274895,51.314642],[11.274904,51.31464],[11.274913,51.314639],[11.274922,51.314638],[11.274931,51.314638],[11.27494,51.314639],[11.274949,51.31464],[11.274958,51.314642],[11.274967,51.314644],[11.274975,51.314647],[11.274982,51.31465],[11.2759,51.315073],[11.276181,51.314832],[11.275002,51.314295]]]},"properties":{"nutzung":"Feld","flaeche_m2":4269,"fill":"#fde68a","fill-opacity":0.5,"stroke":"#fde68a","stroke-width":0.8,"frucht":"Raps"},"links":[{"href":"http://localhost:8080/collections/flaechen/items/flaechen-391","rel":"self","type":"application/geo+json"}]},{"type":"Feature","id":"flaechen-392","geometry":{"type":"Polygon","coordinates":[[[11.266752,51.320085],[11.266231,51.319839],[11.266224,51.319835],[11.266217,51.319831],[11.266212,51.319827],[11.266207,51.319822],[11.266202,51.319817],[11.266199,51.319811],[11.266196,51.319806],[11.266194,51.3198],[11.266194,51.319795],[11.266194,51.319789],[11.266195,51.319783],[11.266197,51.319778],[11.266199,51.319772],[11.266203,51.319767],[11.266207,51.319762],[11.266955,51.318991],[11.266187,51.318687],[11.264828,51.320034],[11.266137,51.32062],[11.266752,51.320085]]]},"properties":{"nutzung":"Obstwiese","flaeche_m2":15188,"fill":"#bbf7d0","fill-opacity":0.5,"stroke":"#bbf7d0","stroke-width":0.8},"links":[{"href":"http://localhost:8080/collections/flaechen/items/flaechen-392","rel":"self","type":"application/geo+json"}]},{"type":"Feature","id":"flaechen-393","geometry":{"type":"Polygon","coordinates":[[[11.273603,51.333616],[11.273876,51.333899],[11.27442,51.33373],[11.274237,51.333472],[11.274151,51.333383],[11.273603,51.333616]]]},"properties":{"nutzung":"Obstwiese","flaeche_m2":1776,"fill":"#bbf7d0","fill-opacity":0.5,"stroke":"#bbf7d0","stroke-width":0.8},"links":[{"href":"http://localhost:8080/collections/flaechen/items/flaechen-393","rel":"self","type":"application/geo+json"}]},{"type":"Feature","id":"flaechen-394","geometry":{"type":"Polygon","coordinates":[[[11.295507,51.328531],[11.295383,51.328639],[11.295908,51.328882],[11.29618,51.328637],[11.295647,51.328405],[11.295509,51.328529],[11.295507,51.328531]]]},"properties":{"nutzung":"Wiese","flaeche_m2":1472,"fill":"#bef264","fill-opacity":0.45,"stroke":"#bef264","stroke-width":0.8},"links":[{"href":"http://localhost:8080/collections/flaechen/items/flaechen-394","rel":"self","type":"application/geo+json"}]},{"type":"Feature","id":"flaechen-395","geometry":{"type":"Polygon","coordinates":[[[11.297532,51.323754],[11.297065,51.323707],[11.296988,51.323739],[11.296923,51.323846],[11.297303,51.323988],[11.297532,51.323754]]]},"properties":{"nutzung":"Obstwiese","flaeche_m2":772,"fill":"#bbf7d0","fill-opacity":0.5,"stroke":"#bbf7d0","stroke-width":0.8},"links":[{"href":"http://localhost:8080/collections/flaechen/items/flaechen-395","rel":"self","type":"application/geo+json"}]},{"type":"Feature","id":"flaechen-396","geometry":{"type":"Polygon","coordinates":[[[11.273591,51.315512],[11.273756,51.315587],[11.274313,51.315117],[11.27414,51.315039],[11.273591,51.315512]]]},"properties":{"nutzung":"Feld","flaeche_m2":944,"fill":"#fde68a","fill-opacity":0.5,"stroke":"#fde68a","stroke-width":0.8,"frucht":"Roggen"},"links":[{"href":"http://localhost:8080/collections/flaechen/items/flaechen-396","rel":"self","type":"application/geo+json"}]},{"type":"Feature","id":"flaechen-397","geometry":{"type":"Polygon","coordinates":[[[11.277318,51.334714],[11.277158,51.334775],[11.277091,51.334706],[11.277254,51.334644],[11.276729,51.334064],[11.276727,51.334062],[11.276693,51.334017],[11.276298,51.33414],[11.276291,51.334141],[11.276285,51.334142],[11.276278,51.334143],[11.276272,51.334144],[11.275781,51.334156],[11.275686,51.33448],[11.275552,51.334464],[11.277455,51.334866],[11.277318,51.334714]]]},"properties":{"nutzung":"Feld","flaeche_m2":5498,"fill":"#fde68a","fill-opacity":0.5,"stroke":"#fde68a","stroke-width":0.8,"frucht":"Gerste"},"links":[{"href":"http://localhost:8080/collections/flaechen/items/flaechen-397","rel":"self","type":"application/geo+json"}]},{"type":"Feature","id":"flaechen-398","geometry":{"type":"Polygon","coordinates":[[[11.266264,51.328516],[11.266165,51.328572],[11.266659,51.328877],[11.266722,51.328842],[11.266264,51.328516]]]},"properties":{"nutzung":"Wiese","flaeche_m2":364,"fill":"#bef264","fill-opacity":0.45,"stroke":"#bef264","stroke-width":0.8},"links":[{"href":"http://localhost:8080/collections/flaechen/items/flaechen-398","rel":"self","type":"application/geo+json"}]},{"type":"Feature","id":"flaechen-399","geometry":{"type":"Polygon","coordinates":[[[11.29572,51.328338],[11.296254,51.328571],[11.296766,51.328109],[11.296227,51.327881],[11.29572,51.328338]]]},"properties":{"nutzung":"Wiese","flaeche_m2":2816,"fill":"#bef264","fill-opacity":0.45,"stroke":"#bef264","stroke-width":0.8},"links":[{"href":"http://localhost:8080/collections/flaechen/items/flaechen-399","rel":"self","type":"application/geo+json"}]},{"type":"Feature","id":"flaechen-400","geometry":{"type":"Polygon","coordinates":[[[11.279589,51.334445],[11.278985,51.334731],[11.278981,51.334732],[11.278265,51.335037],[11.280341,51.335476],[11.279589,51.334445]]]},"properties":{"nutzung":"Feld","flaeche_m2":6925,"fill":"#fde68a","fill-opacity":0.5,"stroke":"#fde68a","stroke-width":0.8,"frucht":"Mais"},"links":[{"href":"http://localhost:8080/collections/flaechen/items/flaechen-400","rel":"self","type":"application/geo+json"}]},{"type":"Feature","id":"flaechen-401","geometry":{"type":"Polygon","coordinates":[[[11.265372,51.322037],[11.264252,51.32153],[11.263787,51.32194],[11.264892,51.322454],[11.264919,51.322432],[11.265372,51.322037]]]},"properties":{"nutzung":"Wiese","flaeche_m2":5428,"fill":"#bef264","fill-opacity":0.45,"stroke":"#bef264","stroke-width":0.8},"links":[{"href":"http://localhost:8080/collections/flaechen/items/flaechen-401","rel":"self","type":"application/geo+json"}]},{"type":"Feature","id":"flaechen-402","geometry":{"type":"Polygon","coordinates":[[[11.268304,51.330725],[11.268156,51.330616],[11.267483,51.330809],[11.267466,51.331003],[11.268801,51.331984],[11.269297,51.331708],[11.269533,51.331559],[11.269393,51.331472],[11.26939,51.33147],[11.268306,51.330726],[11.268304,51.330725]]]},"properties":{"nutzung":"Feld","flaeche_m2":10003,"fill":"#fde68a","fill-opacity":0.5,"stroke":"#fde68a","stroke-width":0.8,"frucht":"Weizen"},"links":[{"href":"http://localhost:8080/collections/flaechen/items/flaechen-402","rel":"self","type":"application/geo+json"}]},{"type":"Feature","id":"flaechen-403","geometry":{"type":"Polygon","coordinates":[[[11.269304,51.332337],[11.270057,51.331883],[11.269625,51.331616],[11.269387,51.331766],[11.269384,51.331767],[11.268885,51.332046],[11.269013,51.33214],[11.269304,51.332337]]]},"properties":{"nutzung":"Wiese","flaeche_m2":3045,"fill":"#bef264","fill-opacity":0.45,"stroke":"#bef264","stroke-width":0.8},"links":[{"href":"http://localhost:8080/collections/flaechen/items/flaechen-403","rel":"self","type":"application/geo+json"}]},{"type":"Feature","id":"flaechen-404","geometry":{"type":"Polygon","coordinates":[[[11.266061,51.320685],[11.264759,51.320103],[11.263758,51.321095],[11.26431,51.321346],[11.265593,51.320976],[11.265845,51.320873],[11.266061,51.320685]]]},"properties":{"nutzung":"Kleingärten","flaeche_m2":11244,"fill":"#a3e635","fill-opacity":0.4,"stroke":"#a3e635","stroke-width":0.8},"links":[{"href":"http://localhost:8080/collections/flaechen/items/flaechen-404","rel":"self","type":"application/geo+json"}]},{"type":"Feature","id":"flaechen-405","geometry":{"type":"Polygon","coordinates":[[[11.269914,51.332749],[11.270009,51.332695],[11.270572,51.33234],[11.270679,51.332264],[11.270623,51.332232],[11.27062,51.33223],[11.270149,51.33194],[11.269392,51.332396],[11.269914,51.332749]]]},"properties":{"nutzung":"Wiese","flaeche_m2":3943,"fill":"#bef264","fill-opacity":0.45,"stroke":"#bef264","stroke-width":0.8},"links":[{"href":"http://localhost:8080/collections/flaechen/items/flaechen-405","rel":"self","type":"application/geo+json"}]},{"type":"Feature","id":"flaechen-406","geometry":{"type":"Polygon","coordinates":[[[11.26421,51.327817],[11.262883,51.328605],[11.26517,51.330375],[11.266248,51.329836],[11.265738,51.329454],[11.265732,51.32945],[11.265728,51.329445],[11.265724,51.32944],[11.265721,51.329434],[11.265718,51.329429],[11.265717,51.329423],[11.265716,51.329418],[11.265716,51.329412],[11.265718,51.329406],[11.26572,51.329401],[11.265722,51.329396],[11.265726,51.32939],[11.265731,51.329386],[11.265736,51.329381],[11.265742,51.329377],[11.265748,51.329373],[11.266561,51.32893],[11.266026,51.3286],[11.266021,51.328597],[11.266018,51.328594],[11.266014,51.32859],[11.266012,51.328587],[11.266009,51.328583],[11.266008,51.32858],[11.266007,51.328576],[11.266006,51.328572],[11.266006,51.328568],[11.266007,51.328564],[11.266008,51.32856],[11.26601,51.328557],[11.266013,51.328553],[11.266016,51.32855],[11.266019,51.328547],[11.266023,51.328544],[11.266028,51.328541],[11.266178,51.328456],[11.266136,51.328425],[11.265359,51.327902],[11.264912,51.328169],[11.264907,51.328171],[11.264902,51.328174],[11.264896,51.328176],[11.26489,51.328177],[11.264884,51.328178],[11.264877,51.328179],[11.264871,51.32818],[11.264864,51.32818],[11.264858,51.328179],[11.264852,51.328179],[11.264845,51.328177],[11.264839,51.328176],[11.264834,51.328174],[11.264828,51.328172],[11.264823,51.328169],[11.26421,51.327817]]]},"properties":{"nutzung":"Obstwiese","flaeche_m2":38717,"fill":"#bbf7d0","fill-opacity":0.5,"stroke":"#bbf7d0","stroke-width":0.8},"links":[{"href":"http://localhost:8080/collections/flaechen/items/flaechen-406","rel":"self","type":"application/geo+json"}]},{"type":"Feature","id":"flaechen-407","geometry":{"type":"Polygon","coordinates":[[[11.27051,51.333153],[11.270833,51.332961],[11.271329,51.332626],[11.270819,51.332341],[11.27071,51.332418],[11.270706,51.332421],[11.27014,51.332778],[11.270137,51.332781],[11.27004,51.332835],[11.27051,51.333153]]]},"properties":{"nutzung":"Wiese","flaeche_m2":3809,"fill":"#bef264","fill-opacity":0.45,"stroke":"#bef264","stroke-width":0.8},"links":[{"href":"http://localhost:8080/collections/flaechen/items/flaechen-407","rel":"self","type":"application/geo+json"}]},{"type":"Feature","id":"flaechen-408","geometry":{"type":"Polygon","coordinates":[[[11.272529,51.31269],[11.27078,51.31416],[11.270778,51.314161],[11.27006,51.314739],[11.270304,51.314859],[11.271015,51.31438],[11.271019,51.314377],[11.271024,51.314375],[11.27103,51.314373],[11.271035,51.314371],[11.271041,51.314369],[11.271047,51.314368],[11.271053,51.314368],[11.271059,51.314367],[11.271065,51.314367],[11.271072,51.314368],[11.271078,51.314368],[11.271084,51.314369],[11.27109,51.314371],[11.271095,51.314373],[11.2711,51.314375],[11.2719,51.31474],[11.273727,51.313169],[11.273832,51.313217],[11.272004,51.314787],[11.273139,51.315306],[11.273746,51.314809],[11.27375,51.314806],[11.273755,51.314804],[11.27376,51.314801],[11.273765,51.314799],[11.27377,51.314797],[11.273776,51.314796],[11.273782,51.314795],[11.273788,51.314794],[11.273794,51.314794],[11.273801,51.314794],[11.273807,51.314794],[11.273813,51.314795],[11.273819,51.314796],[11.273825,51.314797],[11.27383,51.314799],[11.273836,51.314801],[11.274065,51.314905],[11.274906,51.314179],[11.274912,51.314174],[11.274918,51.31417],[11.274925,51.314166],[11.274933,51.314163],[11.274941,51.31416],[11.274949,51.314158],[11.274958,51.314157],[11.274967,51.314155],[11.274976,51.314155],[11.274985,51.314155],[11.274995,51.314155],[11.275004,51.314156],[11.275012,51.314158],[11.275021,51.31416],[11.275029,51.314163],[11.275037,51.314166],[11.276292,51.314738],[11.277371,51.313816],[11.276193,51.313279],[11.276257,51.313223],[11.272419,51.312639],[11.272529,51.31269]]]},"properties":{"nutzung":"Wiese","flaeche_m2":73575,"fill":"#bef264","fill-opacity":0.45,"stroke":"#bef264","stroke-width":0.8},"links":[{"href":"http://localhost:8080/collections/flaechen/items/flaechen-408","rel":"self","type":"application/geo+json"}]},{"type":"Feature","id":"flaechen-409","geometry":{"type":"Polygon","coordinates":[[[11.267371,51.330042],[11.267018,51.330231],[11.267418,51.33053],[11.267778,51.33034],[11.267371,51.330042]]]},"properties":{"nutzung":"Wald","flaeche_m2":1416,"fill":"#4d7c0f","fill-opacity":0.5,"stroke":"#4d7c0f","stroke-width":0.8},"links":[{"href":"http://localhost:8080/collections/flaechen/items/flaechen-409","rel":"self","type":"application/geo+json"}]},{"type":"Feature","id":"flaechen-410","geometry":{"type":"Polygon","coordinates":[[[11.262773,51.324305],[11.261936,51.324891],[11.263014,51.325496],[11.26345,51.325198],[11.264503,51.324438],[11.264736,51.324259],[11.263599,51.323676],[11.262776,51.324303],[11.262773,51.324305]]]},"properties":{"nutzung":"Wiese","flaeche_m2":18268,"fill":"#bef264","fill-opacity":0.45,"stroke":"#bef264","stroke-width":0.8},"links":[{"href":"http://localhost:8080/collections/flaechen/items/flaechen-410","rel":"self","type":"application/geo+json"}]},{"type":"Feature","id":"flaechen-411","geometry":{"type":"Polygon","coordinates":[[[11.296333,51.327785],[11.296873,51.328013],[11.296984,51.327913],[11.29713,51.327773],[11.296593,51.32755],[11.296333,51.327785]]]},"properties":{"nutzung":"Wiese","flaeche_m2":1446,"fill":"#bef264","fill-opacity":0.45,"stroke":"#bef264","stroke-width":0.8},"links":[{"href":"http://localhost:8080/collections/flaechen/items/flaechen-411","rel":"self","type":"application/geo+json"}]},{"type":"Feature","id":"flaechen-412","geometry":{"type":"Polygon","coordinates":[[[11.273989,51.31497],[11.273811,51.31489],[11.273243,51.315353],[11.27344,51.315443],[11.273989,51.31497]]]},"properties":{"nutzung":"Feld","flaeche_m2":1048,"fill":"#fde68a","fill-opacity":0.5,"stroke":"#fde68a","stroke-width":0.8,"frucht":"Zuckerrüben"},"links":[{"href":"http://localhost:8080/collections/flaechen/items/flaechen-412","rel":"self","type":"application/geo+json"}]},{"type":"Feature","id":"flaechen-413","geometry":{"type":"Polygon","coordinates":[[[11.262811,51.328412],[11.264686,51.327298],[11.265085,51.327049],[11.265243,51.326933],[11.265095,51.326837],[11.263266,51.325746],[11.263023,51.32561],[11.262227,51.326154],[11.262226,51.326155],[11.261236,51.326803],[11.262932,51.327847],[11.262936,51.32785],[11.26294,51.327853],[11.262943,51.327856],[11.262946,51.32786],[11.262948,51.327863],[11.26295,51.327867],[11.262951,51.327871],[11.262951,51.327875],[11.262951,51.327879],[11.26295,51.327882],[11.262811,51.328412]]]},"properties":{"nutzung":"Wald","flaeche_m2":39631,"fill":"#4d7c0f","fill-opacity":0.5,"stroke":"#4d7c0f","stroke-width":0.8},"links":[{"href":"http://localhost:8080/collections/flaechen/items/flaechen-413","rel":"self","type":"application/geo+json"}]},{"type":"Feature","id":"flaechen-414","geometry":{"type":"Polygon","coordinates":[[[11.273509,51.334015],[11.273504,51.334014],[11.273496,51.334013],[11.273487,51.334011],[11.273479,51.334009],[11.273472,51.334006],[11.273465,51.334003],[11.273458,51.333999],[11.273452,51.333995],[11.273447,51.333991],[11.273057,51.33364],[11.272679,51.333378],[11.271426,51.33268],[11.270926,51.333017],[11.270923,51.333018],[11.270598,51.333212],[11.270885,51.333406],[11.270793,51.333459],[11.273527,51.334037],[11.273509,51.334015]]]},"properties":{"nutzung":"Wiese","flaeche_m2":11652,"fill":"#bef264","fill-opacity":0.45,"stroke":"#bef264","stroke-width":0.8},"links":[{"href":"http://localhost:8080/collections/flaechen/items/flaechen-414","rel":"self","type":"application/geo+json"}]},{"type":"Feature","id":"flaechen-415","geometry":{"type":"Polygon","coordinates":[[[11.296494,51.320366],[11.296196,51.320806],[11.297696,51.321281],[11.298047,51.32085],[11.297166,51.320564],[11.296494,51.320366]]]},"properties":{"nutzung":"Obstwiese","flaeche_m2":6421,"fill":"#bbf7d0","fill-opacity":0.5,"stroke":"#bbf7d0","stroke-width":0.8},"links":[{"href":"http://localhost:8080/collections/flaechen/items/flaechen-415","rel":"self","type":"application/geo+json"}]},{"type":"Feature","id":"flaechen-416","geometry":{"type":"Polygon","coordinates":[[[11.297358,51.323064],[11.297221,51.323219],[11.297406,51.323354],[11.29775,51.323207],[11.297358,51.323064]]]},"properties":{"nutzung":"Wiese","flaeche_m2":596,"fill":"#bef264","fill-opacity":0.45,"stroke":"#bef264","stroke-width":0.8},"links":[{"href":"http://localhost:8080/collections/flaechen/items/flaechen-416","rel":"self","type":"application/geo+json"}]},{"type":"Feature","id":"flaechen-417","geometry":{"type":"Polygon","coordinates":[[[11.266513,51.329853],[11.266935,51.330168],[11.267287,51.32998],[11.266869,51.329675],[11.266513,51.329853]]]},"properties":{"nutzung":"Wiese","flaeche_m2":1446,"fill":"#bef264","fill-opacity":0.45,"stroke":"#bef264","stroke-width":0.8},"links":[{"href":"http://localhost:8080/collections/flaechen/items/flaechen-417","rel":"self","type":"application/geo+json"}]},{"type":"Feature","id":"flaechen-418","geometry":{"type":"Polygon","coordinates":[[[11.264814,51.322518],[11.263713,51.322006],[11.262583,51.323005],[11.263573,51.323512],[11.264089,51.323119],[11.264814,51.322518]]]},"properties":{"nutzung":"Wiese","flaeche_m2":12837,"fill":"#bef264","fill-opacity":0.45,"stroke":"#bef264","stroke-width":0.8},"links":[{"href":"http://localhost:8080/collections/flaechen/items/flaechen-418","rel":"self","type":"application/geo+json"}]},{"type":"Feature","id":"flaechen-419","geometry":{"type":"Polygon","coordinates":[[[11.296509,51.319728],[11.295935,51.320112],[11.297222,51.320491],[11.297225,51.320492],[11.298105,51.320777],[11.298468,51.32033],[11.298305,51.320278],[11.296509,51.319728]]]},"properties":{"nutzung":"Obstwiese","flaeche_m2":8823,"fill":"#bbf7d0","fill-opacity":0.5,"stroke":"#bbf7d0","stroke-width":0.8},"links":[{"href":"http://localhost:8080/collections/flaechen/items/flaechen-419","rel":"self","type":"application/geo+json"}]},{"type":"Feature","id":"flaechen-420","geometry":{"type":"Polygon","coordinates":[[[11.275434,51.334393],[11.2755,51.334166],[11.274836,51.334116],[11.27495,51.334275],[11.275434,51.334393]]]},"properties":{"nutzung":"Wiese","flaeche_m2":843,"fill":"#bef264","fill-opacity":0.45,"stroke":"#bef264","stroke-width":0.8},"links":[{"href":"http://localhost:8080/collections/flaechen/items/flaechen-420","rel":"self","type":"application/geo+json"}]},{"type":"Feature","id":"flaechen-421","geometry":{"type":"Polygon","coordinates":[[[11.29768,51.32365],[11.298281,51.323711],[11.29829,51.323712],[11.298298,51.323713],[11.298306,51.323716],[11.298314,51.323718],[11.298587,51.32382],[11.298661,51.323743],[11.298802,51.32359],[11.298012,51.323302],[11.297557,51.323496],[11.29768,51.32365]]]},"properties":{"nutzung":"Kleingärten","flaeche_m2":2562,"fill":"#a3e635","fill-opacity":0.4,"stroke":"#a3e635","stroke-width":0.8},"links":[{"href":"http://localhost:8080/collections/flaechen/items/flaechen-421","rel":"self","type":"application/geo+json"}]},{"type":"Feature","id":"flaechen-422","geometry":{"type":"Polygon","coordinates":[[[11.268177,51.317827],[11.268298,51.317684],[11.26828,51.317675],[11.268273,51.317671],[11.268267,51.317667],[11.268262,51.317662],[11.268257,51.317657],[11.268253,51.317652],[11.26825,51.317646],[11.268248,51.31764],[11.268247,51.317634],[11.268247,51.317628],[11.268247,51.317623],[11.268249,51.317617],[11.268252,51.317611],[11.268255,51.317606],[11.26826,51.3176],[11.268265,51.317596],[11.268271,51.317591],[11.269053,51.317056],[11.267843,51.316405],[11.266665,51.317262],[11.266381,51.317479],[11.267723,51.318172],[11.268177,51.317827]]]},"properties":{"nutzung":"Feld","flaeche_m2":17844,"fill":"#fde68a","fill-opacity":0.5,"stroke":"#fde68a","stroke-width":0.8,"frucht":"Kartoffeln"},"links":[{"href":"http://localhost:8080/collections/flaechen/items/flaechen-422","rel":"self","type":"application/geo+json"}]},{"type":"Feature","id":"flaechen-423","geometry":{"type":"Polygon","coordinates":[[[11.26694,51.318768],[11.267641,51.318235],[11.2663,51.317542],[11.265724,51.317984],[11.265463,51.318198],[11.266929,51.318779],[11.266929,51.318779],[11.266932,51.318775],[11.266936,51.318771],[11.26694,51.318768]]]},"properties":{"nutzung":"Kleingärten","flaeche_m2":10362,"fill":"#a3e635","fill-opacity":0.4,"stroke":"#a3e635","stroke-width":0.8},"links":[{"href":"http://localhost:8080/collections/flaechen/items/flaechen-423","rel":"self","type":"application/geo+json"}]},{"type":"Feature","id":"flaechen-424","geometry":{"type":"Polygon","coordinates":[[[11.296975,51.328983],[11.296286,51.328683],[11.295992,51.328948],[11.296112,51.329333],[11.296667,51.329268],[11.296975,51.328983]]]},"properties":{"nutzung":"Wiese","flaeche_m2":3031,"fill":"#bef264","fill-opacity":0.45,"stroke":"#bef264","stroke-width":0.8},"links":[{"href":"http://localhost:8080/collections/flaechen/items/flaechen-424","rel":"self","type":"application/geo+json"}]},{"type":"Feature","id":"flaechen-425","geometry":{"type":"Polygon","coordinates":[[[11.264753,51.327494],[11.264304,51.327761],[11.264866,51.328084],[11.265271,51.327843],[11.264753,51.327494]]]},"properties":{"nutzung":"Obstwiese","flaeche_m2":2172,"fill":"#bbf7d0","fill-opacity":0.5,"stroke":"#bbf7d0","stroke-width":0.8},"links":[{"href":"http://localhost:8080/collections/flaechen/items/flaechen-425","rel":"self","type":"application/geo+json"}]},{"type":"Feature","id":"flaechen-426","geometry":{"type":"Polygon","coordinates":[[[11.274687,51.334104],[11.273997,51.334052],[11.273837,51.334102],[11.274835,51.334313],[11.274687,51.334104]]]},"properties":{"nutzung":"Obstwiese","flaeche_m2":851,"fill":"#bbf7d0","fill-opacity":0.5,"stroke":"#bbf7d0","stroke-width":0.8},"links":[{"href":"http://localhost:8080/collections/flaechen/items/flaechen-426","rel":"self","type":"application/geo+json"}]},{"type":"Feature","id":"flaechen-427","geometry":{"type":"Polygon","coordinates":[[[11.297048,51.328916],[11.297558,51.328444],[11.296873,51.328154],[11.29636,51.328617],[11.297048,51.328916]]]},"properties":{"nutzung":"Kleingärten","flaeche_m2":3649,"fill":"#a3e635","fill-opacity":0.4,"stroke":"#a3e635","stroke-width":0.8},"links":[{"href":"http://localhost:8080/collections/flaechen/items/flaechen-427","rel":"self","type":"application/geo+json"}]},{"type":"Feature","id":"flaechen-428","geometry":{"type":"Polygon","coordinates":[[[11.289027,51.315193],[11.290487,51.315764],[11.2905,51.315769],[11.290851,51.315401],[11.291105,51.315121],[11.289214,51.314419],[11.288588,51.315012],[11.289027,51.315193]]]},"properties":{"nutzung":"Feld","flaeche_m2":12680,"fill":"#fde68a","fill-opacity":0.5,"stroke":"#fde68a","stroke-width":0.8,"frucht":"Gerste"},"links":[{"href":"http://localhost:8080/collections/flaechen/items/flaechen-428","rel":"self","type":"application/geo+json"}]},{"type":"Feature","id":"flaechen-429","geometry":{"type":"Polygon","coordinates":[[[11.268763,51.315736],[11.267928,51.316343],[11.269141,51.316996],[11.269635,51.316658],[11.269302,51.316488],[11.269295,51.316484],[11.269289,51.31648],[11.269283,51.316475],[11.269278,51.31647],[11.269274,51.316465],[11.269271,51.31646],[11.269269,51.316454],[11.269268,51.316448],[11.269267,51.316442],[11.269268,51.316437],[11.269269,51.316431],[11.269272,51.316425],[11.269275,51.31642],[11.269279,51.316415],[11.269283,51.31641],[11.269289,51.316405],[11.269834,51.315996],[11.268996,51.315559],[11.268764,51.315735],[11.268763,51.315736]]]},"properties":{"nutzung":"Feld","flaeche_m2":10588,"fill":"#fde68a","fill-opacity":0.5,"stroke":"#fde68a","stroke-width":0.8,"frucht":"Zuckerrüben"},"links":[{"href":"http://localhost:8080/collections/flaechen/items/flaechen-429","rel":"self","type":"application/geo+json"}]},{"type":"Feature","id":"flaechen-430","geometry":{"type":"Polygon","coordinates":[[[11.291163,51.316007],[11.291748,51.315359],[11.291216,51.315162],[11.290963,51.315441],[11.290962,51.315442],[11.290612,51.315809],[11.291163,51.316007]]]},"properties":{"nutzung":"Feld","flaeche_m2":3606,"fill":"#fde68a","fill-opacity":0.5,"stroke":"#fde68a","stroke-width":0.8,"frucht":"Kartoffeln"},"links":[{"href":"http://localhost:8080/collections/flaechen/items/flaechen-430","rel":"self","type":"application/geo+json"}]},{"type":"Feature","id":"flaechen-431","geometry":{"type":"Polygon","coordinates":[[[11.291382,51.316086],[11.29221,51.316362],[11.292727,51.315745],[11.292497,51.315673],[11.292489,51.31567],[11.29191,51.315418],[11.291325,51.316066],[11.291382,51.316086]]]},"properties":{"nutzung":"Feld","flaeche_m2":5440,"fill":"#fde68a","fill-opacity":0.5,"stroke":"#fde68a","stroke-width":0.8,"frucht":"Kartoffeln"},"links":[{"href":"http://localhost:8080/collections/flaechen/items/flaechen-431","rel":"self","type":"application/geo+json"}]},{"type":"Feature","id":"flaechen-432","geometry":{"type":"Polygon","coordinates":[[[11.267275,51.330605],[11.266876,51.330307],[11.266798,51.330348],[11.267189,51.330651],[11.267275,51.330605]]]},"properties":{"nutzung":"Wald","flaeche_m2":325,"fill":"#4d7c0f","fill-opacity":0.5,"stroke":"#4d7c0f","stroke-width":0.8},"links":[{"href":"http://localhost:8080/collections/flaechen/items/flaechen-432","rel":"self","type":"application/geo+json"}]},{"type":"Feature","id":"flaechen-433","geometry":{"type":"Polygon","coordinates":[[[11.265288,51.330466],[11.266012,51.331027],[11.266965,51.330769],[11.26709,51.330703],[11.266658,51.330369],[11.266654,51.330366],[11.266651,51.330362],[11.266648,51.330359],[11.266646,51.330355],[11.266645,51.330351],[11.266644,51.330347],[11.266643,51.330343],[11.266644,51.33034],[11.266644,51.330336],[11.266646,51.330332],[11.266648,51.330328],[11.266651,51.330325],[11.266654,51.330321],[11.266657,51.330318],[11.266661,51.330315],[11.266666,51.330313],[11.266793,51.330244],[11.266367,51.329926],[11.265288,51.330466]]]},"properties":{"nutzung":"Wiese","flaeche_m2":8102,"fill":"#bef264","fill-opacity":0.45,"stroke":"#bef264","stroke-width":0.8},"links":[{"href":"http://localhost:8080/collections/flaechen/items/flaechen-433","rel":"self","type":"application/geo+json"}]},{"type":"Feature","id":"flaechen-434","geometry":{"type":"Polygon","coordinates":[[[11.29924,51.329908],[11.298247,51.329511],[11.298144,51.329614],[11.29814,51.329617],[11.298136,51.32962],[11.298132,51.329623],[11.298127,51.329626],[11.298121,51.329628],[11.298116,51.32963],[11.29811,51.329631],[11.298104,51.329632],[11.298097,51.329633],[11.298091,51.329633],[11.298085,51.329633],[11.298078,51.329633],[11.298072,51.329632],[11.298066,51.329631],[11.29806,51.329629],[11.298055,51.329627],[11.29805,51.329625],[11.29762,51.329417],[11.296932,51.330049],[11.296926,51.330054],[11.296919,51.330058],[11.296912,51.330062],[11.296905,51.330066],[11.296897,51.330069],[11.296888,51.330071],[11.296879,51.330073],[11.29687,51.330074],[11.296861,51.330075],[11.296851,51.330075],[11.296842,51.330074],[11.296835,51.330074],[11.297669,51.330447],[11.297561,51.330542],[11.296711,51.330162],[11.296118,51.330626],[11.296114,51.330629],[11.296109,51.330632],[11.296104,51.330634],[11.296099,51.330636],[11.296094,51.330638],[11.296088,51.330639],[11.296082,51.330641],[11.296076,51.330641],[11.29607,51.330642],[11.296064,51.330641],[11.296057,51.330641],[11.296051,51.33064],[11.296045,51.330639],[11.29604,51.330638],[11.296034,51.330636],[11.296029,51.330634],[11.295285,51.330293],[11.293944,51.33143],[11.294457,51.33167],[11.294379,51.331734],[11.293868,51.331495],[11.293384,51.331906],[11.293625,51.33202],[11.293543,51.332088],[11.298946,51.330033],[11.29924,51.329908]]]},"properties":{"nutzung":"Wiese","flaeche_m2":29930,"fill":"#bef264","fill-opacity":0.45,"stroke":"#bef264","stroke-width":0.8},"links":[{"href":"http://localhost:8080/collections/flaechen/items/flaechen-434","rel":"self","type":"application/geo+json"}]},{"type":"Feature","id":"flaechen-435","geometry":{"type":"Polygon","coordinates":[[[11.270252,51.333307],[11.270417,51.333209],[11.269944,51.332889],[11.269454,51.333166],[11.269329,51.33308],[11.269818,51.332803],[11.269299,51.332452],[11.269267,51.332472],[11.269262,51.332474],[11.269257,51.332477],[11.269251,51.332479],[11.269245,51.33248],[11.269239,51.332482],[11.269233,51.332482],[11.269227,51.332483],[11.26922,51.332483],[11.269214,51.332483],[11.269208,51.332482],[11.269201,51.332481],[11.269195,51.33248],[11.26919,51.332478],[11.269184,51.332476],[11.269179,51.332473],[11.269175,51.33247],[11.268694,51.332152],[11.268526,51.332246],[11.268524,51.332247],[11.267538,51.332743],[11.267457,51.33268],[11.268442,51.332185],[11.268705,51.332038],[11.267351,51.331043],[11.267347,51.33104],[11.267344,51.331037],[11.267341,51.331033],[11.267339,51.33103],[11.267337,51.331026],[11.267336,51.331022],[11.267335,51.331018],[11.267335,51.331015],[11.26735,51.330848],[11.267156,51.330904],[11.267153,51.330904],[11.26711,51.330916],[11.266896,51.331029],[11.266892,51.331031],[11.264593,51.33215],[11.270337,51.333363],[11.270252,51.333307]]]},"properties":{"nutzung":"Feld","flaeche_m2":39917,"fill":"#fde68a","fill-opacity":0.5,"stroke":"#fde68a","stroke-width":0.8,"frucht":"Gerste"},"links":[{"href":"http://localhost:8080/collections/flaechen/items/flaechen-435","rel":"self","type":"application/geo+json"}]},{"type":"Feature","id":"flaechen-436","geometry":{"type":"Polygon","coordinates":[[[11.296056,51.330546],[11.296606,51.330115],[11.295878,51.329789],[11.295362,51.330228],[11.296056,51.330546]]]},"properties":{"nutzung":"Obstwiese","flaeche_m2":3719,"fill":"#bbf7d0","fill-opacity":0.5,"stroke":"#bbf7d0","stroke-width":0.8},"links":[{"href":"http://localhost:8080/collections/flaechen/items/flaechen-436","rel":"self","type":"application/geo+json"}]},{"type":"Feature","id":"flaechen-437","geometry":{"type":"Polygon","coordinates":[[[11.292394,51.316424],[11.294781,51.317146],[11.294947,51.316922],[11.294948,51.316919],[11.295249,51.316543],[11.292842,51.315782],[11.292324,51.3164],[11.292394,51.316424]]]},"properties":{"nutzung":"Feld","flaeche_m2":14374,"fill":"#fde68a","fill-opacity":0.5,"stroke":"#fde68a","stroke-width":0.8,"frucht":"Luzerne"},"links":[{"href":"http://localhost:8080/collections/flaechen/items/flaechen-437","rel":"self","type":"application/geo+json"}]},{"type":"Feature","id":"flaechen-438","geometry":{"type":"Polygon","coordinates":[[[11.296159,51.329551],[11.296105,51.329596],[11.296832,51.329933],[11.297582,51.329245],[11.297517,51.329219],[11.297514,51.329218],[11.297081,51.329029],[11.296759,51.329327],[11.296756,51.32933],[11.296751,51.329333],[11.296746,51.329336],[11.296741,51.329338],[11.296736,51.32934],[11.29673,51.329342],[11.296724,51.329343],[11.296718,51.329344],[11.296137,51.329413],[11.29617,51.32952],[11.296171,51.329524],[11.296171,51.329528],[11.296171,51.329532],[11.29617,51.329536],[11.296168,51.32954],[11.296165,51.329544],[11.296162,51.329548],[11.296159,51.329551]]]},"properties":{"nutzung":"Wiese","flaeche_m2":4769,"fill":"#bef264","fill-opacity":0.45,"stroke":"#bef264","stroke-width":0.8},"links":[{"href":"http://localhost:8080/collections/flaechen/items/flaechen-438","rel":"self","type":"application/geo+json"}]},{"type":"Feature","id":"flaechen-439","geometry":{"type":"Polygon","coordinates":[[[11.293222,51.332043],[11.292865,51.332346],[11.293418,51.332136],[11.293222,51.332043]]]},"properties":{"nutzung":"Kleingärten","flaeche_m2":357,"fill":"#a3e635","fill-opacity":0.4,"stroke":"#a3e635","stroke-width":0.8},"links":[{"href":"http://localhost:8080/collections/flaechen/items/flaechen-439","rel":"self","type":"application/geo+json"}]},{"type":"Feature","id":"flaechen-440","geometry":{"type":"Polygon","coordinates":[[[11.269716,51.315014],[11.269078,51.315497],[11.269917,51.315933],[11.27076,51.315299],[11.27063,51.315237],[11.270628,51.315236],[11.269892,51.314873],[11.269719,51.315012],[11.269716,51.315014]]]},"properties":{"nutzung":"Feld","flaeche_m2":6893,"fill":"#fde68a","fill-opacity":0.5,"stroke":"#fde68a","stroke-width":0.8,"frucht":"Kartoffeln"},"links":[{"href":"http://localhost:8080/collections/flaechen/items/flaechen-440","rel":"self","type":"application/geo+json"}]},{"type":"Feature","id":"flaechen-441","geometry":{"type":"Polygon","coordinates":[[[11.263458,51.321072],[11.264537,51.320003],[11.263745,51.319649],[11.262855,51.32041],[11.262851,51.320413],[11.262001,51.321074],[11.262111,51.321132],[11.263287,51.321708],[11.263637,51.321871],[11.2641,51.321461],[11.263494,51.321187],[11.263483,51.321181],[11.263473,51.321175],[11.263465,51.321169],[11.263457,51.321162],[11.26345,51.321154],[11.263445,51.321146],[11.263441,51.321138],[11.263439,51.32113],[11.263437,51.321121],[11.263438,51.321112],[11.263439,51.321104],[11.263442,51.321096],[11.263446,51.321087],[11.263452,51.32108],[11.263458,51.321072]]]},"properties":{"nutzung":"Feld","flaeche_m2":18590,"fill":"#fde68a","fill-opacity":0.5,"stroke":"#fde68a","stroke-width":0.8,"frucht":"Roggen"},"links":[{"href":"http://localhost:8080/collections/flaechen/items/flaechen-441","rel":"self","type":"application/geo+json"}]},{"type":"Feature","id":"flaechen-442","geometry":{"type":"Polygon","coordinates":[[[11.261797,51.324813],[11.262633,51.324228],[11.263454,51.323602],[11.262398,51.32306],[11.262391,51.323056],[11.262384,51.323052],[11.262379,51.323047],[11.262374,51.323042],[11.26237,51.323037],[11.262367,51.323032],[11.262365,51.323026],[11.262364,51.32302],[11.262363,51.323014],[11.262364,51.323013],[11.261604,51.323294],[11.26049,51.324079],[11.261797,51.324813]]]},"properties":{"nutzung":"Wiese","flaeche_m2":20756,"fill":"#bef264","fill-opacity":0.45,"stroke":"#bef264","stroke-width":0.8},"links":[{"href":"http://localhost:8080/collections/flaechen/items/flaechen-442","rel":"self","type":"application/geo+json"}]},{"type":"Feature","id":"flaechen-443","geometry":{"type":"Polygon","coordinates":[[[11.270504,51.333268],[11.270343,51.333364],[11.270784,51.333458],[11.270504,51.333268]]]},"properties":{"nutzung":"Kleingärten","flaeche_m2":222,"fill":"#a3e635","fill-opacity":0.4,"stroke":"#a3e635","stroke-width":0.8},"links":[{"href":"http://localhost:8080/collections/flaechen/items/flaechen-443","rel":"self","type":"application/geo+json"}]},{"type":"Feature","id":"flaechen-444","geometry":{"type":"Polygon","coordinates":[[[11.263821,51.319583],[11.264606,51.319935],[11.265957,51.318596],[11.265297,51.318335],[11.26489,51.318669],[11.263821,51.319583]]]},"properties":{"nutzung":"Wiese","flaeche_m2":10638,"fill":"#bef264","fill-opacity":0.45,"stroke":"#bef264","stroke-width":0.8},"links":[{"href":"http://localhost:8080/collections/flaechen/items/flaechen-444","rel":"self","type":"application/geo+json"}]},{"type":"Feature","id":"flaechen-445","geometry":{"type":"Polygon","coordinates":[[[11.297587,51.329151],[11.297655,51.329178],[11.297941,51.328915],[11.298161,51.328694],[11.297999,51.328631],[11.297996,51.32863],[11.297665,51.32849],[11.297154,51.328962],[11.297587,51.329151]]]},"properties":{"nutzung":"Wiese","flaeche_m2":2691,"fill":"#bef264","fill-opacity":0.45,"stroke":"#bef264","stroke-width":0.8},"links":[{"href":"http://localhost:8080/collections/flaechen/items/flaechen-445","rel":"self","type":"application/geo+json"}]},{"type":"Feature","id":"flaechen-446","geometry":{"type":"Polygon","coordinates":[[[11.271823,51.314805],[11.271071,51.314461],[11.270406,51.314909],[11.270796,51.315102],[11.27099,51.315194],[11.271705,51.314907],[11.271823,51.314805]]]},"properties":{"nutzung":"Feld","flaeche_m2":4142,"fill":"#fde68a","fill-opacity":0.5,"stroke":"#fde68a","stroke-width":0.8,"frucht":"Luzerne"},"links":[{"href":"http://localhost:8080/collections/flaechen/items/flaechen-446","rel":"self","type":"application/geo+json"}]},{"type":"Feature","id":"flaechen-447","geometry":{"type":"Polygon","coordinates":[[[11.260781,51.325524],[11.261711,51.324873],[11.260404,51.32414],[11.260161,51.324311],[11.260064,51.324257],[11.260308,51.324086],[11.25993,51.323874],[11.260017,51.323814],[11.260393,51.324025],[11.261514,51.323235],[11.261518,51.323232],[11.261523,51.32323],[11.261529,51.323227],[11.262515,51.322863],[11.263563,51.321937],[11.263209,51.321772],[11.263208,51.321772],[11.262031,51.321196],[11.262029,51.321195],[11.26192,51.321137],[11.261482,51.321477],[11.261478,51.321481],[11.258642,51.323463],[11.257965,51.323956],[11.260781,51.325524]]]},"properties":{"nutzung":"Wiese","flaeche_m2":71021,"fill":"#bef264","fill-opacity":0.45,"stroke":"#bef264","stroke-width":0.8},"links":[{"href":"http://localhost:8080/collections/flaechen/items/flaechen-447","rel":"self","type":"application/geo+json"}]},{"type":"Feature","id":"flaechen-448","geometry":{"type":"Polygon","coordinates":[[[11.299575,51.318964],[11.297345,51.318263],[11.2967,51.318908],[11.299033,51.319633],[11.299575,51.318964]]]},"properties":{"nutzung":"Feld","flaeche_m2":14878,"fill":"#fde68a","fill-opacity":0.5,"stroke":"#fde68a","stroke-width":0.8,"frucht":"Gerste"},"links":[{"href":"http://localhost:8080/collections/flaechen/items/flaechen-448","rel":"self","type":"application/geo+json"}]},{"type":"Feature","id":"flaechen-449","geometry":{"type":"Polygon","coordinates":[[[11.260845,51.325653],[11.260843,51.325654],[11.260661,51.326449],[11.261144,51.326746],[11.262132,51.326099],[11.262927,51.325556],[11.26185,51.324952],[11.260859,51.325646],[11.260852,51.32565],[11.260845,51.325653]]]},"properties":{"nutzung":"Feld","flaeche_m2":15976,"fill":"#fde68a","fill-opacity":0.5,"stroke":"#fde68a","stroke-width":0.8,"frucht":"Kartoffeln"},"links":[{"href":"http://localhost:8080/collections/flaechen/items/flaechen-449","rel":"self","type":"application/geo+json"}]},{"type":"Feature","id":"flaechen-450","geometry":{"type":"Polygon","coordinates":[[[11.298138,51.329467],[11.297739,51.329308],[11.297693,51.32935],[11.298072,51.329533],[11.298138,51.329467]]]},"properties":{"nutzung":"Feld","flaeche_m2":238,"fill":"#fde68a","fill-opacity":0.5,"stroke":"#fde68a","stroke-width":0.8,"frucht":"Weizen"},"links":[{"href":"http://localhost:8080/collections/flaechen/items/flaechen-450","rel":"self","type":"application/geo+json"}]},{"type":"Feature","id":"flaechen-451","geometry":{"type":"Polygon","coordinates":[[[11.297812,51.329241],[11.298206,51.329398],[11.298699,51.328904],[11.29832,51.328756],[11.298099,51.328978],[11.298097,51.32898],[11.297812,51.329241]]]},"properties":{"nutzung":"Kleingärten","flaeche_m2":2038,"fill":"#a3e635","fill-opacity":0.4,"stroke":"#a3e635","stroke-width":0.8},"links":[{"href":"http://localhost:8080/collections/flaechen/items/flaechen-451","rel":"self","type":"application/geo+json"}]},{"type":"Feature","id":"flaechen-452","geometry":{"type":"Polygon","coordinates":[[[11.264354,51.33205],[11.265968,51.331264],[11.26593,51.331235],[11.263441,51.331907],[11.264438,51.332117],[11.264354,51.33205]]]},"properties":{"nutzung":"Wald","flaeche_m2":4248,"fill":"#4d7c0f","fill-opacity":0.5,"stroke":"#4d7c0f","stroke-width":0.8},"links":[{"href":"http://localhost:8080/collections/flaechen/items/flaechen-452","rel":"self","type":"application/geo+json"}]},{"type":"Feature","id":"flaechen-453","geometry":{"type":"Polygon","coordinates":[[[11.265528,51.315159],[11.264026,51.316263],[11.266171,51.31737],[11.266454,51.317153],[11.266456,51.317151],[11.267636,51.316293],[11.265528,51.315159]]]},"properties":{"nutzung":"Feld","flaeche_m2":30771,"fill":"#fde68a","fill-opacity":0.5,"stroke":"#fde68a","stroke-width":0.8,"frucht":"Luzerne"},"links":[{"href":"http://localhost:8080/collections/flaechen/items/flaechen-453","rel":"self","type":"application/geo+json"}]},{"type":"Feature","id":"flaechen-454","geometry":{"type":"Polygon","coordinates":[[[11.263913,51.316346],[11.263049,51.317016],[11.265235,51.318104],[11.265508,51.31788],[11.265511,51.317878],[11.266089,51.317433],[11.263942,51.316325],[11.263913,51.316346]]]},"properties":{"nutzung":"Feld","flaeche_m2":18821,"fill":"#fde68a","fill-opacity":0.5,"stroke":"#fde68a","stroke-width":0.8,"frucht":"Weizen"},"links":[{"href":"http://localhost:8080/collections/flaechen/items/flaechen-454","rel":"self","type":"application/geo+json"}]},{"type":"Feature","id":"flaechen-455","geometry":{"type":"Polygon","coordinates":[[[11.266595,51.314375],[11.265612,51.315098],[11.267721,51.316232],[11.268555,51.315625],[11.268786,51.31545],[11.266646,51.314336],[11.266596,51.314375],[11.266595,51.314375]]]},"properties":{"nutzung":"Feld","flaeche_m2":21843,"fill":"#fde68a","fill-opacity":0.5,"stroke":"#fde68a","stroke-width":0.8,"frucht":"Weizen"},"links":[{"href":"http://localhost:8080/collections/flaechen/items/flaechen-455","rel":"self","type":"application/geo+json"}]},{"type":"Feature","id":"flaechen-456","geometry":{"type":"Polygon","coordinates":[[[11.261298,51.318374],[11.261612,51.31854],[11.26297,51.319202],[11.263599,51.319484],[11.26467,51.318568],[11.264672,51.318566],[11.265066,51.318243],[11.262683,51.317299],[11.261298,51.318374]]]},"properties":{"nutzung":"Wald","flaeche_m2":32536,"fill":"#4d7c0f","fill-opacity":0.5,"stroke":"#4d7c0f","stroke-width":0.8},"links":[{"href":"http://localhost:8080/collections/flaechen/items/flaechen-456","rel":"self","type":"application/geo+json"}]},{"type":"Feature","id":"flaechen-457","geometry":{"type":"Polygon","coordinates":[[[11.267488,51.313689],[11.266727,51.314273],[11.268869,51.315388],[11.269505,51.314906],[11.269677,51.314768],[11.267488,51.313689]]]},"properties":{"nutzung":"Feld","flaeche_m2":16781,"fill":"#fde68a","fill-opacity":0.5,"stroke":"#fde68a","stroke-width":0.8,"frucht":"Zuckerrüben"},"links":[{"href":"http://localhost:8080/collections/flaechen/items/flaechen-457","rel":"self","type":"application/geo+json"}]},{"type":"Feature","id":"flaechen-458","geometry":{"type":"Polygon","coordinates":[[[11.29941,51.320499],[11.29984,51.319974],[11.29909,51.319741],[11.298668,51.320262],[11.29941,51.320499]]]},"properties":{"nutzung":"Obstwiese","flaeche_m2":3799,"fill":"#bbf7d0","fill-opacity":0.5,"stroke":"#bbf7d0","stroke-width":0.8},"links":[{"href":"http://localhost:8080/collections/flaechen/items/flaechen-458","rel":"self","type":"application/geo+json"}]},{"type":"Feature","id":"flaechen-459","geometry":{"type":"Polygon","coordinates":[[[11.299523,51.329742],[11.299882,51.329343],[11.299074,51.32905],[11.299072,51.329049],[11.298809,51.328947],[11.298315,51.329442],[11.29933,51.329848],[11.299289,51.329887],[11.299582,51.329763],[11.299523,51.329742]]]},"properties":{"nutzung":"Wiese","flaeche_m2":5856,"fill":"#bef264","fill-opacity":0.45,"stroke":"#bef264","stroke-width":0.8},"links":[{"href":"http://localhost:8080/collections/flaechen/items/flaechen-459","rel":"self","type":"application/geo+json"}]},{"type":"Feature","id":"flaechen-460","geometry":{"type":"Polygon","coordinates":[[[11.299439,51.328694],[11.299165,51.328589],[11.298908,51.328848],[11.299169,51.32895],[11.299974,51.329241],[11.300218,51.32897],[11.299441,51.328694],[11.299439,51.328694]]]},"properties":{"nutzung":"Wiese","flaeche_m2":2925,"fill":"#bef264","fill-opacity":0.45,"stroke":"#bef264","stroke-width":0.8},"links":[{"href":"http://localhost:8080/collections/flaechen/items/flaechen-460","rel":"self","type":"application/geo+json"}]},{"type":"Feature","id":"flaechen-461","geometry":{"type":"Polygon","coordinates":[[[11.299505,51.328624],[11.300282,51.328899],[11.300698,51.328436],[11.300073,51.328221],[11.300071,51.32822],[11.29966,51.328069],[11.2993,51.328454],[11.299299,51.328455],[11.299233,51.328521],[11.299505,51.328624]]]},"properties":{"nutzung":"Kleingärten","flaeche_m2":4903,"fill":"#a3e635","fill-opacity":0.4,"stroke":"#a3e635","stroke-width":0.8},"links":[{"href":"http://localhost:8080/collections/flaechen/items/flaechen-461","rel":"self","type":"application/geo+json"}]},{"type":"Feature","id":"flaechen-462","geometry":{"type":"Polygon","coordinates":[[[11.300495,51.324534],[11.301183,51.324792],[11.3014,51.324564],[11.301418,51.324544],[11.300725,51.324291],[11.30067,51.324351],[11.300669,51.324352],[11.300495,51.324534]]]},"properties":{"nutzung":"Kleingärten","flaeche_m2":1774,"fill":"#a3e635","fill-opacity":0.4,"stroke":"#a3e635","stroke-width":0.8},"links":[{"href":"http://localhost:8080/collections/flaechen/items/flaechen-462","rel":"self","type":"application/geo+json"}]},{"type":"Feature","id":"flaechen-463","geometry":{"type":"Polygon","coordinates":[[[11.299149,51.319669],[11.299899,51.319902],[11.300158,51.319586],[11.300162,51.319582],[11.300165,51.319579],[11.30017,51.319576],[11.300175,51.319573],[11.30018,51.319571],[11.300185,51.319569],[11.300191,51.319567],[11.300198,51.319566],[11.300204,51.319565],[11.30021,51.319564],[11.300217,51.319564],[11.300224,51.319564],[11.30023,51.319565],[11.300236,51.319566],[11.300242,51.319568],[11.300642,51.31968],[11.300884,51.319373],[11.30058,51.31928],[11.30058,51.319279],[11.299691,51.319],[11.299149,51.319669]]]},"properties":{"nutzung":"Wiese","flaeche_m2":6208,"fill":"#bef264","fill-opacity":0.45,"stroke":"#bef264","stroke-width":0.8},"links":[{"href":"http://localhost:8080/collections/flaechen/items/flaechen-463","rel":"self","type":"application/geo+json"}]},{"type":"Feature","id":"flaechen-464","geometry":{"type":"Polygon","coordinates":[[[11.301511,51.324605],[11.301511,51.324605],[11.301294,51.324834],[11.301705,51.324988],[11.301943,51.324735],[11.30153,51.324585],[11.301511,51.324605]]]},"properties":{"nutzung":"Wiese","flaeche_m2":1079,"fill":"#bef264","fill-opacity":0.45,"stroke":"#bef264","stroke-width":0.8},"links":[{"href":"http://localhost:8080/collections/flaechen/items/flaechen-464","rel":"self","type":"application/geo+json"}]},{"type":"Feature","id":"flaechen-465","geometry":{"type":"Polygon","coordinates":[[[11.300356,51.320044],[11.300584,51.319753],[11.300245,51.319657],[11.300015,51.319938],[11.300356,51.320044]]]},"properties":{"nutzung":"Obstwiese","flaeche_m2":931,"fill":"#bbf7d0","fill-opacity":0.5,"stroke":"#bbf7d0","stroke-width":0.8},"links":[{"href":"http://localhost:8080/collections/flaechen/items/flaechen-465","rel":"self","type":"application/geo+json"}]},{"type":"Feature","id":"flaechen-466","geometry":{"type":"Polygon","coordinates":[[[11.299994,51.329383],[11.299697,51.329714],[11.300253,51.329477],[11.299994,51.329383]]]},"properties":{"nutzung":"Wiese","flaeche_m2":439,"fill":"#bef264","fill-opacity":0.45,"stroke":"#bef264","stroke-width":0.8},"links":[{"href":"http://localhost:8080/collections/flaechen/items/flaechen-466","rel":"self","type":"application/geo+json"}]},{"type":"Feature","id":"flaechen-467","geometry":{"type":"Polygon","coordinates":[[[11.302412,51.324238],[11.302196,51.324155],[11.301996,51.324083],[11.301595,51.324515],[11.302009,51.324666],[11.302412,51.324238]]]},"properties":{"nutzung":"Wiese","flaeche_m2":1862,"fill":"#bef264","fill-opacity":0.45,"stroke":"#bef264","stroke-width":0.8},"links":[{"href":"http://localhost:8080/collections/flaechen/items/flaechen-467","rel":"self","type":"application/geo+json"}]},{"type":"Feature","id":"flaechen-468","geometry":{"type":"Polygon","coordinates":[[[11.300582,51.329098],[11.300331,51.329009],[11.300086,51.329282],[11.30031,51.329363],[11.300582,51.329098]]]},"properties":{"nutzung":"Kleingärten","flaeche_m2":663,"fill":"#a3e635","fill-opacity":0.4,"stroke":"#a3e635","stroke-width":0.8},"links":[{"href":"http://localhost:8080/collections/flaechen/items/flaechen-468","rel":"self","type":"application/geo+json"}]},{"type":"Feature","id":"flaechen-469","geometry":{"type":"Polygon","coordinates":[[[11.30183,51.327343],[11.301446,51.32777],[11.302913,51.328282],[11.302822,51.328384],[11.301355,51.327872],[11.300875,51.328405],[11.301848,51.328739],[11.301785,51.32881],[11.300812,51.328475],[11.300394,51.328939],[11.300705,51.329049],[11.30071,51.329051],[11.300715,51.329053],[11.30072,51.329056],[11.300724,51.329059],[11.300727,51.329062],[11.30073,51.329065],[11.300733,51.329069],[11.300735,51.329072],[11.300737,51.329076],[11.300738,51.32908],[11.300738,51.329084],[11.300738,51.329088],[11.300737,51.329092],[11.300735,51.329095],[11.300733,51.329099],[11.300731,51.329103],[11.300728,51.329106],[11.300418,51.329407],[11.30369,51.328016],[11.30183,51.327343]]]},"properties":{"nutzung":"Feld","flaeche_m2":18413,"fill":"#fde68a","fill-opacity":0.5,"stroke":"#fde68a","stroke-width":0.8,"frucht":"Weizen"},"links":[{"href":"http://localhost:8080/collections/flaechen/items/flaechen-469","rel":"self","type":"application/geo+json"}]},{"type":"Feature","id":"flaechen-470","geometry":{"type":"Polygon","coordinates":[[[11.301051,51.319424],[11.300523,51.320096],[11.301003,51.320245],[11.301537,51.319573],[11.301051,51.319424]]]},"properties":{"nutzung":"Obstwiese","flaeche_m2":3125,"fill":"#bbf7d0","fill-opacity":0.5,"stroke":"#bbf7d0","stroke-width":0.8},"links":[{"href":"http://localhost:8080/collections/flaechen/items/flaechen-470","rel":"self","type":"application/geo+json"}]},{"type":"Feature","id":"flaechen-471","geometry":{"type":"Polygon","coordinates":[[[11.302302,51.324866],[11.302297,51.324864],[11.302105,51.324794],[11.301865,51.325048],[11.302422,51.325256],[11.302695,51.324932],[11.302313,51.324868],[11.302308,51.324867],[11.302302,51.324866]]]},"properties":{"nutzung":"Obstwiese","flaeche_m2":1567,"fill":"#bbf7d0","fill-opacity":0.5,"stroke":"#bbf7d0","stroke-width":0.8},"links":[{"href":"http://localhost:8080/collections/flaechen/items/flaechen-471","rel":"self","type":"application/geo+json"}]},{"type":"Feature","id":"flaechen-472","geometry":{"type":"Polygon","coordinates":[[[11.30187,51.325702],[11.302869,51.326076],[11.303233,51.325696],[11.302407,51.325387],[11.302127,51.325426],[11.30187,51.325702]]]},"properties":{"nutzung":"Kleingärten","flaeche_m2":3909,"fill":"#a3e635","fill-opacity":0.4,"stroke":"#a3e635","stroke-width":0.8},"links":[{"href":"http://localhost:8080/collections/flaechen/items/flaechen-472","rel":"self","type":"application/geo+json"}]},{"type":"Feature","id":"flaechen-473","geometry":{"type":"Polygon","coordinates":[[[11.302772,51.323856],[11.302775,51.323853],[11.30235,51.323702],[11.302061,51.324013],[11.302261,51.324085],[11.302263,51.324085],[11.302478,51.324168],[11.302772,51.323856]]]},"properties":{"nutzung":"Obstwiese","flaeche_m2":1364,"fill":"#bbf7d0","fill-opacity":0.5,"stroke":"#bbf7d0","stroke-width":0.8},"links":[{"href":"http://localhost:8080/collections/flaechen/items/flaechen-473","rel":"self","type":"application/geo+json"}]},{"type":"Feature","id":"flaechen-474","geometry":{"type":"Polygon","coordinates":[[[11.302757,51.324859],[11.303069,51.324489],[11.302572,51.324299],[11.30217,51.324724],[11.302355,51.324792],[11.302757,51.324859]]]},"properties":{"nutzung":"Wald","flaeche_m2":2176,"fill":"#4d7c0f","fill-opacity":0.5,"stroke":"#4d7c0f","stroke-width":0.8},"links":[{"href":"http://localhost:8080/collections/flaechen/items/flaechen-474","rel":"self","type":"application/geo+json"}]},{"type":"Feature","id":"flaechen-475","geometry":{"type":"Polygon","coordinates":[[[11.301653,51.319609],[11.301119,51.320281],[11.301858,51.320511],[11.302385,51.319833],[11.301653,51.319609]]]},"properties":{"nutzung":"Obstwiese","flaeche_m2":4774,"fill":"#bbf7d0","fill-opacity":0.5,"stroke":"#bbf7d0","stroke-width":0.8},"links":[{"href":"http://localhost:8080/collections/flaechen/items/flaechen-475","rel":"self","type":"application/geo+json"}]},{"type":"Feature","id":"flaechen-476","geometry":{"type":"Polygon","coordinates":[[[11.304221,51.327547],[11.3023,51.326829],[11.302173,51.326962],[11.301893,51.327273],[11.303733,51.327938],[11.304221,51.327547]]]},"properties":{"nutzung":"Wiese","flaeche_m2":8478,"fill":"#bef264","fill-opacity":0.45,"stroke":"#bef264","stroke-width":0.8},"links":[{"href":"http://localhost:8080/collections/flaechen/items/flaechen-476","rel":"self","type":"application/geo+json"}]},{"type":"Feature","id":"flaechen-477","geometry":{"type":"Polygon","coordinates":[[[11.302551,51.323485],[11.302444,51.323601],[11.302866,51.323751],[11.303252,51.323316],[11.30312,51.323269],[11.30283,51.323169],[11.302552,51.323485],[11.302551,51.323485]]]},"properties":{"nutzung":"Kleingärten","flaeche_m2":1852,"fill":"#a3e635","fill-opacity":0.4,"stroke":"#a3e635","stroke-width":0.8},"links":[{"href":"http://localhost:8080/collections/flaechen/items/flaechen-477","rel":"self","type":"application/geo+json"}]},{"type":"Feature","id":"flaechen-478","geometry":{"type":"Polygon","coordinates":[[[11.304061,51.324673],[11.303241,51.324536],[11.302583,51.325316],[11.303329,51.325596],[11.304171,51.324715],[11.304061,51.324673]]]},"properties":{"nutzung":"Wald","flaeche_m2":6792,"fill":"#4d7c0f","fill-opacity":0.5,"stroke":"#4d7c0f","stroke-width":0.8},"links":[{"href":"http://localhost:8080/collections/flaechen/items/flaechen-478","rel":"self","type":"application/geo+json"}]},{"type":"Feature","id":"flaechen-479","geometry":{"type":"Polygon","coordinates":[[[11.30313,51.324417],[11.303415,51.324079],[11.302938,51.32391],[11.302935,51.323914],[11.302934,51.323915],[11.302638,51.324229],[11.30313,51.324417]]]},"properties":{"nutzung":"Wald","flaeche_m2":1636,"fill":"#4d7c0f","fill-opacity":0.5,"stroke":"#4d7c0f","stroke-width":0.8},"links":[{"href":"http://localhost:8080/collections/flaechen/items/flaechen-479","rel":"self","type":"application/geo+json"}]},{"type":"Feature","id":"flaechen-480","geometry":{"type":"Polygon","coordinates":[[[11.306574,51.326111],[11.306361,51.326132],[11.306348,51.326133],[11.306335,51.326133],[11.305887,51.326123],[11.305116,51.326187],[11.30469,51.32627],[11.304678,51.326272],[11.304666,51.326273],[11.304455,51.32629],[11.304159,51.32636],[11.303671,51.326536],[11.303661,51.32654],[11.30365,51.326543],[11.303329,51.326617],[11.303314,51.32662],[11.3033,51.326622],[11.303285,51.326623],[11.30327,51.326622],[11.302534,51.326585],[11.302366,51.32676],[11.30435,51.327501],[11.304356,51.327503],[11.304361,51.327506],[11.304365,51.327509],[11.304369,51.327512],[11.304373,51.327515],[11.304376,51.327519],[11.304378,51.327522],[11.30438,51.327526],[11.304381,51.32753],[11.304382,51.327534],[11.304382,51.327538],[11.304381,51.327542],[11.30438,51.327546],[11.304378,51.32755],[11.304375,51.327554],[11.304372,51.327557],[11.304368,51.32756],[11.303924,51.327916],[11.308072,51.326152],[11.306574,51.326111]]]},"properties":{"nutzung":"Feld","flaeche_m2":31857,"fill":"#fde68a","fill-opacity":0.5,"stroke":"#fde68a","stroke-width":0.8,"frucht":"Kartoffeln"},"links":[{"href":"http://localhost:8080/collections/flaechen/items/flaechen-480","rel":"self","type":"application/geo+json"}]},{"type":"Feature","id":"flaechen-481","geometry":{"type":"Polygon","coordinates":[[[11.267386,51.313639],[11.26707,51.313483],[11.266354,51.314079],[11.266628,51.314222],[11.267386,51.313639]]]},"properties":{"nutzung":"Feld","flaeche_m2":2198,"fill":"#fde68a","fill-opacity":0.5,"stroke":"#fde68a","stroke-width":0.8,"frucht":"Mais"},"links":[{"href":"http://localhost:8080/collections/flaechen/items/flaechen-481","rel":"self","type":"application/geo+json"}]},{"type":"Feature","id":"flaechen-482","geometry":{"type":"Polygon","coordinates":[[[11.302892,51.319262],[11.302898,51.319264],[11.303651,51.319483],[11.304089,51.318926],[11.301938,51.318297],[11.301168,51.319276],[11.301703,51.319459],[11.301708,51.319461],[11.301713,51.319463],[11.301718,51.319466],[11.301722,51.319469],[11.301726,51.319472],[11.301729,51.319475],[11.301731,51.319479],[11.301734,51.319482],[11.301735,51.319486],[11.301736,51.31949],[11.301737,51.319494],[11.301736,51.319498],[11.301736,51.319501],[11.301734,51.319505],[11.301732,51.319509],[11.30173,51.319512],[11.301711,51.319536],[11.302441,51.31976],[11.302813,51.319283],[11.302816,51.319279],[11.302819,51.319276],[11.302823,51.319273],[11.302828,51.31927],[11.302833,51.319268],[11.302838,51.319265],[11.302843,51.319264],[11.302849,51.319262],[11.302855,51.319261],[11.302861,51.31926],[11.302868,51.31926],[11.302874,51.31926],[11.30288,51.31926],[11.302886,51.319261],[11.302892,51.319262]]]},"properties":{"nutzung":"Obstwiese","flaeche_m2":17491,"fill":"#bbf7d0","fill-opacity":0.5,"stroke":"#bbf7d0","stroke-width":0.8},"links":[{"href":"http://localhost:8080/collections/flaechen/items/flaechen-482","rel":"self","type":"application/geo+json"}]},{"type":"Feature","id":"flaechen-483","geometry":{"type":"Polygon","coordinates":[[[11.302501,51.319868],[11.301974,51.320547],[11.30265,51.320757],[11.303184,51.320078],[11.302501,51.319868]]]},"properties":{"nutzung":"Obstwiese","flaeche_m2":4432,"fill":"#bbf7d0","fill-opacity":0.5,"stroke":"#bbf7d0","stroke-width":0.8},"links":[{"href":"http://localhost:8080/collections/flaechen/items/flaechen-483","rel":"self","type":"application/geo+json"}]},{"type":"Feature","id":"flaechen-484","geometry":{"type":"Polygon","coordinates":[[[11.303318,51.326438],[11.303202,51.326296],[11.302913,51.326188],[11.30269,51.326421],[11.303262,51.326451],[11.303318,51.326438]]]},"properties":{"nutzung":"Obstwiese","flaeche_m2":727,"fill":"#bbf7d0","fill-opacity":0.5,"stroke":"#bbf7d0","stroke-width":0.8},"links":[{"href":"http://localhost:8080/collections/flaechen/items/flaechen-484","rel":"self","type":"application/geo+json"}]},{"type":"Feature","id":"flaechen-485","geometry":{"type":"Polygon","coordinates":[[[11.303314,51.323246],[11.303643,51.322876],[11.303218,51.322731],[11.302893,51.323099],[11.303183,51.323199],[11.303183,51.323199],[11.303314,51.323246]]]},"properties":{"nutzung":"Obstwiese","flaeche_m2":1574,"fill":"#bbf7d0","fill-opacity":0.5,"stroke":"#bbf7d0","stroke-width":0.8},"links":[{"href":"http://localhost:8080/collections/flaechen/items/flaechen-485","rel":"self","type":"application/geo+json"}]},{"type":"Feature","id":"flaechen-486","geometry":{"type":"Polygon","coordinates":[[[11.303626,51.324079],[11.303622,51.324084],[11.303303,51.324462],[11.304104,51.324597],[11.304109,51.324598],[11.304115,51.324599],[11.30412,51.324601],[11.304237,51.324645],[11.304934,51.323916],[11.303414,51.323374],[11.303028,51.323808],[11.303586,51.324006],[11.303593,51.324009],[11.303601,51.324012],[11.303607,51.324016],[11.303613,51.32402],[11.303618,51.324025],[11.303623,51.32403],[11.303627,51.324035],[11.303629,51.32404],[11.303632,51.324046],[11.303633,51.324051],[11.303633,51.324057],[11.303633,51.324062],[11.303631,51.324068],[11.303629,51.324073],[11.303626,51.324079]]]},"properties":{"nutzung":"Feld","flaeche_m2":9757,"fill":"#fde68a","fill-opacity":0.5,"stroke":"#fde68a","stroke-width":0.8,"frucht":"Weizen"},"links":[{"href":"http://localhost:8080/collections/flaechen/items/flaechen-486","rel":"self","type":"application/geo+json"}]},{"type":"Feature","id":"flaechen-487","geometry":{"type":"Polygon","coordinates":[[[11.30345,51.326407],[11.304039,51.325998],[11.303344,51.325737],[11.30298,51.326118],[11.303284,51.326232],[11.303289,51.326234],[11.303294,51.326237],[11.303298,51.326239],[11.303302,51.326242],[11.303306,51.326245],[11.303309,51.326249],[11.30344,51.326409],[11.30345,51.326407]]]},"properties":{"nutzung":"Kleingärten","flaeche_m2":2664,"fill":"#a3e635","fill-opacity":0.4,"stroke":"#a3e635","stroke-width":0.8},"links":[{"href":"http://localhost:8080/collections/flaechen/items/flaechen-487","rel":"self","type":"application/geo+json"}]},{"type":"Feature","id":"flaechen-488","geometry":{"type":"Polygon","coordinates":[[[11.305813,51.325957],[11.305795,51.325327],[11.304281,51.324756],[11.30344,51.325637],[11.304233,51.325934],[11.30424,51.325937],[11.304248,51.325941],[11.304254,51.325945],[11.30426,51.325949],[11.304265,51.325954],[11.304269,51.325959],[11.304273,51.325964],[11.304275,51.32597],[11.304277,51.325976],[11.304278,51.325981],[11.304278,51.325987],[11.304277,51.325993],[11.304275,51.325998],[11.304273,51.326004],[11.304269,51.326009],[11.304265,51.326014],[11.30426,51.326019],[11.304254,51.326023],[11.30394,51.326241],[11.304031,51.326208],[11.304041,51.326205],[11.304052,51.326202],[11.304373,51.326127],[11.304389,51.326124],[11.304404,51.326122],[11.30462,51.326105],[11.305046,51.326021],[11.305057,51.326019],[11.305068,51.326018],[11.305813,51.325957]]]},"properties":{"nutzung":"Kleingärten","flaeche_m2":15816,"fill":"#a3e635","fill-opacity":0.4,"stroke":"#a3e635","stroke-width":0.8},"links":[{"href":"http://localhost:8080/collections/flaechen/items/flaechen-488","rel":"self","type":"application/geo+json"}]},{"type":"Feature","id":"flaechen-489","geometry":{"type":"Polygon","coordinates":[[[11.304352,51.323616],[11.304747,51.323254],[11.303806,51.322932],[11.303477,51.323303],[11.304352,51.323616]]]},"properties":{"nutzung":"Obstwiese","flaeche_m2":3464,"fill":"#bbf7d0","fill-opacity":0.5,"stroke":"#bbf7d0","stroke-width":0.8},"links":[{"href":"http://localhost:8080/collections/flaechen/items/flaechen-489","rel":"self","type":"application/geo+json"}]},{"type":"Feature","id":"flaechen-490","geometry":{"type":"Polygon","coordinates":[[[11.302895,51.320833],[11.303431,51.320999],[11.30398,51.320322],[11.303429,51.320153],[11.302895,51.320833]]]},"properties":{"nutzung":"Feld","flaeche_m2":3562,"fill":"#fde68a","fill-opacity":0.5,"stroke":"#fde68a","stroke-width":0.8,"frucht":"Weizen"},"links":[{"href":"http://localhost:8080/collections/flaechen/items/flaechen-490","rel":"self","type":"application/geo+json"}]},{"type":"Feature","id":"flaechen-491","geometry":{"type":"Polygon","coordinates":[[[11.302901,51.319354],[11.302557,51.319796],[11.303241,51.320005],[11.303594,51.319555],[11.302901,51.319354]]]},"properties":{"nutzung":"Feld","flaeche_m2":2931,"fill":"#fde68a","fill-opacity":0.5,"stroke":"#fde68a","stroke-width":0.8,"frucht":"Zuckerrüben"},"links":[{"href":"http://localhost:8080/collections/flaechen/items/flaechen-491","rel":"self","type":"application/geo+json"}]},{"type":"Feature","id":"flaechen-492","geometry":{"type":"Polygon","coordinates":[[[11.304894,51.323263],[11.304465,51.323656],[11.305,51.323847],[11.305069,51.323775],[11.305909,51.322815],[11.304371,51.322297],[11.303869,51.322861],[11.304871,51.323204],[11.304877,51.323206],[11.304882,51.323209],[11.304886,51.323211],[11.304891,51.323214],[11.304894,51.323218],[11.304897,51.323221],[11.3049,51.323225],[11.304902,51.323228],[11.304904,51.323232],[11.304905,51.323236],[11.304905,51.32324],[11.304904,51.323244],[11.304903,51.323248],[11.304902,51.323252],[11.3049,51.323256],[11.304897,51.323259],[11.304894,51.323263]]]},"properties":{"nutzung":"Feld","flaeche_m2":11146,"fill":"#fde68a","fill-opacity":0.5,"stroke":"#fde68a","stroke-width":0.8,"frucht":"Raps"},"links":[{"href":"http://localhost:8080/collections/flaechen/items/flaechen-492","rel":"self","type":"application/geo+json"}]},{"type":"Feature","id":"flaechen-493","geometry":{"type":"Polygon","coordinates":[[[11.304051,51.321192],[11.304294,51.321272],[11.304858,51.320591],[11.304096,51.320358],[11.303547,51.321035],[11.304049,51.321191],[11.304051,51.321192]]]},"properties":{"nutzung":"Obstwiese","flaeche_m2":4971,"fill":"#bbf7d0","fill-opacity":0.5,"stroke":"#bbf7d0","stroke-width":0.8},"links":[{"href":"http://localhost:8080/collections/flaechen/items/flaechen-493","rel":"self","type":"application/geo+json"}]},{"type":"Feature","id":"flaechen-494","geometry":{"type":"Polygon","coordinates":[[[11.305025,51.321606],[11.304349,51.321382],[11.304005,51.321797],[11.304013,51.321796],[11.304025,51.321794],[11.304457,51.321732],[11.304651,51.321674],[11.304663,51.321671],[11.304676,51.321668],[11.30499,51.321619],[11.305025,51.321606]]]},"properties":{"nutzung":"Obstwiese","flaeche_m2":1434,"fill":"#bbf7d0","fill-opacity":0.5,"stroke":"#bbf7d0","stroke-width":0.8},"links":[{"href":"http://localhost:8080/collections/flaechen/items/flaechen-494","rel":"self","type":"application/geo+json"}]},{"type":"Feature","id":"flaechen-495","geometry":{"type":"Polygon","coordinates":[[[11.303486,51.32008],[11.304039,51.32025],[11.304263,51.319973],[11.303712,51.319792],[11.303486,51.32008]]]},"properties":{"nutzung":"Feld","flaeche_m2":1512,"fill":"#fde68a","fill-opacity":0.5,"stroke":"#fde68a","stroke-width":0.8,"frucht":"Gerste"},"links":[{"href":"http://localhost:8080/collections/flaechen/items/flaechen-495","rel":"self","type":"application/geo+json"}]},{"type":"Feature","id":"flaechen-496","geometry":{"type":"Polygon","coordinates":[[[11.306531,51.322104],[11.305308,51.321699],[11.305112,51.321772],[11.3051,51.321776],[11.305088,51.321779],[11.305076,51.321781],[11.305047,51.321786],[11.304452,51.322232],[11.305971,51.322744],[11.306531,51.322104]]]},"properties":{"nutzung":"Sportplatz","flaeche_m2":8985,"fill":"#6ee7b7","fill-opacity":0.6,"stroke":"#6ee7b7","stroke-width":0.8,"name":"Sportplatz"},"links":[{"href":"http://localhost:8080/collections/flaechen/items/flaechen-496","rel":"self","type":"application/geo+json"}]},{"type":"Feature","id":"flaechen-497","geometry":{"type":"Polygon","coordinates":[[[11.306442,51.321108],[11.304973,51.320628],[11.304408,51.32131],[11.305155,51.321557],[11.305269,51.321515],[11.305284,51.321511],[11.305901,51.321341],[11.30645,51.321111],[11.306442,51.321108]]]},"properties":{"nutzung":"Wiese","flaeche_m2":7666,"fill":"#bef264","fill-opacity":0.45,"stroke":"#bef264","stroke-width":0.8},"links":[{"href":"http://localhost:8080/collections/flaechen/items/flaechen-497","rel":"self","type":"application/geo+json"}]},{"type":"Feature","id":"flaechen-498","geometry":{"type":"Polygon","coordinates":[[[11.305444,51.321653],[11.306593,51.322033],[11.306872,51.321715],[11.306457,51.321314],[11.306043,51.321487],[11.306033,51.321491],[11.306022,51.321494],[11.305444,51.321653]]]},"properties":{"nutzung":"Kleingärten","flaeche_m2":3802,"fill":"#a3e635","fill-opacity":0.4,"stroke":"#a3e635","stroke-width":0.8},"links":[{"href":"http://localhost:8080/collections/flaechen/items/flaechen-498","rel":"self","type":"application/geo+json"}]},{"type":"Feature","id":"flaechen-499","geometry":{"type":"Polygon","coordinates":[[[11.307197,51.322324],[11.306646,51.322142],[11.306085,51.322783],[11.306748,51.323007],[11.307197,51.322324]]]},"properties":{"nutzung":"Feld","flaeche_m2":3906,"fill":"#fde68a","fill-opacity":0.5,"stroke":"#fde68a","stroke-width":0.8,"frucht":"Mais"},"links":[{"href":"http://localhost:8080/collections/flaechen/items/flaechen-499","rel":"self","type":"application/geo+json"}]},{"type":"Feature","id":"flaechen-500","geometry":{"type":"Polygon","coordinates":[[[11.308399,51.321777],[11.30672,51.321203],[11.306564,51.321269],[11.307001,51.321691],[11.307004,51.321695],[11.307007,51.321698],[11.307009,51.321702],[11.307011,51.321706],[11.307011,51.32171],[11.307012,51.321714],[11.307011,51.321718],[11.30701,51.321722],[11.307009,51.321726],[11.307007,51.321729],[11.307004,51.321733],[11.306708,51.322071],[11.307758,51.322418],[11.308399,51.321777]]]},"properties":{"nutzung":"Feld","flaeche_m2":8479,"fill":"#fde68a","fill-opacity":0.5,"stroke":"#fde68a","stroke-width":0.8,"frucht":"Mais"},"links":[{"href":"http://localhost:8080/collections/flaechen/items/flaechen-500","rel":"self","type":"application/geo+json"}]},{"type":"Feature","id":"flaechen-501","geometry":{"type":"Polygon","coordinates":[[[11.249271,51.318135],[11.251744,51.316362],[11.251744,51.316362],[11.249905,51.315359],[11.247433,51.317132],[11.249271,51.318135]]]},"properties":{"nutzung":"Wiese","flaeche_m2":44450,"fill":"#bef264","fill-opacity":0.45,"stroke":"#bef264","stroke-width":0.8},"links":[{"href":"http://localhost:8080/collections/flaechen/items/flaechen-501","rel":"self","type":"application/geo+json"}]},{"type":"Feature","id":"flaechen-502","geometry":{"type":"Polygon","coordinates":[[[11.251966,51.319605],[11.254439,51.317832],[11.251734,51.316357],[11.251734,51.316357],[11.249261,51.31813],[11.251966,51.319605]]]},"properties":{"nutzung":"Feld","flaeche_m2":65393,"fill":"#fde68a","fill-opacity":0.5,"stroke":"#fde68a","stroke-width":0.8,"frucht":"Kartoffeln"},"links":[{"href":"http://localhost:8080/collections/flaechen/items/flaechen-502","rel":"self","type":"application/geo+json"}]},{"type":"Feature","id":"flaechen-503","geometry":{"type":"Polygon","coordinates":[[[11.251957,51.313837],[11.251955,51.313839],[11.250031,51.315269],[11.250029,51.31527],[11.249896,51.315366],[11.252246,51.316648],[11.252246,51.316648],[11.255388,51.314396],[11.252615,51.313324],[11.251957,51.313837]]]},"properties":{"nutzung":"Wiese","flaeche_m2":69052,"fill":"#bef264","fill-opacity":0.45,"stroke":"#bef264","stroke-width":0.8},"links":[{"href":"http://localhost:8080/collections/flaechen/items/flaechen-503","rel":"self","type":"application/geo+json"}]},{"type":"Feature","id":"flaechen-504","geometry":{"type":"Polygon","coordinates":[[[11.25443,51.317839],[11.257869,51.315373],[11.256564,51.31485],[11.255376,51.314391],[11.252236,51.316642],[11.252236,51.316642],[11.25443,51.317839]]]},"properties":{"nutzung":"Wald","flaeche_m2":70634,"fill":"#4d7c0f","fill-opacity":0.5,"stroke":"#4d7c0f","stroke-width":0.8,"baumart":"Eiche"},"links":[{"href":"http://localhost:8080/collections/flaechen/items/flaechen-504","rel":"self","type":"application/geo+json"}]},{"type":"Feature","id":"flaechen-505","geometry":{"type":"Polygon","coordinates":[[[11.251955,51.3196],[11.254713,51.321104],[11.254713,51.321104],[11.256938,51.319509],[11.256938,51.319509],[11.254181,51.318004],[11.251955,51.3196]]]},"properties":{"nutzung":"Wald","flaeche_m2":59990,"fill":"#4d7c0f","fill-opacity":0.5,"stroke":"#4d7c0f","stroke-width":0.8,"baumart":"Eiche"},"links":[{"href":"http://localhost:8080/collections/flaechen/items/flaechen-505","rel":"self","type":"application/geo+json"}]},{"type":"Feature","id":"flaechen-506","geometry":{"type":"Polygon","coordinates":[[[11.254171,51.318011],[11.256929,51.319515],[11.256929,51.319515],[11.258345,51.3185],[11.255587,51.316996],[11.254171,51.318011]]]},"properties":{"nutzung":"Wald","flaeche_m2":38160,"fill":"#4d7c0f","fill-opacity":0.5,"stroke":"#4d7c0f","stroke-width":0.8,"baumart":"Eiche"},"links":[{"href":"http://localhost:8080/collections/flaechen/items/flaechen-506","rel":"self","type":"application/geo+json"}]},{"type":"Feature","id":"flaechen-507","geometry":{"type":"Polygon","coordinates":[[[11.254702,51.321098],[11.254702,51.321098],[11.258609,51.32323],[11.260125,51.32217],[11.256196,51.320027],[11.256196,51.320027],[11.254702,51.321098]]]},"properties":{"nutzung":"Wald","flaeche_m2":57220,"fill":"#4d7c0f","fill-opacity":0.5,"stroke":"#4d7c0f","stroke-width":0.8,"baumart":"Mischwald"},"links":[{"href":"http://localhost:8080/collections/flaechen/items/flaechen-507","rel":"self","type":"application/geo+json"}]},{"type":"Feature","id":"flaechen-508","geometry":{"type":"Polygon","coordinates":[[[11.259434,51.319772],[11.259521,51.319712],[11.260882,51.320485],[11.261792,51.320964],[11.262233,51.320621],[11.259918,51.319359],[11.259493,51.319658],[11.259396,51.319605],[11.259821,51.319306],[11.258334,51.318494],[11.256187,51.320034],[11.256187,51.320034],[11.260115,51.322177],[11.261272,51.321368],[11.261711,51.321027],[11.260797,51.320547],[11.260795,51.320546],[11.259434,51.319772]]]},"properties":{"nutzung":"Wald","flaeche_m2":80162,"fill":"#4d7c0f","fill-opacity":0.5,"stroke":"#4d7c0f","stroke-width":0.8,"baumart":"Buche"},"links":[{"href":"http://localhost:8080/collections/flaechen/items/flaechen-508","rel":"self","type":"application/geo+json"}]},{"type":"Feature","id":"flaechen-509","geometry":{"type":"Polygon","coordinates":[[[11.262637,51.320307],[11.263523,51.319549],[11.262894,51.319268],[11.262892,51.319267],[11.261532,51.318604],[11.26153,51.318603],[11.261216,51.318437],[11.261098,51.318528],[11.261096,51.31853],[11.259909,51.319366],[11.262224,51.320628],[11.262637,51.320307]]]},"properties":{"nutzung":"Wald","flaeche_m2":29757,"fill":"#4d7c0f","fill-opacity":0.5,"stroke":"#4d7c0f","stroke-width":0.8,"baumart":"Buche"},"links":[{"href":"http://localhost:8080/collections/flaechen/items/flaechen-509","rel":"self","type":"application/geo+json"}]},{"type":"Feature","id":"flaechen-510","geometry":{"type":"Polygon","coordinates":[[[11.260999,51.318477],[11.261118,51.318384],[11.260038,51.317813],[11.260121,51.317751],[11.261199,51.318321],[11.262573,51.317256],[11.26247,51.317215],[11.262469,51.317215],[11.257857,51.315368],[11.255577,51.317003],[11.259811,51.319312],[11.260999,51.318477]]]},"properties":{"nutzung":"Wald","flaeche_m2":104524,"fill":"#4d7c0f","fill-opacity":0.5,"stroke":"#4d7c0f","stroke-width":0.8,"baumart":"Eiche"},"links":[{"href":"http://localhost:8080/collections/flaechen/items/flaechen-510","rel":"self","type":"application/geo+json"}]},{"type":"Feature","id":"flaechen-511","geometry":{"type":"Polygon","coordinates":[[[11.250307,51.318689],[11.247556,51.320607],[11.247556,51.320607],[11.249579,51.321742],[11.252355,51.319806],[11.250307,51.318689]]]},"properties":{"nutzung":"Feld","flaeche_m2":54468,"fill":"#fde68a","fill-opacity":0.5,"stroke":"#fde68a","stroke-width":0.8,"frucht":"Gerste"},"links":[{"href":"http://localhost:8080/collections/flaechen/items/flaechen-511","rel":"self","type":"application/geo+json"}]},{"type":"Feature","id":"flaechen-512","geometry":{"type":"Polygon","coordinates":[[[11.247442,51.317126],[11.246629,51.317708],[11.244782,51.319051],[11.247567,51.320613],[11.247567,51.320613],[11.250318,51.318694],[11.247442,51.317126]]]},"properties":{"nutzung":"Feld","flaeche_m2":74975,"fill":"#fde68a","fill-opacity":0.5,"stroke":"#fde68a","stroke-width":0.8,"frucht":"Luzerne"},"links":[{"href":"http://localhost:8080/collections/flaechen/items/flaechen-512","rel":"self","type":"application/geo+json"}]},{"type":"Feature","id":"flaechen-513","geometry":{"type":"Polygon","coordinates":[[[11.249589,51.321735],[11.247422,51.32052],[11.244796,51.322352],[11.246459,51.323294],[11.246463,51.323296],[11.246936,51.323585],[11.249589,51.321735]]]},"properties":{"nutzung":"Wald","flaeche_m2":55569,"fill":"#4d7c0f","fill-opacity":0.5,"stroke":"#4d7c0f","stroke-width":0.8,"baumart":"Kiefer"},"links":[{"href":"http://localhost:8080/collections/flaechen/items/flaechen-513","rel":"self","type":"application/geo+json"}]},{"type":"Feature","id":"flaechen-514","geometry":{"type":"Polygon","coordinates":[[[11.244791,51.319045],[11.24284,51.320463],[11.242736,51.320407],[11.243106,51.321509],[11.243197,51.321446],[11.244806,51.322358],[11.247433,51.320526],[11.244791,51.319045]]]},"properties":{"nutzung":"Wald","flaeche_m2":64566,"fill":"#4d7c0f","fill-opacity":0.5,"stroke":"#4d7c0f","stroke-width":0.8,"baumart":"Buche"},"links":[{"href":"http://localhost:8080/collections/flaechen/items/flaechen-514","rel":"self","type":"application/geo+json"}]},{"type":"Feature","id":"flaechen-515","geometry":{"type":"Polygon","coordinates":[[[11.252344,51.3198],[11.249805,51.321571],[11.253405,51.32359],[11.253405,51.32359],[11.255989,51.321788],[11.252344,51.3198]]]},"properties":{"nutzung":"Feld","flaeche_m2":89830,"fill":"#fde68a","fill-opacity":0.5,"stroke":"#fde68a","stroke-width":0.8,"frucht":"Kartoffeln"},"links":[{"href":"http://localhost:8080/collections/flaechen/items/flaechen-515","rel":"self","type":"application/geo+json"}]},{"type":"Feature","id":"flaechen-516","geometry":{"type":"Polygon","coordinates":[[[11.258438,51.323349],[11.258619,51.323223],[11.255978,51.321782],[11.253394,51.323584],[11.253394,51.323584],[11.25606,51.325079],[11.258436,51.323351],[11.258438,51.323349]]]},"properties":{"nutzung":"Wiese","flaeche_m2":66739,"fill":"#bef264","fill-opacity":0.45,"stroke":"#bef264","stroke-width":0.8},"links":[{"href":"http://localhost:8080/collections/flaechen/items/flaechen-516","rel":"self","type":"application/geo+json"}]},{"type":"Feature","id":"flaechen-517","geometry":{"type":"Polygon","coordinates":[[[11.252613,51.327291],[11.253517,51.32676],[11.254966,51.325841],[11.256039,51.325095],[11.25607,51.325072],[11.252881,51.323284],[11.249809,51.325427],[11.252613,51.327291]]]},"properties":{"nutzung":"Wiese","flaeche_m2":97782,"fill":"#bef264","fill-opacity":0.45,"stroke":"#bef264","stroke-width":0.8},"links":[{"href":"http://localhost:8080/collections/flaechen/items/flaechen-517","rel":"self","type":"application/geo+json"}]},{"type":"Feature","id":"flaechen-518","geometry":{"type":"Polygon","coordinates":[[[11.252892,51.32329],[11.249815,51.321564],[11.248032,51.322807],[11.251109,51.324533],[11.252892,51.32329]]]},"properties":{"nutzung":"Feld","flaeche_m2":53434,"fill":"#fde68a","fill-opacity":0.5,"stroke":"#fde68a","stroke-width":0.8,"frucht":"Luzerne"},"links":[{"href":"http://localhost:8080/collections/flaechen/items/flaechen-518","rel":"self","type":"application/geo+json"}]},{"type":"Feature","id":"flaechen-519","geometry":{"type":"Polygon","coordinates":[[[11.248983,51.324877],[11.249819,51.325433],[11.251119,51.324527],[11.248042,51.322801],[11.246926,51.323579],[11.247697,51.32405],[11.247699,51.324051],[11.248981,51.324876],[11.248983,51.324877]]]},"properties":{"nutzung":"Wiese","flaeche_m2":35859,"fill":"#bef264","fill-opacity":0.45,"stroke":"#bef264","stroke-width":0.8},"links":[{"href":"http://localhost:8080/collections/flaechen/items/flaechen-519","rel":"self","type":"application/geo+json"}]},{"type":"Feature","id":"flaechen-520","geometry":{"type":"Polygon","coordinates":[[[11.262776,51.317098],[11.262324,51.316874],[11.262323,51.316873],[11.257688,51.314512],[11.25364,51.312507],[11.253111,51.312938],[11.253109,51.31294],[11.252787,51.31319],[11.256708,51.314705],[11.25671,51.314706],[11.262616,51.317071],[11.262746,51.317122],[11.262776,51.317098]]]},"properties":{"nutzung":"Wald","flaeche_m2":40336,"fill":"#4d7c0f","fill-opacity":0.5,"stroke":"#4d7c0f","stroke-width":0.8,"baumart":"Kiefer"},"links":[{"href":"http://localhost:8080/collections/flaechen/items/flaechen-520","rel":"self","type":"application/geo+json"}]},{"type":"Feature","id":"flaechen-521","geometry":{"type":"Polygon","coordinates":[[[11.238832,51.307938],[11.238551,51.307911],[11.239185,51.309805],[11.239185,51.309805],[11.242316,51.309394],[11.23876,51.308011],[11.238832,51.307938]]]},"properties":{"nutzung":"Feld","flaeche_m2":23784,"fill":"#fde68a","fill-opacity":0.5,"stroke":"#fde68a","stroke-width":0.8,"frucht":"Gerste"},"links":[{"href":"http://localhost:8080/collections/flaechen/items/flaechen-521","rel":"self","type":"application/geo+json"}]},{"type":"Feature","id":"flaechen-522","geometry":{"type":"Polygon","coordinates":[[[11.240183,51.312782],[11.244196,51.312257],[11.243376,51.309807],[11.242298,51.309388],[11.239182,51.309796],[11.240183,51.312782]]]},"properties":{"nutzung":"Wald","flaeche_m2":94926,"fill":"#4d7c0f","fill-opacity":0.5,"stroke":"#4d7c0f","stroke-width":0.8,"baumart":"Mischwald"},"links":[{"href":"http://localhost:8080/collections/flaechen/items/flaechen-522","rel":"self","type":"application/geo+json"}]},{"type":"Feature","id":"flaechen-523","geometry":{"type":"Polygon","coordinates":[[[11.244007,51.310052],[11.243359,51.3098],[11.244182,51.312258],[11.248398,51.311706],[11.244008,51.310053],[11.244007,51.310052]]]},"properties":{"nutzung":"Feld","flaeche_m2":41742,"fill":"#fde68a","fill-opacity":0.5,"stroke":"#fde68a","stroke-width":0.8,"frucht":"Roggen"},"links":[{"href":"http://localhost:8080/collections/flaechen/items/flaechen-523","rel":"self","type":"application/geo+json"}]},{"type":"Feature","id":"flaechen-524","geometry":{"type":"Polygon","coordinates":[[[11.247328,51.311837],[11.247328,51.311837],[11.243906,51.312285],[11.243906,51.312285],[11.244454,51.31392],[11.244454,51.31392],[11.247876,51.313472],[11.247328,51.311837]]]},"properties":{"nutzung":"Wiese","flaeche_m2":45210,"fill":"#bef264","fill-opacity":0.45,"stroke":"#bef264","stroke-width":0.8},"links":[{"href":"http://localhost:8080/collections/flaechen/items/flaechen-524","rel":"self","type":"application/geo+json"}]},{"type":"Feature","id":"flaechen-525","geometry":{"type":"Polygon","coordinates":[[[11.247873,51.313463],[11.244451,51.313911],[11.244451,51.313911],[11.245162,51.316034],[11.248584,51.315586],[11.247873,51.313463]]]},"properties":{"nutzung":"Wiese","flaeche_m2":58696,"fill":"#bef264","fill-opacity":0.45,"stroke":"#bef264","stroke-width":0.8},"links":[{"href":"http://localhost:8080/collections/flaechen/items/flaechen-525","rel":"self","type":"application/geo+json"}]},{"type":"Feature","id":"flaechen-526","geometry":{"type":"Polygon","coordinates":[[[11.240662,51.314215],[11.244403,51.313725],[11.24392,51.312284],[11.24392,51.312284],[11.24018,51.312774],[11.24018,51.312774],[11.240662,51.314215]]]},"properties":{"nutzung":"Feld","flaeche_m2":43564,"fill":"#fde68a","fill-opacity":0.5,"stroke":"#fde68a","stroke-width":0.8,"frucht":"Kartoffeln"},"links":[{"href":"http://localhost:8080/collections/flaechen/items/flaechen-526","rel":"self","type":"application/geo+json"}]},{"type":"Feature","id":"flaechen-527","geometry":{"type":"Polygon","coordinates":[[[11.241435,51.316522],[11.241435,51.316522],[11.245176,51.316032],[11.2444,51.313716],[11.240659,51.314206],[11.241435,51.316522]]]},"properties":{"nutzung":"Feld","flaeche_m2":70026,"fill":"#fde68a","fill-opacity":0.5,"stroke":"#fde68a","stroke-width":0.8,"frucht":"Luzerne"},"links":[{"href":"http://localhost:8080/collections/flaechen/items/flaechen-527","rel":"self","type":"application/geo+json"}]},{"type":"Feature","id":"flaechen-528","geometry":{"type":"Polygon","coordinates":[[[11.251745,51.313729],[11.252381,51.313234],[11.249523,51.31213],[11.24838,51.311699],[11.247314,51.311839],[11.247314,51.311839],[11.24857,51.315588],[11.249371,51.315483],[11.249823,51.315159],[11.251745,51.313729]]]},"properties":{"nutzung":"Wiese","flaeche_m2":81451,"fill":"#bef264","fill-opacity":0.45,"stroke":"#bef264","stroke-width":0.8},"links":[{"href":"http://localhost:8080/collections/flaechen/items/flaechen-528","rel":"self","type":"application/geo+json"}]},{"type":"Feature","id":"flaechen-529","geometry":{"type":"Polygon","coordinates":[[[11.241432,51.316513],[11.241432,51.316513],[11.242701,51.320302],[11.245773,51.318069],[11.242613,51.316359],[11.241432,51.316513]]]},"properties":{"nutzung":"Feld","flaeche_m2":65731,"fill":"#fde68a","fill-opacity":0.5,"stroke":"#fde68a","stroke-width":0.8,"frucht":"Raps"},"links":[{"href":"http://localhost:8080/collections/flaechen/items/flaechen-529","rel":"self","type":"application/geo+json"}]},{"type":"Feature","id":"flaechen-530","geometry":{"type":"Polygon","coordinates":[[[11.249387,51.315471],[11.242596,51.316361],[11.245764,51.318076],[11.246422,51.317597],[11.246423,51.317596],[11.249387,51.315471]]]},"properties":{"nutzung":"Wiese","flaeche_m2":55913,"fill":"#bef264","fill-opacity":0.45,"stroke":"#bef264","stroke-width":0.8},"links":[{"href":"http://localhost:8080/collections/flaechen/items/flaechen-530","rel":"self","type":"application/geo+json"}]},{"type":"Feature","id":"flaechen-531","geometry":{"type":"Polygon","coordinates":[[[11.245753,51.310511],[11.247437,51.308777],[11.239177,51.307972],[11.24415,51.309907],[11.245753,51.310511]]]},"properties":{"nutzung":"Feld","flaeche_m2":61067,"fill":"#fde68a","fill-opacity":0.5,"stroke":"#fde68a","stroke-width":0.8,"frucht":"Gerste"},"links":[{"href":"http://localhost:8080/collections/flaechen/items/flaechen-531","rel":"self","type":"application/geo+json"}]},{"type":"Feature","id":"flaechen-532","geometry":{"type":"Polygon","coordinates":[[[11.247666,51.309455],[11.247839,51.309324],[11.250472,51.310677],[11.251899,51.309212],[11.247421,51.308775],[11.24574,51.310506],[11.249325,51.311856],[11.250329,51.310824],[11.247666,51.309455]]]},"properties":{"nutzung":"Wiese","flaeche_m2":78440,"fill":"#bef264","fill-opacity":0.45,"stroke":"#bef264","stroke-width":0.8},"links":[{"href":"http://localhost:8080/collections/flaechen/items/flaechen-532","rel":"self","type":"application/geo+json"}]},{"type":"Feature","id":"flaechen-533","geometry":{"type":"Polygon","coordinates":[[[11.249666,51.311984],[11.252553,51.3131],[11.252895,51.312834],[11.253426,51.312401],[11.252642,51.312013],[11.25264,51.312012],[11.250318,51.310818],[11.249313,51.311851],[11.249665,51.311984],[11.249666,51.311984]]]},"properties":{"nutzung":"Wiese","flaeche_m2":31415,"fill":"#bef264","fill-opacity":0.45,"stroke":"#bef264","stroke-width":0.8},"links":[{"href":"http://localhost:8080/collections/flaechen/items/flaechen-533","rel":"self","type":"application/geo+json"}]},{"type":"Feature","id":"flaechen-534","geometry":{"type":"Polygon","coordinates":[[[11.252812,51.311879],[11.253592,51.312266],[11.253943,51.31198],[11.254166,51.311787],[11.253601,51.311125],[11.253599,51.311123],[11.252128,51.309284],[11.252251,51.309246],[11.251883,51.30921],[11.250461,51.310671],[11.252812,51.311879]]]},"properties":{"nutzung":"Feld","flaeche_m2":38198,"fill":"#fde68a","fill-opacity":0.5,"stroke":"#fde68a","stroke-width":0.8,"frucht":"Luzerne"},"links":[{"href":"http://localhost:8080/collections/flaechen/items/flaechen-534","rel":"self","type":"application/geo+json"}]},{"type":"Feature","id":"flaechen-535","geometry":{"type":"Polygon","coordinates":[[[11.312389,51.324316],[11.310273,51.32237],[11.310273,51.32237],[11.307204,51.323675],[11.307204,51.323675],[11.309321,51.325621],[11.312389,51.324316]]]},"properties":{"nutzung":"Feld","flaeche_m2":67628,"fill":"#fde68a","fill-opacity":0.5,"stroke":"#fde68a","stroke-width":0.8,"frucht":"Weizen"},"links":[{"href":"http://localhost:8080/collections/flaechen/items/flaechen-535","rel":"self","type":"application/geo+json"}]},{"type":"Feature","id":"flaechen-536","geometry":{"type":"Polygon","coordinates":[[[11.305898,51.325272],[11.305903,51.325274],[11.305907,51.325277],[11.305912,51.32528],[11.305915,51.325284],[11.305918,51.325288],[11.30592,51.325291],[11.305922,51.325295],[11.305923,51.325299],[11.305924,51.325303],[11.305943,51.325953],[11.306332,51.325962],[11.306545,51.325941],[11.306559,51.32594],[11.306572,51.32594],[11.308267,51.325987],[11.308261,51.326072],[11.309332,51.325616],[11.307216,51.32367],[11.307216,51.32367],[11.3046,51.324782],[11.305892,51.325269],[11.305898,51.325272]]]},"properties":{"nutzung":"Feld","flaeche_m2":46188,"fill":"#fde68a","fill-opacity":0.5,"stroke":"#fde68a","stroke-width":0.8,"frucht":"Weizen"},"links":[{"href":"http://localhost:8080/collections/flaechen/items/flaechen-536","rel":"self","type":"application/geo+json"}]},{"type":"Feature","id":"flaechen-537","geometry":{"type":"Polygon","coordinates":[[[11.308521,51.321727],[11.30849,51.321762],[11.308545,51.321784],[11.307835,51.322493],[11.307832,51.322496],[11.307827,51.322499],[11.307823,51.322502],[11.307818,51.322505],[11.307812,51.322507],[11.307806,51.322509],[11.3078,51.32251],[11.307794,51.322511],[11.307788,51.322512],[11.307781,51.322512],[11.307775,51.322512],[11.307769,51.322511],[11.307762,51.32251],[11.307756,51.322509],[11.30775,51.322507],[11.307312,51.322362],[11.306841,51.323079],[11.306838,51.323083],[11.306835,51.323086],[11.306831,51.323089],[11.306827,51.323092],[11.306822,51.323095],[11.306817,51.323097],[11.306811,51.323099],[11.306806,51.323101],[11.3068,51.323102],[11.306793,51.323103],[11.306787,51.323104],[11.306781,51.323104],[11.306774,51.323104],[11.306768,51.323103],[11.306762,51.323102],[11.306756,51.323101],[11.30675,51.323099],[11.306022,51.322854],[11.305182,51.323814],[11.305181,51.323815],[11.305113,51.323887],[11.305381,51.323982],[11.305317,51.324053],[11.305046,51.323956],[11.304348,51.324687],[11.304614,51.324787],[11.310281,51.322377],[11.310281,51.322377],[11.30829,51.320545],[11.306841,51.321153],[11.308521,51.321727]]]},"properties":{"nutzung":"Feld","flaeche_m2":54070,"fill":"#fde68a","fill-opacity":0.5,"stroke":"#fde68a","stroke-width":0.8,"frucht":"Roggen"},"links":[{"href":"http://localhost:8080/collections/flaechen/items/flaechen-537","rel":"self","type":"application/geo+json"}]},{"type":"Feature","id":"flaechen-538","geometry":{"type":"Polygon","coordinates":[[[11.312378,51.324321],[11.316179,51.322705],[11.314537,51.321194],[11.310735,51.322811],[11.312378,51.324321]]]},"properties":{"nutzung":"Wiese","flaeche_m2":65008,"fill":"#bef264","fill-opacity":0.45,"stroke":"#bef264","stroke-width":0.8},"links":[{"href":"http://localhost:8080/collections/flaechen/items/flaechen-538","rel":"self","type":"application/geo+json"}]},{"type":"Feature","id":"flaechen-539","geometry":{"type":"Polygon","coordinates":[[[11.309263,51.320165],[11.309181,51.320179],[11.308621,51.320407],[11.308278,51.32055],[11.310743,51.322818],[11.312967,51.321872],[11.312967,51.321872],[11.311045,51.320104],[11.310149,51.320088],[11.309263,51.320165]]]},"properties":{"nutzung":"Feld","flaeche_m2":53639,"fill":"#fde68a","fill-opacity":0.5,"stroke":"#fde68a","stroke-width":0.8,"frucht":"Zuckerrüben"},"links":[{"href":"http://localhost:8080/collections/flaechen/items/flaechen-539","rel":"self","type":"application/geo+json"}]},{"type":"Feature","id":"flaechen-540","geometry":{"type":"Polygon","coordinates":[[[11.314545,51.321202],[11.314545,51.321202],[11.313384,51.320134],[11.312554,51.320131],[11.312551,51.320131],[11.311027,51.320104],[11.312956,51.321878],[11.312956,51.321878],[11.314545,51.321202]]]},"properties":{"nutzung":"Feld","flaeche_m2":25495,"fill":"#fde68a","fill-opacity":0.5,"stroke":"#fde68a","stroke-width":0.8,"frucht":"Gerste"},"links":[{"href":"http://localhost:8080/collections/flaechen/items/flaechen-540","rel":"self","type":"application/geo+json"}]},{"type":"Feature","id":"flaechen-541","geometry":{"type":"Polygon","coordinates":[[[11.317265,51.319539],[11.317249,51.319545],[11.31633,51.319834],[11.316314,51.319838],[11.315562,51.320006],[11.315546,51.320008],[11.314655,51.320137],[11.314639,51.320138],[11.314624,51.320139],[11.313367,51.320134],[11.316167,51.32271],[11.318168,51.321859],[11.318047,51.32182],[11.319338,51.320268],[11.318139,51.319165],[11.317265,51.319539]]]},"properties":{"nutzung":"Wiese","flaeche_m2":82815,"fill":"#bef264","fill-opacity":0.45,"stroke":"#bef264","stroke-width":0.8},"links":[{"href":"http://localhost:8080/collections/flaechen/items/flaechen-541","rel":"self","type":"application/geo+json"}]},{"type":"Feature","id":"flaechen-542","geometry":{"type":"Polygon","coordinates":[[[11.319978,51.319498],[11.32097,51.318369],[11.320962,51.31837],[11.320416,51.318446],[11.319995,51.318544],[11.319985,51.318546],[11.319974,51.318547],[11.319766,51.318573],[11.319377,51.318689],[11.318619,51.319004],[11.31861,51.319008],[11.3186,51.319011],[11.318299,51.319097],[11.318127,51.31917],[11.31933,51.320277],[11.319977,51.3195],[11.319978,51.319498]]]},"properties":{"nutzung":"Wiese","flaeche_m2":17360,"fill":"#bef264","fill-opacity":0.45,"stroke":"#bef264","stroke-width":0.8},"links":[{"href":"http://localhost:8080/collections/flaechen/items/flaechen-542","rel":"self","type":"application/geo+json"}]},{"type":"Feature","id":"flaechen-543","geometry":{"type":"Polygon","coordinates":[[[11.258812,51.314864],[11.260487,51.313567],[11.260487,51.313567],[11.256376,51.311491],[11.254707,51.312058],[11.255833,51.313375],[11.257859,51.314379],[11.25786,51.31438],[11.258812,51.314864]]]},"properties":{"nutzung":"Feld","flaeche_m2":69850,"fill":"#fde68a","fill-opacity":0.5,"stroke":"#fde68a","stroke-width":0.8,"frucht":"Mais"},"links":[{"href":"http://localhost:8080/collections/flaechen/items/flaechen-543","rel":"self","type":"application/geo+json"}]},{"type":"Feature","id":"flaechen-544","geometry":{"type":"Polygon","coordinates":[[[11.260314,51.310154],[11.256363,51.311496],[11.258428,51.312539],[11.258428,51.312539],[11.261043,51.310513],[11.260314,51.310154]]]},"properties":{"nutzung":"Wiese","flaeche_m2":36037,"fill":"#bef264","fill-opacity":0.45,"stroke":"#bef264","stroke-width":0.8},"links":[{"href":"http://localhost:8080/collections/flaechen/items/flaechen-544","rel":"self","type":"application/geo+json"}]},{"type":"Feature","id":"flaechen-545","geometry":{"type":"Polygon","coordinates":[[[11.261032,51.310507],[11.258417,51.312533],[11.258417,51.312533],[11.260478,51.313574],[11.260478,51.313574],[11.263114,51.311533],[11.261032,51.310507]]]},"properties":{"nutzung":"Wiese","flaeche_m2":53615,"fill":"#bef264","fill-opacity":0.45,"stroke":"#bef264","stroke-width":0.8},"links":[{"href":"http://localhost:8080/collections/flaechen/items/flaechen-545","rel":"self","type":"application/geo+json"}]},{"type":"Feature","id":"flaechen-546","geometry":{"type":"Polygon","coordinates":[[[11.26543,51.315107],[11.264172,51.31443],[11.264256,51.314368],[11.265514,51.315045],[11.266496,51.314323],[11.266546,51.314284],[11.266224,51.314117],[11.26622,51.314114],[11.266215,51.314111],[11.266211,51.314108],[11.266208,51.314104],[11.266205,51.3141],[11.266203,51.314096],[11.266202,51.314092],[11.266201,51.314088],[11.266201,51.314084],[11.266202,51.31408],[11.266203,51.314076],[11.266205,51.314072],[11.266207,51.314069],[11.26621,51.314065],[11.266214,51.314061],[11.266968,51.313433],[11.263102,51.311528],[11.260594,51.31347],[11.26478,51.315584],[11.26543,51.315107]]]},"properties":{"nutzung":"Wiese","flaeche_m2":101489,"fill":"#bef264","fill-opacity":0.45,"stroke":"#bef264","stroke-width":0.8},"links":[{"href":"http://localhost:8080/collections/flaechen/items/flaechen-546","rel":"self","type":"application/geo+json"}]},{"type":"Feature","id":"flaechen-547","geometry":{"type":"Polygon","coordinates":[[[11.263813,51.316295],[11.263814,51.316294],[11.263842,51.316273],[11.262248,51.31545],[11.26233,51.315387],[11.263926,51.316211],[11.264789,51.315577],[11.262451,51.314397],[11.262451,51.314397],[11.260643,51.315797],[11.262495,51.31674],[11.262948,51.316966],[11.263813,51.316295]]]},"properties":{"nutzung":"Feld","flaeche_m2":40258,"fill":"#fde68a","fill-opacity":0.5,"stroke":"#fde68a","stroke-width":0.8,"frucht":"Weizen"},"links":[{"href":"http://localhost:8080/collections/flaechen/items/flaechen-547","rel":"self","type":"application/geo+json"}]},{"type":"Feature","id":"flaechen-548","geometry":{"type":"Polygon","coordinates":[[[11.260603,51.313463],[11.258801,51.314859],[11.260654,51.315803],[11.262463,51.314402],[11.260603,51.313463]]]},"properties":{"nutzung":"Feld","flaeche_m2":33254,"fill":"#fde68a","fill-opacity":0.5,"stroke":"#fde68a","stroke-width":0.8,"frucht":"Weizen"},"links":[{"href":"http://localhost:8080/collections/flaechen/items/flaechen-548","rel":"self","type":"application/geo+json"}]},{"type":"Feature","id":"flaechen-549","geometry":{"type":"Polygon","coordinates":[[[11.254163,51.312081],[11.254161,51.312083],[11.253806,51.312372],[11.255296,51.31311],[11.25431,51.311954],[11.254163,51.312081]]]},"properties":{"nutzung":"Feld","flaeche_m2":3834,"fill":"#fde68a","fill-opacity":0.5,"stroke":"#fde68a","stroke-width":0.8,"frucht":"Kartoffeln"},"links":[{"href":"http://localhost:8080/collections/flaechen/items/flaechen-549","rel":"self","type":"application/geo+json"}]},{"type":"Feature","id":"flaechen-550","geometry":{"type":"Polygon","coordinates":[[[11.255586,51.329386],[11.25559,51.329389],[11.256877,51.330422],[11.26051,51.32858],[11.258242,51.326908],[11.254739,51.328765],[11.255586,51.329386]]]},"properties":{"nutzung":"Feld","flaeche_m2":77235,"fill":"#fde68a","fill-opacity":0.5,"stroke":"#fde68a","stroke-width":0.8,"frucht":"Raps"},"links":[{"href":"http://localhost:8080/collections/flaechen/items/flaechen-550","rel":"self","type":"application/geo+json"}]},{"type":"Feature","id":"flaechen-551","geometry":{"type":"Polygon","coordinates":[[[11.255162,51.32596],[11.253709,51.326881],[11.253706,51.326883],[11.2528,51.327416],[11.252842,51.327444],[11.252844,51.327444],[11.25424,51.3284],[11.254243,51.328402],[11.254749,51.328772],[11.258252,51.326914],[11.256086,51.325317],[11.255167,51.325957],[11.255162,51.32596]]]},"properties":{"nutzung":"Wiese","flaeche_m2":69267,"fill":"#bef264","fill-opacity":0.45,"stroke":"#bef264","stroke-width":0.8},"links":[{"href":"http://localhost:8080/collections/flaechen/items/flaechen-551","rel":"self","type":"application/geo+json"}]},{"type":"Feature","id":"flaechen-552","geometry":{"type":"Polygon","coordinates":[[[11.260715,51.325644],[11.257843,51.324044],[11.256245,51.325207],[11.256243,51.325208],[11.256077,51.325324],[11.258397,51.327035],[11.260673,51.325828],[11.260715,51.325644]]]},"properties":{"nutzung":"Wiese","flaeche_m2":54413,"fill":"#bef264","fill-opacity":0.45,"stroke":"#bef264","stroke-width":0.8},"links":[{"href":"http://localhost:8080/collections/flaechen/items/flaechen-552","rel":"self","type":"application/geo+json"}]},{"type":"Feature","id":"flaechen-553","geometry":{"type":"Polygon","coordinates":[[[11.260704,51.327035],[11.261055,51.326805],[11.260547,51.326492],[11.260543,51.326489],[11.26054,51.326486],[11.260536,51.326483],[11.260534,51.32648],[11.260531,51.326476],[11.26053,51.326473],[11.260529,51.326469],[11.260528,51.326465],[11.260528,51.326461],[11.260529,51.326458],[11.260676,51.325815],[11.258387,51.327028],[11.260499,51.328585],[11.262389,51.327626],[11.261147,51.326862],[11.260797,51.327091],[11.260704,51.327035]]]},"properties":{"nutzung":"Wald","flaeche_m2":37549,"fill":"#4d7c0f","fill-opacity":0.5,"stroke":"#4d7c0f","stroke-width":0.8,"baumart":"Buche"},"links":[{"href":"http://localhost:8080/collections/flaechen/items/flaechen-553","rel":"self","type":"application/geo+json"}]},{"type":"Feature","id":"flaechen-554","geometry":{"type":"Polygon","coordinates":[[[11.262583,51.328644],[11.262576,51.328637],[11.26257,51.328629],[11.262566,51.328621],[11.262563,51.328613],[11.262561,51.328604],[11.262561,51.328596],[11.262562,51.328587],[11.262564,51.328579],[11.262567,51.328571],[11.262572,51.328563],[11.262578,51.328555],[11.262585,51.328548],[11.262594,51.328541],[11.262603,51.328535],[11.262656,51.328504],[11.262817,51.32789],[11.262379,51.32762],[11.258935,51.329367],[11.258935,51.329367],[11.260523,51.330592],[11.263288,51.32919],[11.262591,51.328651],[11.262583,51.328644]]]},"properties":{"nutzung":"Wald","flaeche_m2":48013,"fill":"#4d7c0f","fill-opacity":0.5,"stroke":"#4d7c0f","stroke-width":0.8,"baumart":"Buche"},"links":[{"href":"http://localhost:8080/collections/flaechen/items/flaechen-554","rel":"self","type":"application/geo+json"}]},{"type":"Feature","id":"flaechen-555","geometry":{"type":"Polygon","coordinates":[[[11.261772,51.331555],[11.263248,51.331866],[11.263193,51.331788],[11.265752,51.331097],[11.263278,51.329183],[11.260514,51.330585],[11.261772,51.331555]]]},"properties":{"nutzung":"Wald","flaeche_m2":57560,"fill":"#4d7c0f","fill-opacity":0.5,"stroke":"#4d7c0f","stroke-width":0.8,"baumart":"Buche"},"links":[{"href":"http://localhost:8080/collections/flaechen/items/flaechen-555","rel":"self","type":"application/geo+json"}]},{"type":"Feature","id":"flaechen-556","geometry":{"type":"Polygon","coordinates":[[[11.256868,51.330415],[11.256917,51.330454],[11.256809,51.330507],[11.261797,51.33156],[11.258946,51.329361],[11.258946,51.329361],[11.256868,51.330415]]]},"properties":{"nutzung":"Wald","flaeche_m2":31292,"fill":"#4d7c0f","fill-opacity":0.5,"stroke":"#4d7c0f","stroke-width":0.8,"baumart":"Buche"},"links":[{"href":"http://localhost:8080/collections/flaechen/items/flaechen-556","rel":"self","type":"application/geo+json"}]},{"type":"Feature","id":"flaechen-557","geometry":{"type":"Polygon","coordinates":[[[11.311973,51.31739],[11.313681,51.315496],[11.313681,51.315496],[11.310991,51.314548],[11.310991,51.314548],[11.309284,51.316442],[11.311973,51.31739]]]},"properties":{"nutzung":"Feld","flaeche_m2":51975,"fill":"#fde68a","fill-opacity":0.5,"stroke":"#fde68a","stroke-width":0.8,"frucht":"Luzerne"},"links":[{"href":"http://localhost:8080/collections/flaechen/items/flaechen-557","rel":"self","type":"application/geo+json"}]},{"type":"Feature","id":"flaechen-558","geometry":{"type":"Polygon","coordinates":[[[11.30711,51.315676],[11.309296,51.316447],[11.311004,51.314552],[11.311004,51.314552],[11.308817,51.313781],[11.308817,51.313781],[11.30711,51.315676],[11.30711,51.315676]]]},"properties":{"nutzung":"Feld","flaeche_m2":42263,"fill":"#fde68a","fill-opacity":0.5,"stroke":"#fde68a","stroke-width":0.8,"frucht":"Mais"},"links":[{"href":"http://localhost:8080/collections/flaechen/items/flaechen-558","rel":"self","type":"application/geo+json"}]},{"type":"Feature","id":"flaechen-559","geometry":{"type":"Polygon","coordinates":[[[11.30881,51.313789],[11.30881,51.313789],[11.313674,51.315504],[11.313674,51.315504],[11.314968,51.314068],[11.314968,51.314068],[11.310121,51.312359],[11.309231,51.313322],[11.30881,51.313789]]]},"properties":{"nutzung":"Wiese","flaeche_m2":71160,"fill":"#bef264","fill-opacity":0.45,"stroke":"#bef264","stroke-width":0.8},"links":[{"href":"http://localhost:8080/collections/flaechen/items/flaechen-559","rel":"self","type":"application/geo+json"}]},{"type":"Feature","id":"flaechen-560","geometry":{"type":"Polygon","coordinates":[[[11.310113,51.312367],[11.314961,51.314076],[11.314961,51.314076],[11.316578,51.312281],[11.316578,51.312281],[11.311762,51.310583],[11.310113,51.312367]]]},"properties":{"nutzung":"Wiese","flaeche_m2":88473,"fill":"#bef264","fill-opacity":0.45,"stroke":"#bef264","stroke-width":0.8},"links":[{"href":"http://localhost:8080/collections/flaechen/items/flaechen-560","rel":"self","type":"application/geo+json"}]},{"type":"Feature","id":"flaechen-561","geometry":{"type":"Polygon","coordinates":[[[11.313029,51.309212],[11.313028,51.309213],[11.311755,51.310591],[11.316571,51.312289],[11.316571,51.312289],[11.318231,51.310448],[11.316725,51.309873],[11.313465,51.308719],[11.313029,51.309212]]]},"properties":{"nutzung":"Feld","flaeche_m2":91626,"fill":"#fde68a","fill-opacity":0.5,"stroke":"#fde68a","stroke-width":0.8,"frucht":"Luzerne"},"links":[{"href":"http://localhost:8080/collections/flaechen/items/flaechen-561","rel":"self","type":"application/geo+json"}]},{"type":"Feature","id":"flaechen-562","geometry":{"type":"Polygon","coordinates":[[[11.31662,51.312218],[11.3204,51.313551],[11.3204,51.313551],[11.321925,51.311859],[11.318218,51.310444],[11.31662,51.312218]]]},"properties":{"nutzung":"Wald","flaeche_m2":66834,"fill":"#4d7c0f","fill-opacity":0.5,"stroke":"#4d7c0f","stroke-width":0.8,"baumart":"Eiche"},"links":[{"href":"http://localhost:8080/collections/flaechen/items/flaechen-562","rel":"self","type":"application/geo+json"}]},{"type":"Feature","id":"flaechen-563","geometry":{"type":"Polygon","coordinates":[[[11.31509,51.313914],[11.31509,51.313914],[11.318871,51.315248],[11.320407,51.313543],[11.320407,51.313543],[11.316627,51.31221],[11.31509,51.313914]]]},"properties":{"nutzung":"Wald","flaeche_m2":65759,"fill":"#4d7c0f","fill-opacity":0.5,"stroke":"#4d7c0f","stroke-width":0.8,"baumart":"Buche"},"links":[{"href":"http://localhost:8080/collections/flaechen/items/flaechen-563","rel":"self","type":"application/geo+json"}]},{"type":"Feature","id":"flaechen-564","geometry":{"type":"Polygon","coordinates":[[[11.325029,51.313685],[11.325031,51.313682],[11.325458,51.313251],[11.325419,51.313193],[11.321913,51.311854],[11.32047,51.313456],[11.32409,51.314732],[11.324232,51.314563],[11.324234,51.314561],[11.325029,51.313685]]]},"properties":{"nutzung":"Wald","flaeche_m2":57671,"fill":"#4d7c0f","fill-opacity":0.5,"stroke":"#4d7c0f","stroke-width":0.8,"baumart":"Eiche"},"links":[{"href":"http://localhost:8080/collections/flaechen/items/flaechen-564","rel":"self","type":"application/geo+json"}]},{"type":"Feature","id":"flaechen-565","geometry":{"type":"Polygon","coordinates":[[[11.318858,51.315243],[11.322558,51.316547],[11.324097,51.314724],[11.320477,51.313448],[11.320477,51.313448],[11.318858,51.315243]]]},"properties":{"nutzung":"Wald","flaeche_m2":67036,"fill":"#4d7c0f","fill-opacity":0.5,"stroke":"#4d7c0f","stroke-width":0.8,"baumart":"Buche"},"links":[{"href":"http://localhost:8080/collections/flaechen/items/flaechen-565","rel":"self","type":"application/geo+json"}]},{"type":"Feature","id":"flaechen-566","geometry":{"type":"Polygon","coordinates":[[[11.313287,51.315914],[11.316593,51.31708],[11.316593,51.31708],[11.318403,51.315072],[11.318403,51.315072],[11.315097,51.313907],[11.313287,51.315914]]]},"properties":{"nutzung":"Feld","flaeche_m2":67706,"fill":"#fde68a","fill-opacity":0.5,"stroke":"#fde68a","stroke-width":0.8,"frucht":"Kartoffeln"},"links":[{"href":"http://localhost:8080/collections/flaechen/items/flaechen-566","rel":"self","type":"application/geo+json"}]},{"type":"Feature","id":"flaechen-567","geometry":{"type":"Polygon","coordinates":[[[11.311961,51.317386],[11.315267,51.318551],[11.315267,51.318551],[11.3166,51.317072],[11.3166,51.317072],[11.313295,51.315906],[11.311961,51.317386]]]},"properties":{"nutzung":"Feld","flaeche_m2":49898,"fill":"#fde68a","fill-opacity":0.5,"stroke":"#fde68a","stroke-width":0.8,"frucht":"Luzerne"},"links":[{"href":"http://localhost:8080/collections/flaechen/items/flaechen-567","rel":"self","type":"application/geo+json"}]},{"type":"Feature","id":"flaechen-568","geometry":{"type":"Polygon","coordinates":[[[11.319234,51.318543],[11.319251,51.318537],[11.319664,51.318414],[11.319675,51.318411],[11.319685,51.318409],[11.319697,51.318407],[11.319911,51.318381],[11.320085,51.318341],[11.31656,51.317098],[11.315254,51.318547],[11.315254,51.318547],[11.317363,51.319291],[11.318154,51.318952],[11.318164,51.318948],[11.318175,51.318944],[11.318477,51.318858],[11.319234,51.318543]]]},"properties":{"nutzung":"Feld","flaeche_m2":40524,"fill":"#fde68a","fill-opacity":0.5,"stroke":"#fde68a","stroke-width":0.8,"frucht":"Raps"},"links":[{"href":"http://localhost:8080/collections/flaechen/items/flaechen-568","rel":"self","type":"application/geo+json"}]},{"type":"Feature","id":"flaechen-569","geometry":{"type":"Polygon","coordinates":[[[11.320348,51.318281],[11.320905,51.318203],[11.320912,51.318202],[11.321139,51.318177],[11.322247,51.316915],[11.322565,51.316539],[11.320193,51.315703],[11.318355,51.317741],[11.318355,51.317741],[11.320067,51.318345],[11.32033,51.318284],[11.320348,51.318281]]]},"properties":{"nutzung":"Wald","flaeche_m2":48287,"fill":"#4d7c0f","fill-opacity":0.5,"stroke":"#4d7c0f","stroke-width":0.8,"baumart":"Mischwald"},"links":[{"href":"http://localhost:8080/collections/flaechen/items/flaechen-569","rel":"self","type":"application/geo+json"}]},{"type":"Feature","id":"flaechen-570","geometry":{"type":"Polygon","coordinates":[[[11.31839,51.315068],[11.31839,51.315068],[11.316553,51.317106],[11.318368,51.317746],[11.318368,51.317746],[11.320205,51.315708],[11.31839,51.315068]]]},"properties":{"nutzung":"Wald","flaeche_m2":37737,"fill":"#4d7c0f","fill-opacity":0.5,"stroke":"#4d7c0f","stroke-width":0.8,"baumart":"Eiche"},"links":[{"href":"http://localhost:8080/collections/flaechen/items/flaechen-570","rel":"self","type":"application/geo+json"}]},{"type":"Feature","id":"flaechen-571","geometry":{"type":"Polygon","coordinates":[[[11.309198,51.319999],[11.309216,51.319997],[11.310123,51.319918],[11.310134,51.319917],[11.310146,51.319917],[11.312557,51.31996],[11.314609,51.319968],[11.315478,51.319843],[11.316215,51.319679],[11.317119,51.319395],[11.317376,51.319285],[11.311657,51.317268],[11.309195,51.32],[11.309198,51.319999]]]},"properties":{"nutzung":"Feld","flaeche_m2":93761,"fill":"#fde68a","fill-opacity":0.5,"stroke":"#fde68a","stroke-width":0.8,"frucht":"Raps"},"links":[{"href":"http://localhost:8080/collections/flaechen/items/flaechen-571","rel":"self","type":"application/geo+json"}]},{"type":"Feature","id":"flaechen-572","geometry":{"type":"Polygon","coordinates":[[[11.311669,51.317273],[11.307117,51.315668],[11.307117,51.315668],[11.306748,51.316076],[11.305136,51.31798],[11.305049,51.318091],[11.309513,51.319665],[11.309513,51.319665],[11.311669,51.317273]]]},"properties":{"nutzung":"Feld","flaeche_m2":110253,"fill":"#fde68a","fill-opacity":0.5,"stroke":"#fde68a","stroke-width":0.8,"frucht":"Raps"},"links":[{"href":"http://localhost:8080/collections/flaechen/items/flaechen-572","rel":"self","type":"application/geo+json"}]},{"type":"Feature","id":"flaechen-573","geometry":{"type":"Polygon","coordinates":[[[11.308471,51.320264],[11.30905,51.320029],[11.309062,51.320025],[11.309075,51.320021],[11.309088,51.320018],[11.309198,51.319999],[11.309214,51.319997],[11.30952,51.319657],[11.30952,51.319657],[11.305056,51.318083],[11.303769,51.31972],[11.30438,51.31992],[11.304385,51.319922],[11.30439,51.319924],[11.304395,51.319927],[11.304399,51.31993],[11.304403,51.319933],[11.304406,51.319936],[11.304409,51.31994],[11.304411,51.319944],[11.304413,51.319947],[11.304414,51.319951],[11.304414,51.319955],[11.304414,51.319959],[11.304413,51.319963],[11.304412,51.319967],[11.30441,51.319971],[11.304407,51.319974],[11.304155,51.320285],[11.304917,51.320519],[11.305917,51.319311],[11.306032,51.319348],[11.305033,51.320556],[11.306502,51.321037],[11.306504,51.321037],[11.306571,51.32106],[11.30847,51.320264],[11.308471,51.320264]]]},"properties":{"nutzung":"Wald","flaeche_m2":69988,"fill":"#4d7c0f","fill-opacity":0.5,"stroke":"#4d7c0f","stroke-width":0.8,"baumart":"Mischwald"},"links":[{"href":"http://localhost:8080/collections/flaechen/items/flaechen-573","rel":"self","type":"application/geo+json"}]},{"type":"Feature","id":"flaechen-574","geometry":{"type":"Polygon","coordinates":[[[11.322487,51.316997],[11.321483,51.31814],[11.322813,51.317996],[11.323012,51.317945],[11.323023,51.317942],[11.323034,51.317941],[11.323046,51.317939],[11.32337,51.317914],[11.323567,51.317864],[11.323581,51.317861],[11.323595,51.317859],[11.323811,51.317837],[11.325311,51.31752],[11.326257,51.317283],[11.326556,51.317185],[11.326571,51.317181],[11.326587,51.317178],[11.326903,51.31713],[11.327188,51.317031],[11.327199,51.317028],[11.327211,51.317025],[11.327222,51.317023],[11.327544,51.316974],[11.327933,51.316866],[11.32559,51.313443],[11.325265,51.313771],[11.324473,51.314644],[11.322488,51.316996],[11.322487,51.316997]]]},"properties":{"nutzung":"Feld","flaeche_m2":102589,"fill":"#fde68a","fill-opacity":0.5,"stroke":"#fde68a","stroke-width":0.8,"frucht":"Luzerne"},"links":[{"href":"http://localhost:8080/collections/flaechen/items/flaechen-574","rel":"self","type":"application/geo+json"}]},{"type":"Feature","id":"flaechen-575","geometry":{"type":"Polygon","coordinates":[[[11.33034,51.316624],[11.3298,51.316718],[11.329788,51.31672],[11.329352,51.31677],[11.329154,51.316822],[11.329141,51.316825],[11.329128,51.316827],[11.328694,51.316882],[11.328394,51.316966],[11.328383,51.316968],[11.328371,51.31697],[11.32836,51.316972],[11.328151,51.316993],[11.327644,51.317133],[11.327632,51.317136],[11.32762,51.317138],[11.327305,51.317186],[11.327019,51.317285],[11.327008,51.317288],[11.326997,51.317291],[11.326985,51.317293],[11.326668,51.317342],[11.326377,51.317436],[11.326365,51.31744],[11.325409,51.317679],[11.325402,51.317681],[11.323888,51.318001],[11.323877,51.318003],[11.323866,51.318004],[11.323655,51.318026],[11.323455,51.318076],[11.323444,51.318079],[11.323433,51.318081],[11.323422,51.318082],[11.323098,51.318107],[11.322903,51.318157],[11.322889,51.31816],[11.322874,51.318163],[11.321315,51.318331],[11.320218,51.31958],[11.318406,51.321758],[11.330504,51.316613],[11.33034,51.316624]]]},"properties":{"nutzung":"Feld","flaeche_m2":99925,"fill":"#fde68a","fill-opacity":0.5,"stroke":"#fde68a","stroke-width":0.8,"frucht":"Mais"},"links":[{"href":"http://localhost:8080/collections/flaechen/items/flaechen-575","rel":"self","type":"application/geo+json"}]},{"type":"Feature","id":"flaechen-576","geometry":{"type":"Polygon","coordinates":[[[11.336701,51.313978],[11.333606,51.311421],[11.330591,51.312848],[11.33357,51.315309],[11.336701,51.313978]]]},"properties":{"nutzung":"Feld","flaeche_m2":92121,"fill":"#fde68a","fill-opacity":0.5,"stroke":"#fde68a","stroke-width":0.8,"frucht":"Weizen"},"links":[{"href":"http://localhost:8080/collections/flaechen/items/flaechen-576","rel":"self","type":"application/geo+json"}]},{"type":"Feature","id":"flaechen-577","geometry":{"type":"Polygon","coordinates":[[[11.333582,51.315304],[11.330603,51.312843],[11.328403,51.313884],[11.331297,51.316276],[11.333582,51.315304]]]},"properties":{"nutzung":"Wiese","flaeche_m2":65012,"fill":"#bef264","fill-opacity":0.45,"stroke":"#bef264","stroke-width":0.8},"links":[{"href":"http://localhost:8080/collections/flaechen/items/flaechen-577","rel":"self","type":"application/geo+json"}]},{"type":"Feature","id":"flaechen-578","geometry":{"type":"Polygon","coordinates":[[[11.328596,51.316722],[11.328611,51.316718],[11.328625,51.316716],[11.329061,51.316662],[11.32926,51.316609],[11.329274,51.316606],[11.329288,51.316604],[11.329733,51.316552],[11.330278,51.316458],[11.330289,51.316456],[11.3303,51.316455],[11.330515,51.316441],[11.330824,51.316378],[11.330865,51.31646],[11.331309,51.316271],[11.328414,51.313879],[11.326731,51.314676],[11.328195,51.316815],[11.328299,51.316805],[11.328596,51.316722]]]},"properties":{"nutzung":"Wiese","flaeche_m2":53622,"fill":"#bef264","fill-opacity":0.45,"stroke":"#bef264","stroke-width":0.8},"links":[{"href":"http://localhost:8080/collections/flaechen/items/flaechen-578","rel":"self","type":"application/geo+json"}]},{"type":"Feature","id":"flaechen-579","geometry":{"type":"Polygon","coordinates":[[[11.333615,51.311428],[11.330598,51.308935],[11.329107,51.310307],[11.331611,51.312377],[11.331611,51.312377],[11.333615,51.311428]]]},"properties":{"nutzung":"Feld","flaeche_m2":55675,"fill":"#fde68a","fill-opacity":0.5,"stroke":"#fde68a","stroke-width":0.8,"frucht":"Zuckerrüben"},"links":[{"href":"http://localhost:8080/collections/flaechen/items/flaechen-579","rel":"self","type":"application/geo+json"}]},{"type":"Feature","id":"flaechen-580","geometry":{"type":"Polygon","coordinates":[[[11.327413,51.311779],[11.329402,51.313423],[11.329402,51.313423],[11.331623,51.312371],[11.331623,51.312371],[11.329115,51.3103],[11.32906,51.31035],[11.329058,51.310352],[11.327413,51.311779]]]},"properties":{"nutzung":"Wiese","flaeche_m2":50213,"fill":"#bef264","fill-opacity":0.45,"stroke":"#bef264","stroke-width":0.8},"links":[{"href":"http://localhost:8080/collections/flaechen/items/flaechen-580","rel":"self","type":"application/geo+json"}]},{"type":"Feature","id":"flaechen-581","geometry":{"type":"Polygon","coordinates":[[[11.326504,51.312567],[11.325868,51.313162],[11.325765,51.313266],[11.326736,51.314684],[11.329413,51.313417],[11.329413,51.313417],[11.327422,51.311772],[11.326504,51.312567]]]},"properties":{"nutzung":"Wiese","flaeche_m2":41756,"fill":"#bef264","fill-opacity":0.45,"stroke":"#bef264","stroke-width":0.8},"links":[{"href":"http://localhost:8080/collections/flaechen/items/flaechen-581","rel":"self","type":"application/geo+json"}]},{"type":"Feature","id":"flaechen-582","geometry":{"type":"Polygon","coordinates":[[[11.262709,51.310181],[11.260425,51.309991],[11.267558,51.313506],[11.267583,51.313487],[11.267684,51.313538],[11.26766,51.313556],[11.269845,51.314633],[11.270562,51.314057],[11.272275,51.312617],[11.264953,51.311502],[11.262709,51.310181]]]},"properties":{"nutzung":"Wiese","flaeche_m2":104069,"fill":"#bef264","fill-opacity":0.45,"stroke":"#bef264","stroke-width":0.8},"links":[{"href":"http://localhost:8080/collections/flaechen/items/flaechen-582","rel":"self","type":"application/geo+json"}]},{"type":"Feature","id":"flaechen-583","geometry":{"type":"Polygon","coordinates":[[[11.256881,51.309736],[11.254488,51.311801],[11.254579,51.311907],[11.260262,51.309977],[11.25677,51.309686],[11.256881,51.309736]]]},"properties":{"nutzung":"Feld","flaeche_m2":32819,"fill":"#fde68a","fill-opacity":0.5,"stroke":"#fde68a","stroke-width":0.8,"frucht":"Luzerne"},"links":[{"href":"http://localhost:8080/collections/flaechen/items/flaechen-583","rel":"self","type":"application/geo+json"}]},{"type":"Feature","id":"flaechen-584","geometry":{"type":"Polygon","coordinates":[[[11.253843,51.311045],[11.254345,51.311633],[11.256619,51.309671],[11.252416,51.309262],[11.253843,51.311045]]]},"properties":{"nutzung":"Wald","flaeche_m2":35739,"fill":"#4d7c0f","fill-opacity":0.5,"stroke":"#4d7c0f","stroke-width":0.8,"baumart":"Buche"},"links":[{"href":"http://localhost:8080/collections/flaechen/items/flaechen-584","rel":"self","type":"application/geo+json"}]},{"type":"Feature","id":"flaechen-585","geometry":{"type":"Polygon","coordinates":[[[11.292559,51.315602],[11.292787,51.315674],[11.293257,51.315114],[11.293257,51.315113],[11.293977,51.314294],[11.29409,51.314333],[11.293371,51.315152],[11.292902,51.31571],[11.295307,51.316471],[11.295514,51.316212],[11.295516,51.31621],[11.296119,51.315514],[11.296121,51.315512],[11.29688,51.314706],[11.296881,51.314705],[11.298286,51.313283],[11.295663,51.312312],[11.295663,51.312312],[11.292551,51.315598],[11.292559,51.315602]]]},"properties":{"nutzung":"Wald","flaeche_m2":86293,"fill":"#4d7c0f","fill-opacity":0.5,"stroke":"#4d7c0f","stroke-width":0.8,"baumart":"Eiche"},"links":[{"href":"http://localhost:8080/collections/flaechen/items/flaechen-585","rel":"self","type":"application/geo+json"}]},{"type":"Feature","id":"flaechen-586","geometry":{"type":"Polygon","coordinates":[[[11.291197,51.315019],[11.292473,51.313617],[11.291185,51.313146],[11.29125,51.313076],[11.293434,51.313874],[11.293368,51.313944],[11.292584,51.313658],[11.291309,51.315061],[11.291922,51.315288],[11.29193,51.315291],[11.291937,51.315295],[11.291943,51.315299],[11.291949,51.315303],[11.291954,51.315308],[11.291958,51.315313],[11.291962,51.315318],[11.291965,51.315323],[11.291967,51.315329],[11.291968,51.315334],[11.291968,51.31534],[11.291967,51.315344],[11.292559,51.315602],[11.292564,51.315603],[11.295676,51.312317],[11.295676,51.312317],[11.292435,51.311116],[11.289314,51.31432],[11.291197,51.315019]]]},"properties":{"nutzung":"Wald","flaeche_m2":107603,"fill":"#4d7c0f","fill-opacity":0.5,"stroke":"#4d7c0f","stroke-width":0.8,"baumart":"Buche"},"links":[{"href":"http://localhost:8080/collections/flaechen/items/flaechen-586","rel":"self","type":"application/geo+json"}]},{"type":"Feature","id":"flaechen-587","geometry":{"type":"Polygon","coordinates":[[[11.300933,51.310478],[11.297442,51.309187],[11.297442,51.309187],[11.296219,51.310481],[11.296219,51.310481],[11.299734,51.311781],[11.300933,51.310478]]]},"properties":{"nutzung":"Wald","flaeche_m2":47363,"fill":"#4d7c0f","fill-opacity":0.5,"stroke":"#4d7c0f","stroke-width":0.8,"baumart":"Mischwald"},"links":[{"href":"http://localhost:8080/collections/flaechen/items/flaechen-587","rel":"self","type":"application/geo+json"}]},{"type":"Feature","id":"flaechen-588","geometry":{"type":"Polygon","coordinates":[[[11.299237,51.31232],[11.299741,51.311773],[11.296226,51.310473],[11.296226,51.310473],[11.294785,51.311997],[11.298278,51.313291],[11.299237,51.31232]]]},"properties":{"nutzung":"Wald","flaeche_m2":55981,"fill":"#4d7c0f","fill-opacity":0.5,"stroke":"#4d7c0f","stroke-width":0.8,"baumart":"Eiche"},"links":[{"href":"http://localhost:8080/collections/flaechen/items/flaechen-588","rel":"self","type":"application/geo+json"}]},{"type":"Feature","id":"flaechen-589","geometry":{"type":"Polygon","coordinates":[[[11.294052,51.309456],[11.294049,51.309459],[11.292427,51.311124],[11.294797,51.312002],[11.297454,51.309192],[11.297454,51.309192],[11.295059,51.308306],[11.294997,51.308383],[11.294995,51.308385],[11.294052,51.309456]]]},"properties":{"nutzung":"Wald","flaeche_m2":69206,"fill":"#4d7c0f","fill-opacity":0.5,"stroke":"#4d7c0f","stroke-width":0.8,"baumart":"Mischwald"},"links":[{"href":"http://localhost:8080/collections/flaechen/items/flaechen-589","rel":"self","type":"application/geo+json"}]},{"type":"Feature","id":"flaechen-590","geometry":{"type":"Polygon","coordinates":[[[11.300926,51.310486],[11.30176,51.30958],[11.301762,51.309578],[11.303459,51.307827],[11.301073,51.306933],[11.298532,51.309601],[11.300926,51.310486]]]},"properties":{"nutzung":"Feld","flaeche_m2":66465,"fill":"#fde68a","fill-opacity":0.5,"stroke":"#fde68a","stroke-width":0.8,"frucht":"Zuckerrüben"},"links":[{"href":"http://localhost:8080/collections/flaechen/items/flaechen-590","rel":"self","type":"application/geo+json"}]},{"type":"Feature","id":"flaechen-591","geometry":{"type":"Polygon","coordinates":[[[11.299559,51.30854],[11.299559,51.30854],[11.295959,51.307198],[11.295053,51.308314],[11.298544,51.309605],[11.299559,51.30854]]]},"properties":{"nutzung":"Feld","flaeche_m2":39727,"fill":"#fde68a","fill-opacity":0.5,"stroke":"#fde68a","stroke-width":0.8,"frucht":"Zuckerrüben"},"links":[{"href":"http://localhost:8080/collections/flaechen/items/flaechen-591","rel":"self","type":"application/geo+json"}]},{"type":"Feature","id":"flaechen-592","geometry":{"type":"Polygon","coordinates":[[[11.301085,51.306938],[11.298637,51.306021],[11.296155,51.306769],[11.296277,51.306807],[11.295952,51.307206],[11.299552,51.308547],[11.299552,51.308547],[11.301085,51.306938]]]},"properties":{"nutzung":"Wiese","flaeche_m2":54536,"fill":"#bef264","fill-opacity":0.45,"stroke":"#bef264","stroke-width":0.8},"links":[{"href":"http://localhost:8080/collections/flaechen/items/flaechen-592","rel":"self","type":"application/geo+json"}]},{"type":"Feature","id":"flaechen-593","geometry":{"type":"Polygon","coordinates":[[[11.305373,51.305796],[11.303962,51.305294],[11.30396,51.305293],[11.303389,51.30508],[11.301447,51.307084],[11.303452,51.307834],[11.304562,51.306689],[11.305373,51.305796]]]},"properties":{"nutzung":"Wiese","flaeche_m2":42360,"fill":"#bef264","fill-opacity":0.45,"stroke":"#bef264","stroke-width":0.8},"links":[{"href":"http://localhost:8080/collections/flaechen/items/flaechen-593","rel":"self","type":"application/geo+json"}]},{"type":"Feature","id":"flaechen-594","geometry":{"type":"Polygon","coordinates":[[[11.302579,51.304776],[11.302575,51.304775],[11.301242,51.304245],[11.301315,51.304173],[11.299078,51.305888],[11.298622,51.306025],[11.301459,51.307088],[11.303401,51.305084],[11.302579,51.304776]]]},"properties":{"nutzung":"Wiese","flaeche_m2":51680,"fill":"#bef264","fill-opacity":0.45,"stroke":"#bef264","stroke-width":0.8},"links":[{"href":"http://localhost:8080/collections/flaechen/items/flaechen-594","rel":"self","type":"application/geo+json"}]},{"type":"Feature","id":"flaechen-595","geometry":{"type":"Polygon","coordinates":[[[11.286652,51.314216],[11.287174,51.313724],[11.288201,51.312684],[11.288311,51.312727],[11.287283,51.313767],[11.287282,51.313768],[11.28676,51.31426],[11.28836,51.314918],[11.289032,51.314281],[11.291306,51.311947],[11.290035,51.311425],[11.290035,51.312121],[11.284137,51.313182],[11.286652,51.314216]]]},"properties":{"nutzung":"Feld","flaeche_m2":71695,"fill":"#fde68a","fill-opacity":0.5,"stroke":"#fde68a","stroke-width":0.8,"frucht":"Raps"},"links":[{"href":"http://localhost:8080/collections/flaechen/items/flaechen-595","rel":"self","type":"application/geo+json"}]},{"type":"Feature","id":"flaechen-596","geometry":{"type":"Polygon","coordinates":[[[11.293151,51.310053],[11.290035,51.308771],[11.290035,51.311436],[11.291298,51.311955],[11.293151,51.310053]]]},"properties":{"nutzung":"Feld","flaeche_m2":45167,"fill":"#fde68a","fill-opacity":0.5,"stroke":"#fde68a","stroke-width":0.8,"frucht":"Weizen"},"links":[{"href":"http://localhost:8080/collections/flaechen/items/flaechen-596","rel":"self","type":"application/geo+json"}]},{"type":"Feature","id":"flaechen-597","geometry":{"type":"Polygon","coordinates":[[[11.293814,51.309372],[11.294755,51.308304],[11.295952,51.30683],[11.290035,51.308612],[11.290035,51.308782],[11.293144,51.31006],[11.293814,51.309372]]]},"properties":{"nutzung":"Feld","flaeche_m2":57983,"fill":"#fde68a","fill-opacity":0.5,"stroke":"#fde68a","stroke-width":0.8,"frucht":"Gerste"},"links":[{"href":"http://localhost:8080/collections/flaechen/items/flaechen-597","rel":"self","type":"application/geo+json"}]},{"type":"Feature","id":"flaechen-598","geometry":{"type":"Polygon","coordinates":[[[11.306729,51.30465],[11.305745,51.305732],[11.307695,51.306425],[11.307697,51.306426],[11.309787,51.307194],[11.311347,51.305514],[11.307303,51.304044],[11.306729,51.30465]]]},"properties":{"nutzung":"Wiese","flaeche_m2":70301,"fill":"#bef264","fill-opacity":0.45,"stroke":"#bef264","stroke-width":0.8},"links":[{"href":"http://localhost:8080/collections/flaechen/items/flaechen-598","rel":"self","type":"application/geo+json"}]},{"type":"Feature","id":"flaechen-599","geometry":{"type":"Polygon","coordinates":[[[11.307431,51.30391],[11.307296,51.304052],[11.31134,51.305522],[11.313073,51.303658],[11.309233,51.302255],[11.308691,51.302714],[11.308046,51.303305],[11.307431,51.30391]]]},"properties":{"nutzung":"Wiese","flaeche_m2":76772,"fill":"#bef264","fill-opacity":0.45,"stroke":"#bef264","stroke-width":0.8},"links":[{"href":"http://localhost:8080/collections/flaechen/items/flaechen-599","rel":"self","type":"application/geo+json"}]},{"type":"Feature","id":"flaechen-600","geometry":{"type":"Polygon","coordinates":[[[11.315849,51.305668],[11.315851,51.305666],[11.316545,51.304927],[11.31306,51.303654],[11.311694,51.305124],[11.311694,51.305124],[11.315203,51.3064],[11.315849,51.305668]]]},"properties":{"nutzung":"Wiese","flaeche_m2":53090,"fill":"#bef264","fill-opacity":0.45,"stroke":"#bef264","stroke-width":0.8},"links":[{"href":"http://localhost:8080/collections/flaechen/items/flaechen-600","rel":"self","type":"application/geo+json"}]},{"type":"Feature","id":"flaechen-601","geometry":{"type":"Polygon","coordinates":[[[11.313359,51.308486],[11.31521,51.306392],[11.311701,51.305116],[11.311701,51.305116],[11.309774,51.307189],[11.31186,51.307955],[11.313359,51.308486]]]},"properties":{"nutzung":"Wiese","flaeche_m2":76173,"fill":"#bef264","fill-opacity":0.45,"stroke":"#bef264","stroke-width":0.8},"links":[{"href":"http://localhost:8080/collections/flaechen/items/flaechen-601","rel":"self","type":"application/geo+json"}]},{"type":"Feature","id":"flaechen-602","geometry":{"type":"Polygon","coordinates":[[[11.309224,51.302262],[11.312144,51.303329],[11.312144,51.303329],[11.314088,51.301247],[11.313284,51.300917],[11.313359,51.300846],[11.312675,51.301018],[11.310515,51.301028],[11.310624,51.301078],[11.309224,51.302262]]]},"properties":{"nutzung":"Wald","flaeche_m2":52154,"fill":"#4d7c0f","fill-opacity":0.5,"stroke":"#4d7c0f","stroke-width":0.8,"baumart":"Kiefer"},"links":[{"href":"http://localhost:8080/collections/flaechen/items/flaechen-602","rel":"self","type":"application/geo+json"}]},{"type":"Feature","id":"flaechen-603","geometry":{"type":"Polygon","coordinates":[[[11.314076,51.301242],[11.312131,51.303325],[11.312131,51.303325],[11.314782,51.304293],[11.316646,51.302298],[11.314076,51.301242]]]},"properties":{"nutzung":"Feld","flaeche_m2":56120,"fill":"#fde68a","fill-opacity":0.5,"stroke":"#fde68a","stroke-width":0.8,"frucht":"Luzerne"},"links":[{"href":"http://localhost:8080/collections/flaechen/items/flaechen-603","rel":"self","type":"application/geo+json"}]},{"type":"Feature","id":"flaechen-604","geometry":{"type":"Polygon","coordinates":[[[11.31684,51.304612],[11.316842,51.30461],[11.31788,51.303574],[11.317881,51.303572],[11.318448,51.303038],[11.316634,51.302293],[11.31477,51.304289],[11.316537,51.304935],[11.31684,51.304612]]]},"properties":{"nutzung":"Feld","flaeche_m2":36857,"fill":"#fde68a","fill-opacity":0.5,"stroke":"#fde68a","stroke-width":0.8,"frucht":"Zuckerrüben"},"links":[{"href":"http://localhost:8080/collections/flaechen/items/flaechen-604","rel":"self","type":"application/geo+json"}]},{"type":"Feature","id":"flaechen-605","geometry":{"type":"Polygon","coordinates":[[[11.30272,51.30463],[11.303866,51.305059],[11.305615,51.30323],[11.30317,51.302229],[11.30317,51.302752],[11.301402,51.304107],[11.30272,51.30463]]]},"properties":{"nutzung":"Feld","flaeche_m2":45077,"fill":"#fde68a","fill-opacity":0.5,"stroke":"#fde68a","stroke-width":0.8,"frucht":"Raps"},"links":[{"href":"http://localhost:8080/collections/flaechen/items/flaechen-605","rel":"self","type":"application/geo+json"}]},{"type":"Feature","id":"flaechen-606","geometry":{"type":"Polygon","coordinates":[[[11.304099,51.305146],[11.305508,51.305648],[11.306492,51.304565],[11.306493,51.304563],[11.307159,51.303862],[11.305603,51.303225],[11.303854,51.305054],[11.304099,51.305146]]]},"properties":{"nutzung":"Feld","flaeche_m2":30463,"fill":"#fde68a","fill-opacity":0.5,"stroke":"#fde68a","stroke-width":0.8,"frucht":"Raps"},"links":[{"href":"http://localhost:8080/collections/flaechen/items/flaechen-606","rel":"self","type":"application/geo+json"}]},{"type":"Feature","id":"flaechen-607","geometry":{"type":"Polygon","coordinates":[[[11.307817,51.303212],[11.307819,51.30321],[11.308467,51.302616],[11.30847,51.302613],[11.310344,51.301028],[11.307221,51.301042],[11.307221,51.301042],[11.307252,51.303767],[11.307817,51.303212]]]},"properties":{"nutzung":"Feld","flaeche_m2":31945,"fill":"#fde68a","fill-opacity":0.5,"stroke":"#fde68a","stroke-width":0.8,"frucht":"Roggen"},"links":[{"href":"http://localhost:8080/collections/flaechen/items/flaechen-607","rel":"self","type":"application/geo+json"}]},{"type":"Feature","id":"flaechen-608","geometry":{"type":"Polygon","coordinates":[[[11.3072,51.303819],[11.307266,51.303753],[11.307236,51.301042],[11.307236,51.301042],[11.30317,51.30106],[11.30317,51.302239],[11.307151,51.30387],[11.307197,51.303821],[11.3072,51.303819]]]},"properties":{"nutzung":"Feld","flaeche_m2":63894,"fill":"#fde68a","fill-opacity":0.5,"stroke":"#fde68a","stroke-width":0.8,"frucht":"Roggen"},"links":[{"href":"http://localhost:8080/collections/flaechen/items/flaechen-608","rel":"self","type":"application/geo+json"}]},{"type":"Feature","id":"flaechen-609","geometry":{"type":"Polygon","coordinates":[[[11.295551,51.316548],[11.296454,51.316833],[11.296395,51.316905],[11.295493,51.31662],[11.295194,51.316995],[11.29448,51.317957],[11.29572,51.318318],[11.295728,51.318321],[11.29673,51.318725],[11.297267,51.318189],[11.297321,51.31821],[11.297351,51.318174],[11.298671,51.318589],[11.299529,51.317605],[11.29574,51.316312],[11.295551,51.316548]]]},"properties":{"nutzung":"Feld","flaeche_m2":50487,"fill":"#fde68a","fill-opacity":0.5,"stroke":"#fde68a","stroke-width":0.8,"frucht":"Gerste"},"links":[{"href":"http://localhost:8080/collections/flaechen/items/flaechen-609","rel":"self","type":"application/geo+json"}]},{"type":"Feature","id":"flaechen-610","geometry":{"type":"Polygon","coordinates":[[[11.297114,51.314794],[11.296358,51.315597],[11.295757,51.31629],[11.295733,51.31632],[11.299523,51.317613],[11.301043,51.315871],[11.301043,51.315871],[11.297309,51.314597],[11.297114,51.314794]]]},"properties":{"nutzung":"Feld","flaeche_m2":66115,"fill":"#fde68a","fill-opacity":0.5,"stroke":"#fde68a","stroke-width":0.8,"frucht":"Luzerne"},"links":[{"href":"http://localhost:8080/collections/flaechen/items/flaechen-610","rel":"self","type":"application/geo+json"}]},{"type":"Feature","id":"flaechen-611","geometry":{"type":"Polygon","coordinates":[[[11.299749,51.318928],[11.300638,51.319207],[11.300941,51.3193],[11.301811,51.318194],[11.301815,51.318189],[11.30182,51.318184],[11.301826,51.31818],[11.301832,51.318176],[11.301839,51.318173],[11.301847,51.31817],[11.301855,51.318167],[11.301863,51.318165],[11.301872,51.318163],[11.301881,51.318162],[11.30189,51.318162],[11.301899,51.318162],[11.301908,51.318162],[11.301917,51.318163],[11.301926,51.318165],[11.301934,51.318167],[11.304171,51.318821],[11.304892,51.317904],[11.304894,51.317902],[11.305364,51.317346],[11.30103,51.315867],[11.30103,51.315867],[11.298658,51.318585],[11.299634,51.318892],[11.300507,51.317813],[11.300623,51.31785],[11.299749,51.318928]]]},"properties":{"nutzung":"Wiese","flaeche_m2":90830,"fill":"#bef264","fill-opacity":0.45,"stroke":"#bef264","stroke-width":0.8},"links":[{"href":"http://localhost:8080/collections/flaechen/items/flaechen-611","rel":"self","type":"application/geo+json"}]},{"type":"Feature","id":"flaechen-612","geometry":{"type":"Polygon","coordinates":[[[11.299415,51.312465],[11.297301,51.314604],[11.300671,51.315755],[11.302581,51.313566],[11.299415,51.312465]]]},"properties":{"nutzung":"Feld","flaeche_m2":72285,"fill":"#fde68a","fill-opacity":0.5,"stroke":"#fde68a","stroke-width":0.8,"frucht":"Luzerne"},"links":[{"href":"http://localhost:8080/collections/flaechen/items/flaechen-612","rel":"self","type":"application/geo+json"}]},{"type":"Feature","id":"flaechen-613","geometry":{"type":"Polygon","coordinates":[[[11.306509,51.315993],[11.307237,51.315186],[11.302569,51.313562],[11.300659,51.31575],[11.305357,51.317354],[11.306508,51.315995],[11.306509,51.315993]]]},"properties":{"nutzung":"Wiese","flaeche_m2":102444,"fill":"#bef264","fill-opacity":0.45,"stroke":"#bef264","stroke-width":0.8},"links":[{"href":"http://localhost:8080/collections/flaechen/items/flaechen-613","rel":"self","type":"application/geo+json"}]},{"type":"Feature","id":"flaechen-614","geometry":{"type":"Polygon","coordinates":[[[11.306044,51.309594],[11.306044,51.309594],[11.304402,51.311385],[11.309136,51.313083],[11.310789,51.311295],[11.306044,51.309594]]]},"properties":{"nutzung":"Feld","flaeche_m2":87337,"fill":"#fde68a","fill-opacity":0.5,"stroke":"#fde68a","stroke-width":0.8,"frucht":"Raps"},"links":[{"href":"http://localhost:8080/collections/flaechen/items/flaechen-614","rel":"self","type":"application/geo+json"}]},{"type":"Feature","id":"flaechen-615","geometry":{"type":"Polygon","coordinates":[[[11.305238,51.3145],[11.307188,51.312374],[11.304409,51.311377],[11.302438,51.313527],[11.305238,51.3145]]]},"properties":{"nutzung":"Feld","flaeche_m2":61120,"fill":"#fde68a","fill-opacity":0.5,"stroke":"#fde68a","stroke-width":0.8,"frucht":"Gerste"},"links":[{"href":"http://localhost:8080/collections/flaechen/items/flaechen-615","rel":"self","type":"application/geo+json"}]},{"type":"Feature","id":"flaechen-616","geometry":{"type":"Polygon","coordinates":[[[11.30723,51.315194],[11.308994,51.313237],[11.308994,51.313237],[11.309144,51.313075],[11.307175,51.312369],[11.305225,51.314496],[11.30723,51.315194]]]},"properties":{"nutzung":"Feld","flaeche_m2":43118,"fill":"#fde68a","fill-opacity":0.5,"stroke":"#fde68a","stroke-width":0.8,"frucht":"Roggen"},"links":[{"href":"http://localhost:8080/collections/flaechen/items/flaechen-616","rel":"self","type":"application/geo+json"}]},{"type":"Feature","id":"flaechen-617","geometry":{"type":"Polygon","coordinates":[[[11.299473,51.312407],[11.299471,51.312409],[11.299408,51.312472],[11.302451,51.313531],[11.304355,51.311454],[11.304355,51.311454],[11.301344,51.310374],[11.299473,51.312407]]]},"properties":{"nutzung":"Feld","flaeche_m2":64787,"fill":"#fde68a","fill-opacity":0.5,"stroke":"#fde68a","stroke-width":0.8,"frucht":"Mais"},"links":[{"href":"http://localhost:8080/collections/flaechen/items/flaechen-617","rel":"self","type":"application/geo+json"}]},{"type":"Feature","id":"flaechen-618","geometry":{"type":"Polygon","coordinates":[[[11.301996,51.309666],[11.301337,51.310382],[11.304348,51.311462],[11.304348,51.311462],[11.306056,51.309598],[11.306056,51.309598],[11.303092,51.308535],[11.301996,51.309666]]]},"properties":{"nutzung":"Feld","flaeche_m2":57423,"fill":"#fde68a","fill-opacity":0.5,"stroke":"#fde68a","stroke-width":0.8,"frucht":"Luzerne"},"links":[{"href":"http://localhost:8080/collections/flaechen/items/flaechen-618","rel":"self","type":"application/geo+json"}]},{"type":"Feature","id":"flaechen-619","geometry":{"type":"Polygon","coordinates":[[[11.307559,51.306574],[11.305611,51.30588],[11.304798,51.306775],[11.304796,51.306777],[11.303085,51.308543],[11.30631,51.309699],[11.308768,51.307018],[11.307559,51.306574]]]},"properties":{"nutzung":"Feld","flaeche_m2":87889,"fill":"#fde68a","fill-opacity":0.5,"stroke":"#fde68a","stroke-width":0.8,"frucht":"Gerste"},"links":[{"href":"http://localhost:8080/collections/flaechen/items/flaechen-619","rel":"self","type":"application/geo+json"}]},{"type":"Feature","id":"flaechen-620","geometry":{"type":"Polygon","coordinates":[[[11.308756,51.307013],[11.306297,51.309695],[11.308313,51.310418],[11.308313,51.310418],[11.310759,51.307749],[11.308756,51.307013]]]},"properties":{"nutzung":"Feld","flaeche_m2":55464,"fill":"#fde68a","fill-opacity":0.5,"stroke":"#fde68a","stroke-width":0.8,"frucht":"Gerste"},"links":[{"href":"http://localhost:8080/collections/flaechen/items/flaechen-620","rel":"self","type":"application/geo+json"}]},{"type":"Feature","id":"flaechen-621","geometry":{"type":"Polygon","coordinates":[[[11.311724,51.308103],[11.311722,51.308102],[11.310747,51.307744],[11.3083,51.310413],[11.3083,51.310413],[11.310781,51.311303],[11.312791,51.309129],[11.313227,51.308635],[11.311724,51.308103]]]},"properties":{"nutzung":"Feld","flaeche_m2":68202,"fill":"#fde68a","fill-opacity":0.5,"stroke":"#fde68a","stroke-width":0.8,"frucht":"Mais"},"links":[{"href":"http://localhost:8080/collections/flaechen/items/flaechen-621","rel":"self","type":"application/geo+json"}]},{"type":"Feature","id":"flaechen-622","geometry":{"type":"Polygon","coordinates":[[[11.319316,51.302529],[11.318827,51.302989],[11.321285,51.303999],[11.322951,51.304633],[11.326131,51.305788],[11.326134,51.305789],[11.327365,51.306263],[11.320996,51.301],[11.319316,51.302529]]]},"properties":{"nutzung":"Wiese","flaeche_m2":95518,"fill":"#bef264","fill-opacity":0.45,"stroke":"#bef264","stroke-width":0.8},"links":[{"href":"http://localhost:8080/collections/flaechen/items/flaechen-622","rel":"self","type":"application/geo+json"}]},{"type":"Feature","id":"flaechen-623","geometry":{"type":"Polygon","coordinates":[[[11.316767,51.299986],[11.313513,51.300807],[11.318599,51.302896],[11.319089,51.302434],[11.31909,51.302433],[11.320796,51.30088],[11.320909,51.300929],[11.320068,51.300234],[11.316767,51.299986]]]},"properties":{"nutzung":"Feld","flaeche_m2":89116,"fill":"#fde68a","fill-opacity":0.5,"stroke":"#fde68a","stroke-width":0.8,"frucht":"Luzerne"},"links":[{"href":"http://localhost:8080/collections/flaechen/items/flaechen-623","rel":"self","type":"application/geo+json"}]},{"type":"Feature","id":"flaechen-624","geometry":{"type":"Polygon","coordinates":[[[11.324338,51.30813],[11.320153,51.306562],[11.318929,51.30784],[11.323113,51.309408],[11.323113,51.309408],[11.324338,51.30813]]]},"properties":{"nutzung":"Wald","flaeche_m2":56263,"fill":"#4d7c0f","fill-opacity":0.5,"stroke":"#4d7c0f","stroke-width":0.8,"baumart":"Kiefer"},"links":[{"href":"http://localhost:8080/collections/flaechen/items/flaechen-624","rel":"self","type":"application/geo+json"}]},{"type":"Feature","id":"flaechen-625","geometry":{"type":"Polygon","coordinates":[[[11.323121,51.3094],[11.323121,51.3094],[11.318936,51.307832],[11.317053,51.309799],[11.321216,51.311388],[11.323121,51.3094]]]},"properties":{"nutzung":"Wald","flaeche_m2":87039,"fill":"#4d7c0f","fill-opacity":0.5,"stroke":"#4d7c0f","stroke-width":0.8,"baumart":"Kiefer"},"links":[{"href":"http://localhost:8080/collections/flaechen/items/flaechen-625","rel":"self","type":"application/geo+json"}]},{"type":"Feature","id":"flaechen-626","geometry":{"type":"Polygon","coordinates":[[[11.316861,51.309725],[11.316865,51.309727],[11.317065,51.309803],[11.318784,51.308009],[11.318784,51.308009],[11.31526,51.306688],[11.313597,51.30857],[11.316861,51.309725]]]},"properties":{"nutzung":"Wald","flaeche_m2":66408,"fill":"#4d7c0f","fill-opacity":0.5,"stroke":"#4d7c0f","stroke-width":0.8,"baumart":"Buche"},"links":[{"href":"http://localhost:8080/collections/flaechen/items/flaechen-626","rel":"self","type":"application/geo+json"}]},{"type":"Feature","id":"flaechen-627","geometry":{"type":"Polygon","coordinates":[[[11.320166,51.306567],[11.316582,51.305224],[11.316087,51.305752],[11.315253,51.306696],[11.318777,51.308016],[11.320166,51.306567]]]},"properties":{"nutzung":"Feld","flaeche_m2":54304,"fill":"#fde68a","fill-opacity":0.5,"stroke":"#fde68a","stroke-width":0.8,"frucht":"Roggen"},"links":[{"href":"http://localhost:8080/collections/flaechen/items/flaechen-627","rel":"self","type":"application/geo+json"}]},{"type":"Feature","id":"flaechen-628","geometry":{"type":"Polygon","coordinates":[[[11.321141,51.304144],[11.321137,51.304142],[11.318677,51.303132],[11.31811,51.303666],[11.317074,51.3047],[11.316575,51.305232],[11.320784,51.306808],[11.322749,51.304756],[11.321141,51.304144]]]},"properties":{"nutzung":"Wiese","flaeche_m2":91688,"fill":"#bef264","fill-opacity":0.45,"stroke":"#bef264","stroke-width":0.8},"links":[{"href":"http://localhost:8080/collections/flaechen/items/flaechen-628","rel":"self","type":"application/geo+json"}]},{"type":"Feature","id":"flaechen-629","geometry":{"type":"Polygon","coordinates":[[[11.32433,51.308137],[11.326319,51.306061],[11.325992,51.305935],[11.324912,51.305543],[11.322929,51.307613],[11.32433,51.308137]]]},"properties":{"nutzung":"Wiese","flaeche_m2":30576,"fill":"#bef264","fill-opacity":0.45,"stroke":"#bef264","stroke-width":0.8},"links":[{"href":"http://localhost:8080/collections/flaechen/items/flaechen-629","rel":"self","type":"application/geo+json"}]},{"type":"Feature","id":"flaechen-630","geometry":{"type":"Polygon","coordinates":[[[11.322737,51.304752],[11.320771,51.306804],[11.322942,51.307617],[11.324924,51.305547],[11.322812,51.30478],[11.32281,51.304779],[11.322737,51.304752]]]},"properties":{"nutzung":"Wiese","flaeche_m2":47050,"fill":"#bef264","fill-opacity":0.45,"stroke":"#bef264","stroke-width":0.8},"links":[{"href":"http://localhost:8080/collections/flaechen/items/flaechen-630","rel":"self","type":"application/geo+json"}]},{"type":"Feature","id":"flaechen-631","geometry":{"type":"Polygon","coordinates":[[[11.321204,51.311384],[11.325598,51.313062],[11.32561,51.313067],[11.32562,51.313072],[11.32563,51.313078],[11.325637,51.313071],[11.32564,51.313069],[11.326279,51.312471],[11.326281,51.312469],[11.328068,51.310919],[11.323372,51.30912],[11.321204,51.311384]]]},"properties":{"nutzung":"Feld","flaeche_m2":108851,"fill":"#fde68a","fill-opacity":0.5,"stroke":"#fde68a","stroke-width":0.8,"frucht":"Roggen"},"links":[{"href":"http://localhost:8080/collections/flaechen/items/flaechen-631","rel":"self","type":"application/geo+json"}]},{"type":"Feature","id":"flaechen-632","geometry":{"type":"Polygon","coordinates":[[[11.325264,51.309856],[11.328148,51.30691],[11.327592,51.306451],[11.32752,51.306524],[11.326307,51.306056],[11.323364,51.309128],[11.325264,51.309856]]]},"properties":{"nutzung":"Wiese","flaeche_m2":62358,"fill":"#bef264","fill-opacity":0.45,"stroke":"#bef264","stroke-width":0.8},"links":[{"href":"http://localhost:8080/collections/flaechen/items/flaechen-632","rel":"self","type":"application/geo+json"}]},{"type":"Feature","id":"flaechen-633","geometry":{"type":"Polygon","coordinates":[[[11.32806,51.310926],[11.328835,51.310253],[11.330398,51.308815],[11.330511,51.308863],[11.328138,51.306903],[11.325252,51.309851],[11.32806,51.310926]]]},"properties":{"nutzung":"Feld","flaeche_m2":80490,"fill":"#fde68a","fill-opacity":0.5,"stroke":"#fde68a","stroke-width":0.8,"frucht":"Kartoffeln"},"links":[{"href":"http://localhost:8080/collections/flaechen/items/flaechen-633","rel":"self","type":"application/geo+json"}]},{"type":"Feature","id":"flaechen-634","geometry":{"type":"Polygon","coordinates":[[[11.256574,51.330457],[11.255377,51.329496],[11.254037,51.328514],[11.252643,51.32756],[11.252601,51.327532],[11.251138,51.328393],[11.251044,51.328331],[11.25261,51.32962],[11.256574,51.330457]]]},"properties":{"nutzung":"Wiese","flaeche_m2":45550,"fill":"#bef264","fill-opacity":0.45,"stroke":"#bef264","stroke-width":0.8},"links":[{"href":"http://localhost:8080/collections/flaechen/items/flaechen-634","rel":"self","type":"application/geo+json"}]},{"type":"Feature","id":"flaechen-635","geometry":{"type":"Polygon","coordinates":[[[11.250961,51.328262],[11.252414,51.327408],[11.248785,51.324995],[11.247505,51.324171],[11.246274,51.32342],[11.243153,51.321652],[11.243237,51.321902],[11.250961,51.328262]]]},"properties":{"nutzung":"Feld","flaeche_m2":76110,"fill":"#fde68a","fill-opacity":0.5,"stroke":"#fde68a","stroke-width":0.8,"frucht":"Gerste"},"links":[{"href":"http://localhost:8080/collections/flaechen/items/flaechen-635","rel":"self","type":"application/geo+json"}]}]}